ID,Year,StateName,StateAbbr,Feat-1,Feat-2,Feat-3,Feat-4,Feat-5,Feat-6,Feat-7,Feat-8,Feat-9,Feat-10,Feat-11,Feat-12,Feat-13,Feat-14,Feat-15,Feat-16,Feat-17,Feat-18,Feat-19,Feat-20,Feat-21,Feat-22,Feat-23,Feat-24,Feat-25,Feat-26,Feat-27,Feat-28,Feat-29,Feat-30,Feat-31,Feat-32,Feat-33,Feat-34,Feat-35,Feat-36,Feat-37,Feat-38,Feat-39,Feat-40,Feat-41,Feat-42,Feat-43,Feat-44,Feat-45,Feat-46,Feat-47,Feat-48,Feat-49,Feat-50,Feat-51,Feat-52,Feat-53,Feat-54,Feat-55,Feat-56,Feat-57,Feat-58,Feat-59,Feat-60,Feat-61,Feat-62,Feat-63,Feat-64,Feat-65,Feat-66,Feat-67,Feat-68,Feat-69,Feat-70,Feat-71,Feat-72,Feat-73,Feat-74,Feat-75,Feat-76,Feat-77,Feat-78,Feat-79,Feat-80,Feat-81,Feat-82,Feat-83,Feat-84,Feat-85,Feat-86,Feat-87,Feat-88,Feat-89,Dia-Class
id_001,2011,Alabama,AL,26.23,26.2,27.53,20.04,67.62,26.54,0.59,1.3,3.94,0.75,0.79,1.54,0.22,1.43,1.65,1.38,1.61,19.2,14.2,28.7,36.5,45.7,39.9,55,42,52.3,35.5,43.2,14.9,8,41.2,74.1,37,86.9,79.2,80.8,68.1,9.3,12.9,48.6,48.2,57.3,64.7,48.9,62.9,40.8,79.2,80.5,36.1,38.5,68.7,49.5,64.8,56.3,65,69.9,36.9,39.9,68.1,39,79.1,63.1,63.2,61.5,53.8,36.3,32.1,44.5,17,26.3,32.1,66.4,31.5,45.2,20.3,60.6,21.2,47,56.4,22.3,22.4,59.4,25.1,62,24.6,6.6,55.4,5.2,2.6,2
id_002,2011,Alaska,AK,28.85,28.96,28.72,13.46,66.8,4.07,16.16,7.14,5.83,0.12,0.11,0.23,0.04,0.2,0.23,0.24,2.42,10.5,20.1,22.9,30,33.1,62,53.2,29.4,44.9,30,30.9,19.3,8.5,38.2,70.9,32.8,87.1,69.4,77.2,61.6,5.7,9.3,48.2,41.2,54.4,63.2,52.7,67.1,38.7,76,73.8,30.6,31,51.7,25.1,53.6,66.2,57.5,62.1,35.6,20.5,52.6,45.3,65.2,74.9,59.1,68.2,61.9,33.3,22.2,57,24.4,37.2,27.6,66.5,32.1,38.2,19.1,65.8,15.2,33.1,65,22.7,16.4,64.2,19,61.9,22.1,5.8,57.6,7.4,2.5,0
id_003,2011,Arizona,AZ,27.83,26.86,25.39,19.92,58.34,4.29,4.22,3.24,29.91,1.03,1.04,2.08,0.34,1.82,2.16,2.18,1.63,20.2,17.7,22.6,29.6,34.4,48.6,51.5,33.4,41,23,32.5,15.2,9.6,29.7,62.6,35.5,77.4,74.6,78.2,62.2,5.1,8.6,44.4,34,53.6,68.8,45.2,66.6,22.8,73.6,77.4,35.5,26.7,53.5,34.3,60,44.8,64.2,62.4,31,33.6,53.9,39.5,69.6,63.9,61.5,57.7,56.6,32.8,23.9,52.7,22.8,33,25,62.2,35.2,41.6,18.9,60.5,12.9,32,64.4,22.5,17.2,64.1,26.5,67.2,19.3,3.1,54.8,6.8,3.4,1
id_004,2011,Arkansas,AR,26.97,26.13,26.42,20.48,75.25,15.77,0.78,1.62,6.58,0.46,0.48,0.94,0.13,0.87,1,0.86,1.58,19.5,15,27,35.2,39.6,62.2,57.3,35.4,48.3,38,41.7,16.4,9.5,38,68.2,33.4,90.8,70.8,78.3,62.2,7.5,12.5,57.6,49.9,64.4,68.5,48.2,61.4,48.5,73.7,72.9,33.6,33.8,66,33.8,60,49.6,54.9,63.5,42.5,31.5,60.9,35.5,77.6,45.2,58.2,53.3,53.5,36.3,30.2,44.4,16.4,28,30.9,64.6,33.1,40.3,20.2,56.4,22.8,46.2,55.7,29.5,24,61.5,26.5,60.9,27.3,7.4,58.2,6.5,2.8,1
id_005,2011,California,CA,27.51,28.66,27,16.82,41.06,6.32,0.55,14.16,37.91,6,6.08,12.08,0.82,9.55,10.37,10.26,2.1,16.4,18.5,20.6,26.4,29.5,26.1,46.5,26.8,36,18.3,31.1,16.7,8.4,37.4,66.9,36.6,82.1,80.8,82,66.1,4.5,6.8,33,31.6,48.9,63.2,51.3,58.1,38.6,76.4,78.7,33,27.9,51.5,28.9,62,59.6,63.5,63.6,16.4,39.4,64.7,41.6,76.1,64.3,81.9,59.5,59.4,33.7,19.2,56.1,23.3,34.5,23.7,60.2,37.7,43.1,22.6,66,8.9,27.8,66,21.6,18.6,64.4,26.2,58.9,13.6,1.4,57,6.2,2.6,0
id_006,2011,Colorado,CO,26.82,28.34,27.93,16.9,70.83,4.32,0.75,3.22,20.88,0.82,0.82,1.64,0.18,1.51,1.69,1.85,2.02,14.4,20.3,21.6,29,29.6,37.5,46.4,23.8,36.9,19.3,26.8,16,8.3,47.4,78.5,35.7,90,72.6,80.7,67,4.7,7,40.9,28.4,59.9,68.5,60,66.4,35.3,84.4,78.2,29.2,24.8,49.2,36.7,66.9,58.9,54,52.7,31.5,50.5,70.4,46.5,80.9,71.8,69.3,57,58.3,40.3,16.5,59.4,26.2,37.7,20.5,55.8,41.9,50.1,25,66.7,10.9,28.4,69.9,21.2,13.9,69.6,24.8,67.2,18.1,4.5,57.9,6.6,2.2,0
id_007,2011,Connecticut,CT,25.42,24.22,30.06,20.31,71.61,10.11,0.26,4.19,13.84,0.56,0.59,1.15,0.09,1.04,1.13,1.16,2.91,10,19.1,20.6,27.9,30.2,28.3,48.7,26.3,31.2,33,27.9,12.9,10.1,44.2,75.3,36.1,88,83.5,86,73.6,5.7,8.2,50.4,34,45,60.1,56.5,54,41.6,75.5,82.2,31.4,27.7,59.2,35.5,62.7,35.5,53.2,56.4,35.1,33.7,63.7,37.1,77.2,67.1,60.3,64.3,71.1,38.1,25.1,52.3,22.6,31.3,24.2,58.9,39.1,46,29,75.3,10.7,31,68.6,15.3,14.3,63.7,20.7,59.7,17.6,1.7,61,6.8,1.8,0
id_008,2011,Delaware,DE,25.56,25.57,27.95,20.92,65.82,21.91,0.36,3.54,8.37,0.14,0.15,0.29,0.05,0.26,0.31,0.29,2.02,12.4,21.4,24.5,31.2,37.8,47.1,45,29.7,43.1,28.7,27.5,13.8,10,41.1,72.4,38.8,89.5,82.6,83.3,70.9,5,7.1,43.5,31.9,46.3,62.7,61.3,66.2,27.2,76.3,82,35.2,32.6,60.7,44.2,65.9,56.3,51.6,65.1,25.7,39.9,68.4,48.6,72.3,84.7,74.1,64.4,60.2,39.4,26.6,48.9,21.4,30,28.7,63.4,34.9,47.1,26.8,66.2,16,38.8,64.6,12.8,13.9,61.3,23.4,67.2,22.5,2.4,62.8,7.6,2.4,0
id_009,2011,District of Columbia,DC,20.45,38.81,24.35,16.39,35.96,50.21,0.28,3.94,9.62,0.09,0.1,0.2,0.02,0.2,0.23,0.42,3.09,18.9,23.9,21.9,36.5,37,40.8,54.4,31.9,39.2,30,30.4,14.5,10,47.8,63.5,37.1,72.3,82.2,84,70.1,4.7,7.6,30.9,36.7,56.1,70.8,57.1,66,27.4,63.7,85.4,33.8,31.1,62.9,47.8,57.5,55.7,56.1,61.5,22.7,44.6,57.9,52.1,73.9,78.5,79.4,63,63.8,38.5,20.2,56.1,25,34.6,24,53.7,44.6,41.9,26.6,72,12.4,36,69.1,8.4,14.3,64.6,34.7,60.9,20.3,1.4,64.9,9.2,2.8,1
id_010,2011,Florida,FL,23.54,25.06,27.54,23.87,58.14,15.87,0.29,2.77,22.93,2.99,3.12,6.12,1.17,5.68,6.85,5.35,1.87,17,18.3,23.7,29.4,34.4,48.5,60.2,38.3,50.8,29.6,36.5,18.8,7.6,30.4,64.1,40.7,82.3,78.7,79.4,66.4,7.3,10.5,39.5,38.4,49.9,67.8,41.7,59.2,29.2,78.1,80.3,36.1,30.7,60,33.1,61.6,54.9,69.7,59.4,31.5,29.6,56.3,26,72.4,61.2,61.9,52.2,53.4,28.4,26.3,51.1,22.7,32.2,26.5,62.8,35.4,40.5,16.9,61.7,14,36,60.8,30.6,19.5,61.9,19.1,63.5,20,3.3,62.5,7.6,3,1
id_011,2011,Georgia,GA,28.31,27.76,27.61,16.33,56.24,31,0.25,3.62,8.88,1.54,1.61,3.15,0.37,2.74,3.11,2.81,1.7,19.2,16.5,23.6,30.2,42.4,56,56,36,43.9,33.3,33.3,16.4,9.6,38.3,64.7,40.6,79.2,79.6,81.9,66.3,7,10.5,48.6,40.6,61.4,70,49.2,64,30.5,76.9,79.7,34.2,32.7,66.7,25.1,57.5,63.8,57.8,64.1,27.2,36.1,56.2,45.1,69.8,61.5,75.9,58.4,54.9,33.9,26.9,48.3,21.1,29.5,27.8,62.5,35.4,43.1,20,62.1,18.8,42.9,62.1,29.3,19,60.6,23.7,57.9,20.9,4.4,60.1,6.2,2.9,1
id_012,2011,Hawaii,HI,24.58,27.27,27.17,20.98,21.82,2.28,0.26,66.72,8.92,0.22,0.22,0.44,0.05,0.35,0.39,0.44,1.97,8.4,22.4,17.2,24.5,25.5,30.5,40.9,26.3,33.3,19.9,22.8,20.4,9.5,44.5,70.6,27.5,79,84.1,80.5,70.4,4.2,6.1,36.2,32.4,35.7,48.6,66.2,63,29.3,75,76.4,32.1,27.1,60.4,40.8,64.2,50.8,57.6,56.1,21,54.7,68.3,41.1,72.3,70.7,75.2,63.5,65.9,41.7,21.1,56.6,25,36.3,22.2,55.8,41.5,40.7,26.6,72.3,6.3,23.7,65.4,11.4,14.6,55.8,21.3,57.2,17.1,1.9,52.6,7.5,3.1,0
id_013,2011,Idaho,ID,29.92,26.32,25.39,18.37,84.88,0.84,1.28,1.56,11.44,0.25,0.25,0.51,0.07,0.44,0.51,0.56,1.54,15.4,16.6,22.3,29.3,33.6,32.1,55.8,26.1,39.8,22.2,34.9,18.6,9.2,37.7,64,40.3,82.1,67.7,73.3,61.3,5.1,8.3,38.5,41.7,60.3,67.8,50.1,66,35.8,80.3,71.9,32.3,28.9,52.8,24.3,57.3,55.7,59.7,58.4,40.7,45.4,65.5,48.6,80.3,67.6,51.7,47.3,53.8,31.3,21.5,55.2,21.8,35.6,27,62.4,35.4,41.3,18.2,65.4,14.8,33.2,66.8,26.5,15.2,66.8,22.2,66.9,17.2,4.8,53.7,6.1,2.4,1
id_014,2011,Illinois,IL,26.86,27.24,27.63,18.26,64.04,14.72,0.2,5.01,16.02,2.03,2.1,4.13,0.34,3.66,4,3.86,2.03,14.8,23.4,23.4,31.4,27.3,41.9,46.9,25.5,43.7,28.2,30.2,15.4,8.1,28.3,69.1,32,72.9,78.3,80.7,63.6,6,8.1,40.1,38.2,47.1,62.7,45.6,58.4,42.8,72.4,76.7,33.2,30.2,61.1,29.2,56.8,51.2,52.1,49.2,27.8,43.5,57.6,51.7,72.4,68.4,64.7,56.7,57.2,33.5,25,50.8,21.7,30.5,27,63.9,34.3,41.2,21.4,66.4,14.8,36.9,66.5,20.2,17.1,64.7,24.8,55.7,20.9,3.5,58,8.6,2.7,1
id_015,2011,Indiana,IN,27.51,26.1,27.53,18.86,82.04,9.68,0.27,1.87,6.14,1.03,1.06,2.09,0.22,1.9,2.12,2.33,1.74,16.1,18.3,26.3,33.4,42.6,42.5,47.1,28.7,41,32.7,35.1,14.8,9.6,36.8,63.8,35.7,85.8,72.8,78.1,63.9,8,12.2,50.7,41.8,58.2,69.1,50.7,68.8,33.9,79.6,75.4,33.1,31.5,62.5,36.9,64.1,56.8,61.7,60.6,34.2,32,66.6,41.9,80.1,64,54.9,60.5,55.4,34.1,28.9,45.1,17.5,26.9,30.8,65.4,32.6,41.6,19.1,62.5,19,40.3,61.2,24,18.5,60.8,26.2,69.8,25.9,5.1,56.7,6.1,2.1,1
id_016,2011,Iowa,IA,26.75,25.47,27.01,20.78,88.98,3.46,0.32,2.07,5.16,0.49,0.5,0.98,0.09,0.93,1.01,1.21,1.89,11.7,24.2,22.5,28.1,36,34,41.1,22.3,30.4,26.7,25.6,15.5,8.5,46.9,75.2,38.8,91,79.7,82.7,68,4.7,7.5,44.2,42,51.1,65.5,62.4,68.3,58.3,81.4,76.5,32,27.8,57,31.5,71.7,63.7,55.9,61.4,30.7,59.2,73.1,43.4,77.4,80.5,75.6,75.3,62.2,45.5,25.4,48.2,19.1,27.8,28.8,64.5,34,49.6,28.5,70.1,14.4,34.5,69.2,14.7,12.3,66.6,24,62.9,21.1,4.5,53.4,8.3,1.3,0
id_017,2011,Kansas,KS,28.26,26.43,26.48,18.83,79.05,6.48,0.99,2.73,10.75,0.46,0.46,0.92,0.09,0.84,0.93,1.04,1.98,14,17.5,22.1,28.3,36.4,38.2,47.3,27.8,39.2,32.1,28.8,13.2,8.8,42.8,74.5,37.4,85.9,75.3,80.8,65.1,6.4,9.7,54.6,44.2,48.2,63.6,54.6,63.3,28,80.4,75.7,32.9,29.9,58.9,34.6,70.4,60.1,55.1,60.1,26.4,45.5,71.7,42.6,79.9,68.3,65.1,60.8,56.7,41,26.6,49.1,19.2,29.5,29.6,64.4,33.8,45.9,22.6,67.1,15.4,33.6,66.8,20.4,14.7,65.7,23.1,63.8,22.2,5.5,53.8,5.4,2.3,1
id_018,2011,Kentucky,KY,26.11,26.25,28.07,19.58,87.01,8.29,0.21,1.33,3.16,0.69,0.71,1.4,0.16,1.3,1.46,1.29,1.6,19.6,17,30.4,36.3,41.7,57.3,57.3,38,55.8,35.4,40.2,13,10.3,41.5,67.5,36.5,87.5,76.9,80.9,67.5,9.5,13.7,52.1,47.8,62.4,71.2,55.8,67.4,44.7,79.4,78.5,35.7,36.5,64.5,33.6,65.6,42.1,62,80.6,43.3,53.7,71.2,51.6,77.3,62.7,60.4,56.1,53.3,37.9,28.8,43.4,17.1,27.3,30.3,66.2,31.8,47.4,23.2,60.6,24,49.2,58.2,22.8,21.6,57.8,25.7,72.2,29.5,7,53,5.8,2.4,1
id_019,2011,Louisiana,LA,27.18,27.67,27,18.16,60.71,32.47,0.68,1.74,4.41,0.72,0.75,1.47,0.18,1.31,1.49,1.3,1.8,20.2,16.3,24.9,32.1,38.2,45.6,54.7,45.7,52.3,40.2,46.1,13.9,6.4,46.5,73.9,38.9,77.7,80.2,82.9,64.6,6.7,9.9,42.8,35.6,49.8,68.6,61.2,63.6,34.2,80.4,76.6,34.1,37.8,70.5,35.9,76.5,55.6,53.7,69.6,30.6,42.5,73.1,34.4,74.8,68,70.9,65.6,46.7,40.2,33.8,45.5,18.6,27.6,33.5,67.8,30.4,42.1,18.5,57.7,21.5,46.2,57,27,22.7,60.7,20.7,54.9,25.9,4.5,59.2,6.2,2.5,2
id_020,2011,Maine,ME,23,22.74,30.82,23.43,95.27,1.48,0.74,1.17,1.33,0.21,0.22,0.43,0.12,0.42,0.55,0.44,1.82,13,19.2,26.4,33,35.2,42.3,56.6,27.3,47.9,24,29.8,14.2,12.4,42.8,68.5,40.3,89.3,82,83.7,74.6,7,10.9,47.2,36.2,63.3,71.8,56.6,68.8,35,78.9,81.9,34.6,28.7,59.1,38.4,65.7,67.5,55.6,62.2,49.6,37.4,68.1,61.6,82.8,87.1,79.6,62.5,58.3,38.4,22.1,52.8,20.3,33.9,27.4,64.2,34.2,47,27.4,64.2,18.3,40.7,62,15.8,15,64.9,24.2,60.5,24.5,3.1,57.2,8.1,2.1,0
id_021,2011,Maryland,MD,25.95,26.54,29.26,18.25,55.15,29.99,0.3,6.14,8.43,0.91,0.97,1.87,0.17,1.64,1.81,2.03,2.39,9.6,18.6,22.3,29,32.4,33.6,47.6,32.3,39.1,32.4,25.3,15.3,8.4,40.1,68.4,38.4,79.8,82,84.2,71,5.8,8.1,50.6,41.6,53.4,54.2,53.3,62.1,46.2,80.5,83.6,32,30.1,65,40.4,66.4,51.1,50.9,64.5,21.6,43.9,69.9,42.7,81.8,70.4,76.1,63.1,61.9,40.4,25.8,50.7,22.5,29.3,28.1,64,34.3,47,27.4,68.6,12.1,35.2,65.9,15.5,13.8,60.5,21.4,59.1,19.1,2.2,58,6.2,1.8,1
id_022,2011,Massachusetts,MA,24.51,26.58,29.04,19.87,77.01,6.91,0.22,5.9,9.95,1.03,1.1,2.12,0.2,1.94,2.13,2.55,2.53,11.4,21.4,22.1,29.9,34.9,37.2,49.3,26.7,35.5,27.8,26.6,14.2,10.8,48,68.5,39,81.4,87.2,84.7,75.8,5.5,8.5,42.9,35.8,53.4,60.4,58.6,64.7,26.9,79.1,84.8,30.4,27.8,59.5,41.7,66.2,49,58.4,54.3,27.4,50.5,70.6,44.7,78.8,81.5,69.3,75.3,66.8,43.6,23.2,52.3,22.1,31.6,22.5,58.9,39.3,45.1,30.8,74.2,14.4,36.3,66.4,8,13.6,63.8,23.9,64.8,18.6,1.8,59.5,8.1,1.8,0
id_023,2011,Michigan,MI,26.27,24.76,28.78,20.19,77.34,14.68,0.7,2.76,4.52,1.56,1.62,3.17,0.49,2.93,3.42,2.95,1.74,16.6,20.5,29.2,37.5,49.7,49.2,51.7,25.7,41.3,29.6,28.9,8.1,9.9,39.1,73.1,40.2,89.4,80.2,83.3,71.1,7.5,11.6,50.2,43.6,52.7,61.6,50.9,62.3,49.8,74.4,79.5,36.3,32.3,60.1,54.4,58.9,50.5,60.7,76.5,33.6,48.9,63.4,47.7,74.5,78.8,78.8,57.8,63.1,34.4,23,51.3,20.4,31.9,31.1,65,33.4,43.8,22.9,68.8,13.3,34.5,65.3,18.8,16.8,59.7,25.1,64,23.8,4.7,61.4,7.1,2.9,1
id_024,2011,Minnesota,MN,26.78,26.23,28.27,18.73,83.67,5.83,1.2,4.49,4.81,0.85,0.86,1.72,0.19,1.59,1.78,2.2,2.08,11.4,22.7,19.5,25.4,30.7,35.7,45.7,24,33.7,23.7,28.2,13.6,6.9,50.9,72.1,35.6,91.5,81.6,83.3,71.9,4,5.8,40.5,40.3,51.9,70.2,59.1,63.2,37.9,83.5,79.1,31,25.3,58.2,36.3,66.6,65.6,59.3,52,31.1,53.6,68.5,43.6,86.4,81.2,69.4,62,64.5,42.7,21.8,53.9,22.2,32.3,25.6,62.2,36,48.1,29,72.6,10.5,27.6,72.3,13.8,11.7,67.7,22.3,70.7,19.1,5,55.9,7.9,1.6,0
id_025,2011,Mississippi,MS,28.13,26.56,26.57,18.75,58.3,37.39,0.49,1.01,2.81,0.46,0.49,0.96,0.12,0.84,0.96,0.7,1.5,24.1,14.7,28.3,35.2,42.9,41.9,54.8,42.4,50,37.5,40.9,14.1,7.7,33.4,70.2,30.6,78.6,71.6,81.9,60.8,8.1,11.9,44.2,41.4,51.3,64.9,57.8,62.7,30,80.4,74,36.2,38.6,68.5,42.3,67.5,42.8,56.1,62,31.4,44.7,68.9,40.3,76.8,66.4,69.2,59.6,51,34.8,36.1,40,16,23.5,35.1,69.1,28.8,44.9,17.5,56.5,23.8,51.7,51.4,31.1,23.7,61.7,20.7,66.5,26.1,8.3,60.8,4.7,2.3,2
id_026,2011,Missouri,MO,26.37,26.03,27.54,20.06,81.76,12.1,0.52,1.98,3.65,0.95,0.98,1.93,0.25,1.8,2.05,2.05,1.77,16.8,20.3,27.2,34.4,53.9,54.3,52,30.8,41.6,37.3,34.2,10.5,9.1,40.1,65.5,41.3,90.3,75.3,80.2,65.2,7.7,12,55.6,49.5,48.8,68.7,45.5,64.6,38.8,82,76.7,34.6,32.5,62.4,27,65.5,47.7,62.3,74.1,46.2,26.4,69.2,31.3,82.8,55.3,62.8,68.8,55.4,36.9,28,47.5,18.2,28.8,30.1,64.8,33.7,49.9,23,61.6,20.3,43.6,61.5,21.6,17.6,63.5,24.4,64.3,25.5,5.5,51.6,7.4,2.2,1
id_027,2011,Montana,MT,25.16,24.94,28,21.89,88.83,0.71,6.59,0.83,3.04,0.16,0.16,0.32,0.05,0.31,0.37,0.36,1.76,14.6,22.2,24.1,29.9,42.2,53.1,49.4,26,39.2,29.7,32.1,16.3,9.4,35.7,64.1,34.2,87,71.8,79.4,60.4,5.6,8.3,54.3,49.7,63.3,68.8,46,66.9,41.2,81,73.9,27.9,27.8,53.9,27.8,63.1,55.3,52.3,68,49.2,43.1,62.5,42.4,82.2,65.8,66.2,53.3,58.7,32.5,23.6,58.3,24.6,39.6,24.2,59.8,38.8,45.4,18.9,63.5,15.5,35.7,66,24.4,16.2,67.7,27.9,69.1,22.4,7.6,51.3,7.6,2.4,0
id_028,2011,Nebraska,NE,28,26.51,26.35,19.14,82.54,5.06,0.89,2.03,9.47,0.29,0.3,0.59,0.06,0.55,0.6,0.65,2.11,11,23.5,22.2,28.9,32.1,40.9,43.2,20.5,33.7,28.8,24.9,13.8,7.3,39.8,66,38.8,84.2,75.1,80.8,64.9,4.8,7.2,49.6,39.9,53.7,61.5,50.7,65.4,39.9,80.8,75.6,32.8,27.3,58.4,37.2,65.8,67.9,57.4,54.4,30.4,51.5,66.3,44.8,80.4,71.1,66.2,67.3,62.8,40.3,26,49.4,20.1,28.9,28.6,65,33.4,46.9,25.4,67.5,13,30.5,69.5,19.4,14,66.9,23.6,66.7,20.3,5.7,54.5,7.5,2.1,0
id_029,2011,Nevada,NV,26.68,27.79,27.21,18.32,54.98,8.63,1,8.5,26.89,0.44,0.43,0.87,0.12,0.77,0.89,0.73,1.78,15.4,18.6,22.4,26.5,36.1,40.6,51.6,36,45.6,28.7,34.4,19.2,8,33,65.7,35.5,91.3,73.6,77.2,61,7.1,11.3,53.5,42.5,51.5,70.3,46.8,57.5,33.9,79.7,75.4,33.7,30.4,53.9,24.8,58.7,59,79.2,57.7,30.8,32,60.2,55,75,62.1,62.8,59.9,54.1,27.5,24.1,51,22,32.1,24.3,59.7,37.6,40.9,16.5,61.3,14.7,37.1,61.5,32.2,20,61.2,22.8,65.4,22.7,2.4,50.3,6.7,2.5,1
id_030,2011,New Hampshire,NH,24.34,23.45,31.67,20.54,92.95,1.36,0.27,2.49,2.93,0.21,0.21,0.42,0.07,0.39,0.47,0.47,2.27,8.9,19.9,23.9,32.1,40.4,60.6,53.1,26,45.8,27.8,27.7,16.1,11.2,43.9,61.2,36.7,91.7,81.9,83.6,73.9,6,8.8,56.4,34.9,62.3,72.1,50.1,72.5,52.9,75.7,82.1,34,28.8,54.1,34.5,60.4,53.2,61.5,63.2,42,55,62.2,62.2,82.2,77.5,73.1,66.2,57.3,38.4,22.3,55.5,23.7,35.5,26,61,37,46.9,27.1,69.7,12.6,33.8,67.3,16.4,13.2,64.8,23.4,65.6,20.4,3.3,55.1,8,2.3,0
id_031,2011,New Jersey,NJ,25.8,25.32,29.49,19.39,59.47,13.34,0.19,8.85,18.15,1.38,1.45,2.83,0.26,2.44,2.7,2.73,2.44,11.5,19.1,20.6,29.1,29.2,31,48.1,33.3,35.8,28.9,29.5,15.2,9,38.5,71.6,32.5,80.6,79.2,82.2,65.1,4.9,7.3,34.7,33.6,48.1,57.8,52.5,57.5,38,76.1,81.6,33.2,28.7,57.8,35.6,65.8,45.9,60.2,49.3,21.2,33.8,68.8,27.1,75.4,57.3,55.1,62.1,67.5,35.1,26.1,49.1,21.6,29.6,23.2,60.6,37.7,42,22.8,70.6,11.7,33.6,64.6,18.4,15.6,60.8,21,54.6,17,1.7,61.3,6,1.9,0
id_032,2011,New Mexico,NM,27.77,26.11,26.48,19.64,40.79,2.06,8.8,1.55,46.8,0.33,0.34,0.67,0.08,0.6,0.68,0.63,1.62,23.4,17,23.3,29.2,29.7,42.3,53.2,34.5,41.1,28.1,34.3,18.2,10.1,43,62.4,39.3,85.9,72,78.8,60.2,5.9,9.5,36.2,36.9,45.1,67.2,42.8,63,31.4,74,72.5,31.2,27.4,56.9,44.5,60.3,62.1,50.9,56.2,31.6,44.3,63.5,35.7,77.1,71.2,68,53.5,58.1,39.1,25.2,54.5,24,34.5,26.6,62.4,35.4,42,19.8,62.3,15.4,36.2,63,26.3,19.4,65.7,25.3,50.9,21.7,4.3,62,5.8,2.9,1
id_033,2011,New York,NY,24.9,27.53,28.12,19.45,58.68,15.09,0.36,7.96,17.91,3.03,3.23,6.26,0.59,5.55,6.14,5.63,2.34,15.4,20.2,23,28.2,33.2,34.8,53.5,34.1,45.4,31.4,31.7,11,9.7,38.8,73.1,33.6,82.6,80.5,81.7,69.3,5.7,8.4,35.9,34.9,48.7,63.9,54.2,72.5,41,79.3,81.7,34.1,29.2,58.8,35.9,62.8,35.8,68,54.9,26.6,33.1,64.8,33.2,74.6,67.4,75.1,64.9,60.5,36.1,26.1,48.4,20.9,29.3,24.1,59.7,38.2,39.7,23.8,67.8,13.8,37.7,61.7,17.8,16.3,60.6,24.6,60.8,18.3,2.3,64.7,6.2,2.8,1
id_034,2011,North Carolina,NC,26.49,26.7,27.71,19.11,65.88,21.92,1.21,2.5,8.49,1.51,1.59,3.1,0.44,2.86,3.29,3.02,1.7,16.3,15.7,24.1,31.6,33.8,39.9,53.5,35.4,42.8,31.3,33.6,21.8,8.8,39,69.1,38.8,84.2,79.7,84.2,70.1,6.6,10.4,39.8,37.7,56.2,63.1,56.2,65.1,29.7,80,80.4,34.1,31.2,71.7,40.3,68.5,51.9,57,61.8,27.4,45.7,70.2,49,79.1,75,75.7,67.6,56.8,40.5,26.3,48.9,19.8,28.5,29,64.9,33.5,51.8,27.3,64.7,19,44.9,61.2,25.1,19.1,63.9,19.6,70.3,21.9,5.2,61.1,5.7,2.1,1
id_035,2011,North Dakota,ND,25.56,28.19,26.26,19.99,89.35,1.61,5.57,1.24,2.23,0.11,0.11,0.22,0.03,0.22,0.24,0.23,2.26,11.3,24.4,23,31.4,34.8,36.1,45.6,22.3,40.1,32.8,27.6,12.3,7.9,50.8,67.9,34.1,86.7,77.3,80.4,63.3,4.5,6.6,51.7,42,58.8,62.9,56.4,72.5,46.5,80.1,77.5,30.4,28.2,61.5,67.9,65.2,67.5,60.4,59.5,37.4,49.6,61.9,53.9,79.9,76.7,71,60.8,61.1,40.4,27.1,46.1,17.6,26.4,28.9,65.1,33.3,45.7,23.1,66.5,14.2,36.9,67.3,15.8,14.2,66.4,25.7,67.5,22,7.5,50.4,6.3,1.8,0
id_036,2011,Ohio,OH,26.2,25.02,28.4,20.39,81.78,12.86,0.25,1.92,3.19,1.81,1.9,3.71,0.39,3.49,3.88,3.49,1.8,16.5,21.2,27.3,35.3,36.1,39.6,49.4,30.4,43.2,28.9,33.6,15.5,9.9,38.5,69.1,35.2,85.7,77.8,81.7,65.9,7.2,11,47.9,41.7,52.7,58.5,52,62,33.3,81.1,77.8,33.1,30.6,62,37.2,64.4,63.3,60.2,57.8,24.8,51.9,66.9,48.3,82.5,79.5,74.1,76.5,59.3,36.6,26.4,48.9,19.6,30.6,29.4,65.5,32.8,44.1,21.9,66.8,17.9,40.6,63.6,17,17.2,59.2,24.2,51.5,25.5,5.4,54.1,6.8,2.3,1
id_037,2011,Oklahoma,OK,27.56,27,26.16,19.28,71.09,8.18,9.49,2.1,9.14,0.6,0.61,1.22,0.15,1.11,1.26,1.12,1.83,17,17,26.8,33.2,43.8,39.8,55.2,31,46.1,34.2,34.8,15.7,9.5,39.4,68,45.3,84,71.9,77.1,59.2,8.2,12.4,47.6,45.8,59.3,67.7,50.4,63.8,44.7,85.2,73.6,36.2,34.6,66.1,42.7,63.6,71.3,64.8,64.8,40.8,34.8,66.2,40.6,80.2,60.7,71.8,52.6,54.6,38.8,30.8,42.7,16.1,25,31.6,65.9,32.2,50.2,20.2,58.7,21.3,44,60,26.8,19.8,62.2,24.3,70.3,26.4,7.1,57.8,5.6,2.9,1
id_038,2011,Oregon,OR,24.95,26.89,27.4,20.76,79.81,2.2,1.38,4.66,11.95,0.61,0.63,1.24,0.12,1.16,1.27,1.47,1.73,16.5,17.2,24.2,32.3,40.5,43.5,53.5,28.6,40.9,25.2,34.6,17.9,10.4,38,58.8,42,90.3,76.2,80,67.9,5.5,8.9,43.4,36.9,64.4,72.5,45.7,72.7,32.5,85.3,76,32.2,27.9,53.7,24.4,56.9,64.1,56.5,59.1,39.4,52.7,53.7,67.1,79.8,76.8,63.6,55.2,60.2,33,19.2,59,23.7,38.1,26.5,60.9,37,42.9,21.8,66.8,13.8,31.8,67.3,22.9,16.8,65.5,27.8,76,20.2,4.6,57.3,7.2,2.3,0
id_039,2011,Pennsylvania,PA,24.68,24.87,28.73,21.72,79.78,11.07,0.17,3.04,5.94,2,2.1,4.09,0.41,3.8,4.21,4.01,2.04,14.9,19.8,25.8,33.3,44.8,38.9,52.6,30.8,39.1,31.4,32.2,12.5,9.2,40.3,76.3,35.4,91.2,78.3,80,68.7,6.2,9.1,55.7,42.2,53.1,62.3,52.9,61.1,35.5,80.4,79.2,32,28.8,59.2,47.6,69.2,50.7,55.9,59.4,41.3,44.4,70.1,54.8,81,68.2,62.9,61.2,58.3,36.5,25.6,50.3,20.4,30.6,28.2,63.8,34.5,46.8,25.8,67.7,16.5,40.1,63,16.1,16,59.8,24.1,64.8,23.2,4.7,59.1,6.8,2.3,0
id_040,2011,Rhode Island,RI,24.44,26.07,28.96,20.54,77.08,6.19,0.49,3.3,12.94,0.16,0.17,0.34,0.04,0.31,0.35,0.35,2.04,14.6,20.6,24.9,32.2,34.8,49.3,50.6,31.8,37.2,31,31.6,14.8,12,48.3,59.9,40.5,81.9,85.2,85,74.1,5.9,9.3,41.1,39.6,54.4,65.5,48.7,66.1,25.3,83.7,84.1,34.5,30.9,59.3,45.4,58.6,49.9,70.9,59.7,39.6,35.8,61.1,51,80.8,77.6,65,67,70.5,39.9,25.9,49.7,20.6,29.9,25.5,62.1,36.6,45.7,29.6,73.2,12.9,34.5,66.4,16.9,16.8,61.9,23.4,60.4,20.6,1.5,63.9,6.7,2.1,0
id_041,2011,South Carolina,SC,25.99,26.27,27.32,20.42,64.79,28.18,0.39,1.49,5.13,0.73,0.77,1.5,0.25,1.38,1.63,1.47,1.59,18.8,16.2,26.2,33.9,33.9,43.5,51.5,37.9,44.6,30.5,37.3,12,8.2,38.8,68.6,36.8,87,76.3,80.8,67.8,7.2,11,52.1,40.8,58.5,70.1,55.1,62,49,80.2,79.6,35.7,34.7,68.3,39.2,68.1,56.6,60.2,60.4,20.9,44.6,68.3,39.4,76.2,68.5,69.6,56.1,57.6,38.4,26.9,48.5,20.2,30,30.8,65.7,32.5,47,21.3,61.4,18.3,42.6,60.2,25.6,18.2,60.4,23,62.8,23.6,3.7,59.6,6.8,2,2
id_042,2011,South Dakota,SD,27.78,25.74,26.43,20.05,85.19,1.71,8.98,1.13,2.99,0.13,0.13,0.26,0.03,0.25,0.28,0.28,2.06,13,23.5,22,27.4,37.8,34,51.8,25.9,43.2,35.6,33.6,17.8,6.8,51.5,83.5,41.8,89.2,79.9,81.8,66.3,5.1,7.3,49.6,49.5,60.1,71.6,60.4,65.3,48.8,78.1,74.9,30.2,29.2,58,43.3,79.3,60.9,45.7,59.6,29.6,58.2,80,36.3,82.4,72.5,72.1,69.3,68.8,49.2,26.3,50.8,19.6,31.1,28.6,64.6,34,47.1,27.6,70,15.8,37.3,66.3,15.4,14.1,69.3,22.6,64.8,23.5,7.2,57,6.1,1.9,0
id_043,2011,Tennessee,TN,26.02,26.29,27.89,19.8,76.27,17.1,0.28,1.67,4.68,1,1.05,2.05,0.24,1.9,2.14,2.36,1.74,17,10.6,24.4,31.9,40.1,32.5,47.1,41.4,45.3,43.3,37.5,10.1,7.1,34.5,74.7,33.8,88.4,76.8,82.1,66,8.8,13.2,46.3,39.4,57.6,69.9,54.3,59.7,62.4,79,80.8,33.7,37.2,63.3,27.6,74.9,55.1,53.9,79.4,39.6,62.4,69.8,37.6,80.9,81.6,75.7,72.8,51.4,43.5,34.6,44.4,17.5,26.7,29,65.8,32.1,45,21.1,59.4,22.5,45.9,59.4,22.1,20,60.5,22.2,65,23.4,6.5,60.4,3.5,2,1
id_044,2011,Texas,TX,29.98,28.56,26.05,15.41,45.57,11.85,0.37,4.21,38,4.08,4.15,8.23,0.8,6.85,7.65,9.58,1.94,18.4,18.7,20.8,25.8,28.3,35.4,51.7,29.1,38,32.2,37.8,15.4,7.5,43.5,62.8,37.7,88.3,74.9,77.4,60.2,5.6,8.6,45.1,39.8,54.9,72.7,49.8,65.1,37.2,77.6,72.2,37.6,32,61.6,28.3,59.3,45.6,58.2,58.4,25.8,39.4,61.8,46.6,76.8,70.3,54,53.4,47.4,36.4,27.4,44.3,19.4,25.6,30.3,65.9,32.3,42,19.3,58.8,13.5,32.3,64.7,34.7,19.2,65,27.2,63.4,18.8,3.9,62,6.9,2.7,1
id_045,2011,Utah,UT,34.43,30.72,21.56,13.28,81.35,1.22,1.07,3.26,13.09,0.45,0.45,0.9,0.08,0.68,0.75,1.08,1.57,11.6,11.2,22,30.1,35.5,38.7,50.9,27.1,40,25.9,31.6,15.4,8.7,40.9,58,37.1,85.4,73,75.4,69.6,4.3,6.1,32.5,25,59.9,68.2,49.2,66.7,29.9,77.4,74.1,32.2,25.4,54.9,43.2,59.2,61.6,56.2,50,34.8,50.6,59.8,42.7,79.6,66.1,69.2,59.6,64.2,38.9,19.6,55.1,23.3,33.6,25.2,60.5,37.3,44,23.5,71.2,11.3,27,70,21,14.3,66.6,25.5,64.8,11.4,2.9,60.9,4,3,0
id_046,2011,Vermont,VT,23.77,23.83,30.4,22,95.21,1.31,0.43,1.47,1.58,0.1,0.1,0.2,0.05,0.19,0.24,0.22,2.02,12,20.2,24.1,30.9,39.4,29.6,50.5,26.4,41.2,27.7,23.8,15.5,11.4,41.8,71,36.2,86.7,77.6,82,70.8,4.5,7.3,52.4,31.9,43.4,61.1,55.4,62.1,32.6,83.6,80.1,29.7,26.9,55.6,40.4,68.5,48.4,50.8,49.1,33.1,46.2,64.7,57.2,84.2,75,75.2,66.2,61.1,38.9,20.6,59.6,24.3,39.5,25.4,59,39.3,45.8,26.5,70.8,16.7,37.2,68.2,11.8,12.4,67.4,29.4,70.9,20.1,2.9,54.9,8.6,2.1,0
id_047,2011,Virginia,VA,25.77,27.45,28.56,18.22,65.6,19.78,0.3,6.17,8.15,1.28,1.32,2.6,0.23,2.32,2.56,2.57,2.2,12.6,18.4,24.8,32.1,31.7,47.3,49.6,29.4,35.3,26.2,33,16.8,8.7,48.5,72.4,42.2,87.9,80.2,84,69.4,6,9.2,51.2,39.8,47.9,58.2,56.7,63.4,35.2,82.8,81.3,33.5,30.1,64,47.6,63.4,55.2,67,70,21.3,50.9,65.4,50.1,82,70.2,68,62.5,64.1,41.9,24.8,50.7,22.3,30.7,28.8,63,35.8,47,26.4,70.2,14.2,35.5,66.9,17.9,16.4,61.3,28.1,66.5,20.9,4.4,56.8,6.3,1.9,1
id_048,2011,Washington,WA,25.89,27.54,28.02,18.55,73.96,4.31,1.56,8.67,11.5,1.09,1.1,2.19,0.2,2,2.2,2.89,2.04,14.4,18.2,23.1,30.7,35.8,33.4,56.1,24.4,44.8,24.3,31.8,16,9.7,39.6,65.5,41.1,88,75.9,79.1,69.2,4,6.3,36.9,40.8,64,73.6,54.3,67.4,46,80.1,73.9,34,29.2,52.6,41.6,62.9,65.2,65.6,62.3,33.8,37.3,67.4,43.2,84,70.5,71.3,62.8,61.7,37.2,21.9,57.4,23.4,36.6,26.4,60.7,37.3,47.4,25.8,68,10.9,29.2,69.5,21.7,15.9,66,26.9,69.3,17.4,3.7,58.5,6.5,2.2,0
id_049,2011,West Virginia,WV,23.4,24.62,28.61,23.37,93.9,3.81,0.2,0.81,1.28,0.29,0.3,0.6,0.09,0.57,0.66,0.52,1.59,19,11.1,33.1,40.9,46.4,58.7,57.8,37.9,55.3,41.2,43.4,11.6,9.1,42.6,84.4,36.7,83.3,76.3,80.1,64.5,8.2,12,57.8,47.7,64.2,73.1,64.4,62,46,78.4,80.9,35.2,34.1,67.6,50.8,75.8,56.4,60.9,65.8,36.6,57.5,75.6,39,76.6,66.6,73,59,51.6,42.3,34.1,48.5,15.4,31.9,32.1,68.3,29.1,50.5,24,56.9,30,58.8,51.2,25.5,23.6,57.5,21.4,63.4,30.2,8.1,52.2,4.1,2.6,1
id_050,2011,Wisconsin,WI,26.16,25.4,28.66,19.78,83.76,6.7,0.95,2.52,6.07,0.91,0.92,1.83,0.26,1.73,1.99,2.18,1.9,12.5,25.2,23.7,32.1,33.2,45.4,47.3,33,43.3,23.5,29.8,11.9,9.3,40.9,63.9,38.5,82.8,80.3,83.7,71,5.1,7.8,49.1,49.8,43,66.8,59.6,64.4,30.6,80.1,77.9,31.2,27.2,60.7,47.4,58.8,52.9,59.6,51.4,16.4,48.6,60.7,43.8,85.1,71.3,71.5,59,72.3,33,22.6,55,21.2,33.7,27.4,63.5,34.9,40,21.8,71,12.2,32.6,70.5,14.8,14,65.3,28.2,57.9,21.3,4.2,59.8,10,2,0
id_051,2011,Wyoming,WY,26.58,27.02,27.48,18.92,86.57,1.12,2.27,0.94,9.09,0.09,0.09,0.18,0.03,0.17,0.2,0.21,2.34,11.6,19.2,23.4,29.1,32.9,40.9,52.7,24.9,44.3,30.7,31.9,14.8,9.1,34,56.7,33.3,77.4,66.4,76.7,57.3,5.9,9.8,33.2,39.1,44.3,65.1,50.3,61.8,46,77.9,74.9,31.1,27.8,56.6,35.3,57.7,59.7,61.1,64.5,27.2,29.3,59.8,51.4,80.1,66.4,67.8,48.7,65,34.4,25.4,54.1,22.9,35.1,25.1,61.4,36.9,41.8,17.2,66.1,17.5,35.6,65.3,24.8,15,66.6,23.1,57.1,23.1,9.9,53.2,6.6,2.1,0
id_052,2012,Alabama,AL,25.93,26.22,27.39,20.47,67.44,26.65,0.6,1.37,3.94,0.74,0.79,1.53,0.21,1.43,1.64,1.36,1.59,19,13,32.1,40.5,47.2,50.1,53.1,38.9,51.3,34.7,43.2,14.9,8.5,37.6,71.9,38.9,84.2,79.3,83.7,65.2,9.3,14.1,45.4,34.5,58.1,64.3,54.4,61.7,41,77.2,85.1,34.6,38.8,68,42,64.2,58.6,56.3,70.5,32.4,46.2,66.4,36.7,75.8,67.5,67.6,52.6,49.5,36.1,26.9,44.5,17,26.3,32.8,67.4,30.9,44.8,20.8,58.4,23.8,52.6,52.2,23.9,24.2,59.4,24.4,66.5,24.4,5.9,64.1,5.4,2.3,2
id_053,2012,Alaska,AK,28.39,29.45,28.11,14.05,66.2,4.18,16.09,7.35,6.17,0.12,0.11,0.23,0.04,0.2,0.23,0.24,2.38,10.1,16.2,23,28.6,45.9,46.8,49.1,24.4,43,24.7,30.3,19.3,9.1,36.4,49.6,35.7,87.7,74.5,83.6,57.4,5.3,7.8,48,37,58.3,58.6,36.8,60.3,39.1,79,79.7,29.9,30.8,49.5,37.2,57.4,71.2,49.7,60.3,33.1,27.8,58.4,36,75.3,65.4,68.7,51.7,59.9,31.9,18.8,57,24.4,37.2,25.7,65.2,33.9,36.3,15.8,67.3,16.1,37.8,64.3,20,14.2,62.1,20.8,48.1,20,6,63.3,6.4,2.2,0
id_054,2012,Arizona,AZ,27.46,26.9,25.25,20.38,57.94,4.38,4.23,3.34,30.11,1.04,1.05,2.09,0.33,1.83,2.17,2.17,1.62,19.9,15.9,23.7,31.2,31,33.3,50.4,31.5,42.9,25.4,31.1,15.2,8.7,33.6,57.6,33.8,88.8,74.6,79.3,58.2,5.6,8.9,40.7,33.1,58.7,63.6,49.1,65.1,35.1,75.6,83.3,32,28.5,53.2,34.7,59.4,53.9,57.4,58.9,40.9,29.2,61.7,45.3,74.7,65.2,63.7,59.1,57.2,30.7,22.5,52.7,22.8,33,26.3,62.3,35.4,37.8,16.7,61.1,13.8,35.1,61,24.6,17.8,64.1,23.3,60.7,17.2,3.3,64.7,5.1,3.6,1
id_055,2012,Arkansas,AR,26.78,26.17,26.24,20.81,74.97,15.78,0.8,1.72,6.73,0.46,0.48,0.94,0.13,0.87,0.99,0.85,1.62,19.2,12.3,28.1,33.3,42.3,54.4,55.9,39.1,52.8,41.1,41.5,16.4,8.7,33.8,60.1,33.9,84.6,69.2,78.3,56.1,8.2,12.7,49,43.8,54.6,71.1,53.2,63.3,33.8,76.8,80.8,33.2,37,65.1,30.1,59.3,52.4,54,66,35.6,32.5,66.2,27.1,75.1,57.6,60.3,43.8,47.7,35.7,30.8,44.4,16.4,28,35.1,68.9,29.3,35.6,16.3,54.7,24,48.5,54.8,31.7,22.7,61.5,21.5,50,25.7,7.4,64.2,4.2,2.6,1
id_056,2012,California,CA,27.12,28.75,26.9,17.24,40.71,6.29,0.55,14.36,38.08,6,6.08,12.09,0.8,9.56,10.36,10.29,2.13,16.6,17,21.9,28.1,28.2,35.9,48.1,28.5,42.8,19.1,30,16.7,8.8,38.5,67.8,33.4,84.1,82.8,85.7,67.7,4.6,7.1,26.1,24.7,47.8,58.9,55,61,31.6,73.5,85.2,30.7,27.4,51.9,41,61.5,58.9,55.7,55.4,17.6,35,67.1,34.2,72.9,61.2,69.6,57.2,60.7,33.5,19.4,56.1,23.3,34.5,25,60.5,37.7,42,23.4,66.8,8.8,29.3,64.3,25.4,17.8,64.4,20.5,61.8,12.5,1.3,61.9,5.7,2.5,1
id_057,2012,Colorado,CO,26.5,28.43,27.65,17.43,70.62,4.37,0.75,3.3,20.96,0.83,0.83,1.65,0.18,1.52,1.7,1.92,2.03,14.5,19.4,22.8,29.1,32.6,40.3,45.8,24.2,41.7,25,30,16,8.9,45.2,75.3,35.3,85.9,73.5,85.5,65.8,4.8,8,43.4,37.1,57.2,64.1,58.1,66.7,47.5,81.4,84.2,28.3,25,51.3,40.2,67.8,58.9,52.9,52.7,28.3,42.4,71.2,48.5,81.7,71.8,69.3,57,56.7,40.1,17.1,59.4,26.2,37.7,20.3,55.5,42.2,50.9,23.9,65,12.6,33.3,68.6,21.8,14.4,69.6,23.2,66.9,17.6,4.3,64.7,6.4,2,0
id_058,2012,Connecticut,CT,25.14,24.29,29.83,20.74,70.99,10.2,0.26,4.33,14.21,0.56,0.59,1.15,0.09,1.03,1.12,1.15,2.83,9.7,18.5,21.8,28.3,29.2,43.9,45.2,27,36.4,24.6,28.8,12.9,10.1,39.7,61.6,36.3,81.2,84.3,88.2,72.4,5,7.8,46.1,33.3,57,54.8,51.3,66.4,42.7,80.8,87.9,31,27.8,56.9,27.4,61.9,57.3,55.2,59.9,22.3,36.6,64.1,44.4,72.3,76.4,74.2,67.5,76.7,37.4,21.6,52.3,22.6,31.3,25.6,62,36.3,41.9,27.3,75.6,13.7,35.9,67.1,13.3,13.8,63.7,23.9,53.6,16.7,2,70,6.4,2.1,0
id_059,2012,Delaware,DE,25.24,25.58,27.73,21.45,65.49,22.01,0.36,3.63,8.51,0.14,0.15,0.29,0.05,0.26,0.31,0.3,1.95,12.1,19.7,25.7,31.9,38.8,50.9,45,33.3,41.9,28,30.9,13.8,10,49,73.1,39.9,88.4,84.1,89.4,70.9,6.5,10.5,36.9,36.2,44.4,58.2,60,66.9,36.8,79.1,86.7,32.6,32.1,60.6,36.3,63.7,49.3,53.9,64.1,28.5,49.9,67.2,36.8,76.9,63.5,74.9,72.3,68,39.5,22.8,48.9,21.4,30,26.6,65.6,32.9,46.9,27.8,69.9,17.2,43.8,64.3,14.3,15.5,61.3,20.9,65.5,20.3,2.6,62.6,6.9,2.3,0
id_060,2012,District of Columbia,DC,20.53,39.03,24.02,16.42,36.27,49.54,0.28,4.01,9.9,0.1,0.11,0.2,0.02,0.21,0.23,0.42,3.01,19,21.3,20,26.4,27.4,33.5,47.7,35.3,41.2,26.5,25.7,14.5,10.1,39.1,55.9,38.4,75.9,85.4,88.3,66.7,4.7,6.9,58,46.4,42.9,60.1,58.2,74.9,38.1,67.5,89.4,30.8,30,57.7,35.5,58.2,52.7,55.1,57.8,29.7,34.4,56.6,26.8,70.9,70.2,70.1,61.8,65.9,37.7,18.2,56.1,25,34.6,22.6,53.4,44.6,38.2,24.8,71.5,13.8,39.5,65.3,9.2,12.7,64.6,26.8,41.5,19.6,1.5,73.1,7.7,2.7,0
id_061,2012,Florida,FL,23.22,25.14,27.38,24.26,57.63,15.98,0.29,2.82,23.28,3.01,3.14,6.15,1.14,5.73,6.87,5.46,1.84,16.8,18.2,23.1,29.9,37.6,47.4,54.7,38.6,47.6,32.5,35.9,19.9,8.1,32.8,54.9,35,74.2,76.5,80.2,64.6,6.9,9.6,39.5,37.1,55.3,70,42.6,61.7,24.1,74.6,84.7,32.2,29.9,58.9,42.7,59.4,53,57.3,58.8,36,25.4,62.7,32.3,73.7,60.4,66.8,59.3,43.9,28.8,22.5,51.1,22.7,32.2,25,61.5,37,38.3,15.9,59.2,16,38.4,59.3,27.9,18.8,61.9,23.5,55.7,18.5,3.5,71,7.3,3.2,1
id_062,2012,Georgia,GA,27.99,27.67,27.55,16.79,55.93,31.14,0.26,3.75,8.93,1.54,1.61,3.16,0.36,2.75,3.11,2.87,1.66,19.1,14.4,23.7,30.1,42.3,29.4,48.8,34.6,43.3,26.3,35,16.4,8.1,31.6,68.8,31.8,80.7,81.9,84.4,67.7,7,10.8,37.8,38.3,49.7,66.2,56.1,61,28.1,76.6,85.6,31.8,33.7,63.2,32.5,64.1,52.8,55.7,65.4,21.9,31.9,71.1,43,74.1,67.4,65.8,60.7,55.8,34.3,23.4,48.3,21.1,29.5,29,64.6,33.4,43.1,22,64.1,18.9,44.7,60.7,27.6,17.2,60.6,22,59.9,20.2,4.1,66.1,5,3.5,1
id_063,2012,Hawaii,HI,24.37,27.49,26.68,21.45,21.76,2.37,0.25,66.44,9.18,0.22,0.22,0.44,0.05,0.35,0.4,0.43,1.94,8.4,19.1,18.8,27.6,35.8,34.8,38.2,23.7,36.1,20.6,29,20.4,9,52.2,60.7,36.7,63.5,80.7,82.2,64.8,3.4,4.8,36.8,28.7,35.6,48.8,56.1,56.7,36.5,76.4,80.9,29.6,27.7,57.4,44.9,64.7,47.5,54.6,60.2,25,43.8,75.3,36.7,79.5,73.8,78.2,58,64.5,41.1,18.2,56.6,25,36.3,24.1,56.3,41.1,38.9,25.1,69.7,7,26.1,65.6,12.7,14.2,55.8,19.2,68,14.9,2.1,65.9,7.5,3.5,0
id_064,2012,Idaho,ID,29.6,26.29,25.17,18.94,84.65,0.85,1.27,1.6,11.64,0.25,0.25,0.51,0.06,0.45,0.51,0.56,1.55,15.1,14.4,25,31.2,45.7,36.9,49.2,25.8,41.4,25.5,32.4,18.6,8.4,29.9,63.4,37.4,88.4,69.5,74.4,59.9,5,8,56.4,32.9,50.4,75.1,48.4,64.6,21.9,79.9,79,29.9,28.6,51.8,39.8,49.8,55.7,53.7,55.1,39.4,24.3,57,23.4,82,67.6,51.7,47.3,47.4,29.7,20,55.2,21.8,35.6,26.9,62.7,35.5,36.3,15.1,67.3,16.5,37.6,65.6,23.8,15.3,66.8,26.1,63.2,16.7,5,61.9,5.8,2.1,0
id_065,2012,Illinois,IL,26.53,27.24,27.51,18.72,63.73,14.71,0.2,5.18,16.18,2.01,2.09,4.1,0.34,3.65,3.99,3.89,2.05,14.9,22.2,24.2,32,33.2,44.4,43.5,26.7,39.1,26.6,34.5,15.4,8.5,31.1,52.6,31.4,82,77.7,85.8,61.4,5.8,9,43.1,43.4,41.2,54.5,47.7,62.2,35.2,70.8,83.7,30.1,29.2,59.2,22.7,55.7,51.2,52.1,54.5,18.2,52.6,53,38.1,70.4,68.4,64.7,56.7,52.7,31.9,21.4,50.8,21.7,30.5,28,63.8,34,36.4,20.2,66.7,16.3,41.5,63.2,20.5,17.3,64.7,21.7,55.8,18.9,2.5,68.3,6.1,2.6,0
id_066,2012,Indiana,IN,27.2,26.17,27.33,19.3,81.75,9.75,0.27,1.99,6.25,1.03,1.06,2.08,0.21,1.9,2.11,2.36,1.75,15.9,16.6,26.3,32.8,42.3,39.2,47.6,29.9,46,30.7,38.5,14.8,9,37.4,72.8,38.5,86.3,71.3,80.3,60.6,7.2,11.5,48.5,41.5,58.2,63.8,54.9,69.8,33.8,76.1,81.7,31.4,31.8,62.1,43,59.8,57.1,57.5,58.9,35,37.5,59.6,33.9,75.5,68.3,66.3,55.7,54.8,33.7,25.5,45.1,17.5,26.9,31.3,65.6,32.7,39.7,18.4,62.5,19.9,42.7,58.8,22,19.4,60.8,19.6,68.2,24.3,4.1,62.5,5.1,2.8,1
id_067,2012,Iowa,IA,26.56,25.6,26.66,21.18,88.65,3.54,0.32,2.19,5.29,0.49,0.49,0.98,0.09,0.93,1.01,1.19,1.9,11.7,23,23.8,29.3,38.4,52.8,40.6,22.6,37.4,26.7,26.2,15.5,8,44.5,70.4,43.4,83.5,80,87.3,66.1,5.8,8.8,55.5,45.5,48.9,64.4,59.5,67.6,51.9,76,81.6,30.2,28.6,58.5,51,71.8,58.6,55.3,56.7,35.6,57.5,76.1,46.8,81,78.6,74.7,65.2,71.6,43.9,22.6,48.2,19.1,27.8,30.4,64.6,33.6,49,29.5,71.1,17.3,39.2,67.8,13.7,13.4,66.6,24.1,66.8,18.8,4.7,63.5,6.3,1.9,0
id_068,2012,Kansas,KS,28.05,26.64,26.11,19.2,78.71,6.54,0.99,2.82,10.94,0.46,0.46,0.92,0.09,0.84,0.93,1.02,2,13.8,16.3,22.7,29.6,40.4,41.1,45.3,27.8,40.6,28.1,32.1,13.2,8.5,37.1,79.6,33.9,87.9,79.2,84.8,64.9,5.7,9,46.3,39.3,56.1,65.7,61.8,66.1,31.2,80.4,81.4,31.4,30.7,59.3,31.9,72.7,60.1,54,57.3,31.5,45.4,71.8,39.2,76.7,72.3,70.1,72.1,59.7,39.3,22.8,49.1,19.2,29.5,30,65.7,32.4,49.5,25.3,67.1,18.9,38.5,64.9,21.1,15.7,63.4,20.1,66.6,19.6,5.7,61.4,5.3,1.9,0
id_069,2012,Kentucky,KY,25.86,26.25,27.87,20.02,86.78,8.37,0.21,1.39,3.25,0.69,0.71,1.4,0.15,1.3,1.45,1.27,1.59,19.3,15.6,33.3,41.6,48.8,69.4,53.4,36.4,52.2,38.3,40.4,13,11,37.3,68.7,35.3,77.5,75.4,81.6,62.7,10.7,15.5,57.8,42.3,55.5,67.4,53.2,67.8,35.9,76.1,83.7,34.1,36.9,65.7,39.9,61,51.1,58.8,67.3,36.3,43.6,64.9,42.7,71,66.3,72.3,56.5,47.1,37,28.9,43.4,17.1,27.3,31.3,66.6,31.4,42.9,21.4,60.6,24.9,51.6,56.3,21.5,22.9,57.8,23.6,62.2,29,6.3,58.4,5.5,2.8,1
id_070,2012,Louisiana,LA,26.88,27.82,26.71,18.59,60.51,32.53,0.68,1.77,4.51,0.72,0.75,1.47,0.18,1.31,1.49,1.28,1.81,20.1,16.9,26.9,34.1,34.9,47.5,50.1,42.5,47.9,34.6,42.1,13.9,7.4,39.5,75.9,32.3,84.7,78.2,84.5,59.7,7.3,10.9,48.8,39,45.1,57.3,58.8,65.9,39.3,79,83.8,34.1,37.9,67.6,45.4,68.7,52.5,59.5,69.4,31.5,41.6,65.8,47.6,73.3,64.7,63.8,60,48.4,37.1,29.6,45.5,18.6,27.6,35,69.7,28.4,45.5,19.3,56.2,29.2,56.9,51.9,25.4,21.9,60.7,21.4,51.7,25.1,5.7,64,7,2.4,2
id_071,2012,Maine,ME,22.66,22.7,30.46,24.17,95.17,1.53,0.75,1.19,1.37,0.21,0.22,0.42,0.12,0.42,0.54,0.44,1.78,12.9,19.8,25.8,33.4,33.4,43.1,50.7,27,44.8,24.5,31.4,14.2,11.3,42.3,68.8,39.7,84.7,83.6,88.2,72.6,7,10.1,55.5,39.4,55.6,64.5,60.7,73,51.4,78.5,81.8,30.7,29.6,56.8,45.3,63.6,62.6,55,61.3,36.4,43.2,69.5,39.8,81,86.6,78.2,56.8,58.3,37.6,19.9,52.8,20.3,33.9,28.2,63.5,34.9,44.9,28.1,64.8,22.4,47.3,59.6,16.3,15,64.9,25.5,66.1,21.8,2.6,65.5,6.8,2,0
id_072,2012,Maryland,MD,25.67,26.59,29.06,18.68,54.72,30.05,0.3,6.29,8.65,0.91,0.97,1.88,0.16,1.64,1.81,2.01,2.34,9.8,16.9,22.2,29.5,37.4,34.2,45.4,30.5,39.5,29.6,32.4,15.3,9.1,38.8,71.2,26.4,75.7,83.7,88.4,71,5.3,8,43.9,37.2,47.5,53.5,59.1,58.2,45,78.8,88.1,31.7,30.8,62,31.2,67.3,51.1,51.6,61.6,29.9,44,67.5,38.7,73.9,70.4,76.1,63.1,64.6,40.9,22.7,50.7,22.5,29.3,27.2,63.1,34.9,44.5,26,72.5,15.1,42.3,64.7,16,15.2,60.5,20.1,67,16.2,2,65.1,5.5,2.3,1
id_073,2012,Massachusetts,MA,24.23,26.71,28.81,20.26,76.37,7.04,0.23,6.12,10.25,1.03,1.09,2.12,0.19,1.94,2.13,2.53,2.51,11.5,20.8,21.4,28.6,33.2,35,47.2,27.4,39.1,22.2,28.9,14.2,10.9,46.2,65.2,37.4,77.9,89.5,89.8,76.1,5.2,7.5,43,36.9,49.8,58.6,54.2,66.9,45.1,82.4,87.9,29.8,26.9,57.5,43.2,69.1,46.9,54.7,55.7,27,50.7,71.3,39.4,75.8,71.6,68.4,72.3,72.1,42.4,19.4,52.3,22.1,31.6,22.7,58.5,39.5,46.6,33.4,75.8,15.6,40.4,64.6,7.1,12.8,63.8,24.8,59.8,16.7,1.3,67.3,7.6,1.7,0
id_074,2012,Michigan,MI,25.88,24.9,28.5,20.73,77.11,14.67,0.7,2.88,4.64,1.55,1.61,3.15,0.47,2.93,3.4,2.92,1.74,16.2,20.1,29.2,35,40,46.1,49.1,30.9,44.6,26.6,28.2,12.9,10.4,38.3,63,36.7,78.5,80.9,86.6,69,6.9,10.1,45.2,38.6,50.3,62.4,52.2,65.2,32.3,73.4,86,32.4,31.7,58.7,30.8,56.2,62.9,58,63.4,30,33.2,57.8,41.2,72.1,74.4,78.5,50.7,58.7,31.9,22.9,51.3,20.4,31.9,31.2,65.3,33,40.4,21.9,67.4,13.6,36.2,64.7,16.8,16.6,59.7,22.6,55.9,24,4,68.1,6.2,3.1,1
id_075,2012,Minnesota,MN,26.52,26.3,27.92,19.26,83.3,5.97,1.21,4.63,4.89,0.85,0.86,1.71,0.19,1.59,1.78,2.17,2.11,11.5,22.6,20.1,26.6,31.7,45.1,44.7,22.5,37.2,22.7,25.2,16.1,8,47.9,66.6,31.4,88.4,83.8,87.9,71,4.1,6.4,50.7,42.7,44.5,56.4,60.8,65.9,41.3,80.1,84.1,27.3,25.5,57.1,56,70.4,76.7,53.6,52.4,23.5,58.6,69.9,36.2,78.4,83.1,72.9,66.6,64.2,41.9,17.1,53.9,22.2,32.3,25.5,62.7,35.7,48.5,28.7,74.5,12.1,31,71.9,13.4,11.4,67.7,18.6,68.8,19.2,4.3,64,6.3,2,0
id_076,2012,Mississippi,MS,27.8,26.61,26.43,19.16,58.19,37.48,0.5,1.02,2.81,0.46,0.49,0.95,0.12,0.84,0.96,0.69,1.49,23.3,12.6,29.4,35.1,37.6,47.3,52.3,44.8,48.2,40.2,39.7,14.1,8,27.5,69.2,28.1,78.1,73.7,80.1,58,6.4,9.9,31.5,45.1,45.8,65.3,52.4,62.4,33.1,78.7,82.3,34.1,39.8,68.9,40,67.2,51.2,55.3,68.3,29.5,40.6,67.7,30.6,71.7,63.8,69,58.4,49.6,33,30.6,40,16,23.5,35,69,29.3,42.6,15.1,55.5,25.4,54,48,27.5,22.4,61.7,20.4,67.3,24.2,7.6,64.9,4.7,2.7,2
id_077,2012,Missouri,MO,26.06,26.13,27.3,20.51,81.59,12.14,0.52,2.03,3.73,0.94,0.98,1.92,0.25,1.8,2.04,2.04,1.78,17.1,18.1,27.5,35.6,45.9,54.5,50.1,29.8,44.3,36,37,12.1,10.3,35.9,81.2,40.1,91.3,77.8,82.4,64.2,7.7,11.2,63,47.4,53.1,65,58.7,65.5,42.4,82,82.5,31.3,30.7,62.4,31.2,77.3,56.7,53.9,62.5,28.3,37.8,69.8,31.1,77.7,62.7,65.1,62.1,51.7,38.1,23.9,47.5,18.2,28.8,29.4,65.4,32.8,49.8,23.2,61.8,25,49.6,61,20.6,17.8,63.5,22.6,63,24.4,5.3,59.6,6.4,2.6,1
id_078,2012,Montana,MT,24.9,25.18,27.4,22.53,88.58,0.77,6.62,0.85,3.19,0.16,0.16,0.32,0.05,0.31,0.37,0.36,1.79,14.6,23.2,25.4,34.9,41.2,35,48.2,24,43.7,27.8,29.3,16.3,9.5,36,61.5,32.7,83.6,70.2,82.6,55.5,5.5,9,44.7,36.2,57.1,66,51.6,69.4,32.1,75,79.9,26,26.7,54.8,31.3,64.3,59.2,47.8,56,29.1,43.3,59.1,57.3,76.4,69.8,68.7,58.1,55.5,33.9,19.6,58.3,24.6,39.6,24.1,60.9,37.6,40.1,16.7,60.4,18.4,39.5,66,23.4,14.7,67.7,22.4,64.6,20.4,8.6,60.9,8.7,2.2,0
id_079,2012,Nebraska,NE,27.87,26.58,26.03,19.52,82.17,5.1,0.89,2.13,9.71,0.29,0.3,0.59,0.06,0.55,0.6,0.65,2.07,11.1,22.9,23,29.9,31.8,37.3,41.9,22.9,35.5,23.8,26.8,13.8,7.5,44.5,67.2,36,85.7,74.9,84.2,61,5,7.8,54.4,36.4,51.4,62,58.6,68.6,30.9,79.4,81.8,29.7,28.5,58.5,37.4,65.4,70.2,54.7,55.9,30.6,56.2,66.8,47.8,79.1,67.7,73.2,58.9,65.3,41.5,20.4,49.4,20.1,28.9,28.6,64.9,33.4,43,23.7,67.4,13.4,33.7,68.3,18.1,14,66.9,19.9,66.3,20.1,5.2,60.9,7.3,2.3,0
id_080,2012,Nevada,NV,26.27,27.7,27.15,18.87,54.38,8.86,1,8.63,27.13,0.44,0.43,0.87,0.12,0.78,0.9,0.75,1.77,15.5,15.4,23,31.1,35.3,34.8,48.8,31.5,44,24.1,32.9,19.2,7.3,19,41.9,28.2,76.3,74.3,77.5,58.6,7.1,12.5,29,34.4,52.3,56.1,34.3,49,16.1,78,82.8,32.1,29.4,53.5,33.1,54.7,60.2,62.6,61.5,21.5,37,59.2,26.4,65.2,55.2,69,58.2,54.9,27.4,21.1,51,22,32.1,26,61.9,35.4,35.9,14.6,60.8,15.4,39.1,58,30.7,18.4,61.1,18,57,17.9,3.8,67.5,6.5,3.2,0
id_081,2012,New Hampshire,NH,23.89,23.48,31.4,21.23,92.64,1.42,0.27,2.62,3.05,0.21,0.21,0.42,0.07,0.39,0.46,0.47,2.26,8.6,18.3,24.6,31.8,35.5,68.1,49.6,27.6,40,27.1,28.1,16.1,10.4,37.7,57.8,33.4,89.8,85,87.2,75.2,5.5,8.2,57.9,36.6,54.2,62.7,51.8,69.1,70.2,81.1,86.5,29.7,27.2,55.4,32.1,63.1,53,60.8,56.2,40,67.1,62.6,50.4,82.6,78,72.6,64.8,56.3,38.7,19.4,55.5,23.7,35.5,26.9,60.9,37.6,43.9,26.9,72.4,13.3,37.5,64.7,16.5,12.7,64.8,23.8,74.1,18.1,2.3,65.4,7.2,2.6,0
id_082,2012,New Jersey,NJ,25.52,25.3,29.38,19.8,58.95,13.35,0.19,9.04,18.46,1.37,1.44,2.82,0.25,2.44,2.69,2.69,2.42,11.6,18.8,20,27,32.7,33.8,46.9,31.3,40,31.7,33.8,15.2,8.8,34.8,71.1,30.3,82.9,79.5,85,62.8,5.2,7.8,39.3,34.6,43.2,52.5,49.3,61.1,23.5,70.3,86.6,32.7,28.7,58.4,29.6,64.8,51.3,59.1,53.4,16.8,48.7,64.3,41.1,65.5,67.2,65.4,69.1,71.2,33.4,24.4,49.1,21.6,29.6,24.3,61,37.1,39.4,20.8,70.8,14.2,38.8,61.7,18.9,15.5,60.8,21.7,63.1,17.7,1.3,68.6,5.3,2.2,0
id_083,2012,New Mexico,NM,27.43,26.33,26.07,20.18,40.34,2.07,8.82,1.59,47.18,0.33,0.34,0.67,0.08,0.6,0.68,0.62,1.59,22.9,15.2,22.5,27.7,34.8,39.2,52.1,36.5,46.9,23.1,35.5,18.2,9.2,41.2,60.1,42.1,81.7,72.4,83.1,57.2,6.3,9.9,46.5,34.1,52.8,64.2,49.5,60.9,32.4,76.1,79,29.4,28.4,56.9,38.4,59,59.5,48.1,58,32.3,46.5,63.7,46.9,77.5,69.1,63,59.1,60.9,35.6,21.6,54.5,24,34.5,27.6,63,34.8,39.9,17.8,60.5,16.7,37.6,61.6,27.4,20.5,65.7,21.2,65.3,19.9,4.4,63.3,5.7,3.4,1
id_084,2012,New York,NY,24.62,27.64,27.91,19.84,58.3,15.08,0.36,8.14,18.12,3.02,3.21,6.24,0.59,5.54,6.13,5.59,2.35,15.6,17.4,23.4,32.5,34.1,32,46.4,31.8,42.2,29.5,34,11,9.1,44.3,59.3,33.1,83.6,80.8,83.4,69.3,5.9,9.2,46.5,43.3,57.2,64.5,45,61.7,18.7,75.8,86.7,31.9,28,58.7,47.4,56.9,35.8,58.6,56.5,26.4,48.1,60,32,79.3,67.4,75.1,64.9,62,33.5,24.3,48.4,20.9,29.3,23.4,60.1,37.2,37.7,22.3,67.4,15.3,43.4,57.9,18.8,17,60.6,23.8,57.9,16.2,1.9,72.9,5,2.1,1
id_085,2012,North Carolina,NC,26.21,26.56,27.65,19.59,65.61,21.97,1.21,2.61,8.6,1.51,1.59,3.11,0.43,2.87,3.3,3.05,1.73,16.4,13.7,24.6,31.6,35.5,41.1,50.4,35.3,46.7,32.2,36,21.8,7.7,44.1,68.8,35.1,80.7,80.2,86.5,68.3,6.5,10.2,49.8,40.1,48.4,60.8,56.7,63.3,36.5,81.3,85.4,32.4,32.3,63.2,36.1,73.2,59.7,55,59.6,33,41.1,72.9,40.8,78.3,71,67.1,61.2,58.2,40.9,24.5,48.9,19.8,28.5,29.4,65.5,32.7,50.7,25.2,64.8,21.6,48.3,59.4,26,18.9,63.9,20.5,65,21.2,4.1,67.1,4.9,2.5,1
id_086,2012,North Dakota,ND,25.61,28.83,25.58,19.99,88.88,1.78,5.53,1.3,2.5,0.11,0.11,0.22,0.03,0.22,0.25,0.23,2.5,11.6,25,23.1,28.8,33.5,44.1,42.6,22.1,37,31.3,26.2,12.3,7.6,39.3,65,32.6,82.6,79.1,84.6,58,3.9,6.2,43.9,51.3,52.7,56.8,40.7,57.7,22.2,80.8,81.3,28.7,28.8,61.4,31.8,62.2,58.9,53.9,63.7,23.7,52.7,65.4,41.9,75.4,77,69.2,65.2,49.9,38.9,23.5,46.1,17.6,26.4,30.2,66.9,31.3,41.6,20.5,66.8,17,42.6,65.8,16,12.8,66.4,18.5,56.9,21.9,7.9,57,6.6,2,0
id_087,2012,Ohio,OH,25.89,25.09,28.15,20.86,81.53,12.93,0.25,2,3.28,1.8,1.88,3.68,0.38,3.48,3.86,3.45,1.8,16.5,19.1,27.7,36.4,43.9,50.2,47,31.1,43.1,32.9,33.6,15.5,10.6,37.8,68.4,40,82.9,78.2,84.7,63.4,8.1,11.3,58.1,42.9,52.9,59.4,50.5,66.1,43.6,77.8,83.2,30.4,31.4,60.1,30.4,64.3,57.5,57.6,63.5,34.2,35.7,64.7,50.8,78.3,69.6,70,64.9,62.8,35.7,24.5,48.9,19.6,30.6,30.1,64.9,33.3,42.7,20.5,67.7,20.4,44,62.9,18,17.5,59.2,23.5,68,23.8,4.9,61.4,6.5,2.3,1
id_088,2012,Oklahoma,OK,27.39,27.17,25.89,19.55,70.69,8.21,9.51,2.19,9.39,0.6,0.61,1.22,0.15,1.11,1.26,1.12,1.87,16.9,15,26.4,32.6,48.8,50.5,53.3,34.2,49,36,32.2,15.7,10.1,42,71.7,38.8,82.7,70.2,80.5,58.3,7.1,11.3,55.2,43.7,56.6,67.6,60.2,71,55.4,84.7,80.6,33.3,35.5,62.9,34,72.7,47.7,60,68.2,43.8,46.7,71.9,42.7,82.6,58.8,68.5,47.2,52,39.8,27.8,42.7,16.1,25,32.4,68,30.1,50.7,19.6,58.7,21.2,46.7,58.6,22.5,18.4,62.2,23.7,68.9,23.7,7,65.5,4.7,2.4,1
id_089,2012,Oregon,OR,24.63,26.94,27.08,21.35,79.52,2.23,1.38,4.78,12.08,0.61,0.63,1.24,0.12,1.16,1.28,1.45,1.74,16.5,16,26.1,34.5,48.9,46.2,53.1,26.2,43.1,24.3,33.1,17.9,10.5,41.1,63.3,41.9,93.2,75.1,81,65.5,5.8,8.4,39,38.6,61.5,70.1,49.3,73.1,38.3,82.5,82.4,29,28,53.1,28.7,52.9,68.7,53.4,57.9,38.2,49.7,60.9,46.2,86.8,76.3,69.6,57.4,55.2,33,15.8,59,23.7,38.1,27.2,60.7,37.6,40.7,20.6,65.1,15.5,35.6,66.4,23.5,17.7,64.7,27.9,67,18.1,4,69.9,7.3,2.5,1
id_090,2012,Pennsylvania,PA,24.4,25,28.45,22.15,79.38,11.14,0.17,3.15,6.16,1.99,2.08,4.07,0.41,3.79,4.2,3.99,2.04,14.8,19,26.4,33.5,39.6,50.3,45.8,29.3,38.6,31.7,34.3,12.5,10.2,38.6,60.2,36.7,82.1,80.2,83.3,66.6,6.2,9.2,55.4,40.7,52.4,60.4,52.3,67.7,34.6,79.1,84,29.8,29.6,59.8,42.3,64.7,53.6,52.5,61.1,33.8,43.3,64.8,49.1,76.4,67.9,74.7,65.8,55.8,35.3,22.6,50.3,20.4,30.6,28.8,64.4,33.8,44.3,23.5,68.5,18.2,43.9,59.2,16.7,16.1,59.8,23,61.1,22.6,4.5,64.7,5.9,2.1,1
id_091,2012,Rhode Island,RI,24.11,26.21,28.71,20.97,76.52,6.22,0.49,3.4,13.37,0.16,0.17,0.34,0.04,0.31,0.35,0.35,2.02,14.9,18,24.7,31.4,34.6,42,46,32.1,41.2,31.8,32.4,14.8,10.9,37.8,61.6,41.9,81.2,85.3,89.4,72.9,6.3,8.5,49.5,42.1,58.3,66.4,50.6,64.5,55.2,79.5,87.8,30.8,30.5,61.8,51.3,58.5,49.6,60.7,59.8,33,42,58.5,46.9,79.2,73.4,75.6,66.2,75.3,40.6,23.1,49.7,20.6,29.9,25.9,62.8,35.7,41.7,26.1,73.1,12.5,38.1,65.4,18.7,16.2,61.9,28.3,55.5,18,1.1,65,6.2,2.4,1
id_092,2012,South Carolina,SC,25.67,26.22,27.14,20.96,64.76,28.12,0.4,1.55,5.17,0.73,0.77,1.5,0.25,1.39,1.63,1.45,1.6,19,16.1,27.3,34.4,42.1,43.9,49.2,36.3,45.2,32,36.7,14.1,8.6,38.3,66,34.7,87.4,74.9,81.9,64.3,7.1,10.6,47.1,37.7,54.2,64,54.5,61.2,43.8,80.1,84.9,33.3,34.9,66,30.2,66.1,53,56.3,66.2,26.8,42.9,66.4,36,79,65,72.8,50.6,59.4,35.2,24.5,48.5,20.2,30,31.8,66.1,32.4,44.2,21.1,59.7,19.8,47.4,56.8,26.8,18.1,60.4,22.1,61.5,23,4,67.1,5.9,2.5,1
id_093,2012,South Dakota,SD,27.58,25.95,26.07,20.39,84.59,1.95,8.95,1.26,3.24,0.13,0.13,0.27,0.03,0.25,0.28,0.28,2.01,12.9,21.7,21.9,26.9,38,42.3,47.4,24.1,42,26.9,24.9,17.8,7.4,44.5,77.3,37,84.8,79.4,86.6,62.1,4.5,7.2,47.1,41.2,47,67.7,58.1,59.9,22.5,72.2,80.2,27.8,28.8,58.4,54.7,70.4,57.8,53.9,59.4,26.5,62.6,71.2,46.9,76.6,78,69.8,72.4,65.8,47.3,21.9,50.8,19.6,31.1,28.1,66.3,32.2,43.9,27.1,71.3,19.4,43.7,64.9,13.9,12.5,69.3,20.7,59,22.5,7,59,5.9,2.2,0
id_094,2012,Tennessee,TN,25.76,26.35,27.71,20.18,76,17.2,0.28,1.73,4.79,1,1.05,2.06,0.23,1.91,2.14,2.33,1.74,16.6,12.1,27.9,33,41.4,64,51.9,38.2,50.6,41.7,38.4,13.8,7.6,39.1,82.9,35.9,81.1,77,85.6,65,8.8,12.9,55.9,46.7,58.8,67.4,62,71.1,48.8,77.9,86.4,33.2,36.1,64.2,52.6,71.4,47.1,58.6,69.4,32.7,39.4,73.4,29.8,78.8,70.8,70.8,56.7,52.3,41.9,27.8,44.4,17.5,26.7,31.1,65.1,32.9,49.5,26.1,61.7,24.8,50.7,54.6,22.2,20,60.5,23.3,73.1,25.3,5.2,65.8,3.7,2.3,1
id_095,2012,Texas,TX,29.69,28.61,25.97,15.73,45.16,11.91,0.37,4.35,38.21,4.12,4.19,8.31,0.8,6.92,7.72,9.71,1.96,18,16,21.7,26.7,31.8,39.6,49,33,44.2,36.3,35.1,15.4,6.8,34.9,64.6,32.9,86.4,72.9,80.5,58.6,5.2,8.7,40.4,33.2,52.1,59,50.4,61.8,29.1,80.7,82.1,33.3,31.3,58.8,30.4,62.5,39.9,55.9,57.1,27.1,41.5,63.4,38.9,76.6,65.8,59,60.9,44.4,34.1,27.3,44.3,19.4,25.6,29.3,65.2,33,43.4,17.8,58.7,13.6,34,62.4,35.8,19.3,65,19.1,64.8,17.9,3.9,65.5,6,2.9,1
id_096,2012,Utah,UT,34.12,30.72,21.55,13.61,81.15,1.26,1.06,3.37,13.16,0.46,0.45,0.91,0.08,0.68,0.76,1.09,1.59,11.6,10.5,22.1,28.8,35.2,41.9,47.3,23.4,37.6,22.3,32,15.4,8.9,41.7,61.4,36.6,84,73.1,79.1,68.2,4.1,6.5,36.8,26,58.9,68.9,53.9,66.5,44.8,78.8,80.5,29.4,26.2,51.6,35.4,59,60.2,52.7,52.8,35.2,47.5,66.3,40.9,85.4,65.1,56.4,52.5,62.1,37.4,17.2,55.1,23.3,33.6,24.9,59.3,39,40.8,22.7,68.7,13.3,30.4,69.8,19.8,13.7,66.6,22.9,69,10.2,2.8,69.3,3.5,3.3,0
id_097,2012,Vermont,VT,23.46,23.89,29.94,22.71,95.09,1.34,0.43,1.52,1.62,0.1,0.1,0.2,0.05,0.19,0.24,0.22,2,11.6,20.9,24.5,30.9,38.3,55.3,47.5,23.3,39,23.7,26.7,15.5,11.2,43.1,65.8,36.9,85.3,81.9,87.3,71.2,5.5,8.4,47.6,40.3,62.9,63.5,50.6,62.2,56.7,83.7,84,26.9,26.8,53.2,31.6,69.6,52.2,53.5,54.2,44.6,62.7,73.6,61.2,81.6,77.8,75.1,67,54.4,39,16.4,59.6,24.3,39.5,23.3,59.5,38.8,45.8,27.3,70.3,18,40,66.1,12.6,11.3,67.4,24.7,72.2,17.2,3.3,68.7,7.8,2,0
id_098,2012,Virginia,VA,25.56,27.46,28.36,18.62,65.25,19.77,0.3,6.35,8.34,1.28,1.33,2.61,0.23,2.33,2.56,2.55,2.19,12.7,16.1,24.2,33.1,41.2,62.8,47.9,29,40.5,28.4,31.5,16.8,8.6,47.1,66.4,45.4,81.7,81.1,87.7,68.5,5.8,9.3,48.3,42,55.5,64.6,57.8,60.8,50.4,72.8,86.2,32.2,31.2,60.5,26.9,64.1,61.8,59.1,64.3,28.7,43.7,67.5,46.1,79,72.1,71.5,66.9,62.3,41.8,22.1,50.7,22.3,30.7,27,63.2,34.7,41.5,27.1,70.3,16.4,38.9,65.4,18.3,16.8,61.3,21.3,63.1,18.9,4.4,64.9,5.4,1.8,1
id_099,2012,Washington,WA,25.6,27.66,27.7,19.05,73.46,4.4,1.56,8.89,11.68,1.1,1.1,2.2,0.19,2.02,2.21,2.87,2.1,14.8,17.4,24,30.5,34.1,45.7,51.5,23.4,42.4,22,30.2,16,9.7,41.2,63.3,36.7,88.2,76.3,83.1,67.8,5.5,8.1,45.8,41.2,59.8,69.1,50.5,69.3,42.5,81.7,82,30.1,28.3,52,37.9,62.9,65.2,52.3,56.2,38.4,50.4,69.9,56.3,79.7,70.5,71.3,62.8,56.9,36.8,18.8,57.4,23.4,36.6,26.7,61.8,36.4,44.5,23.9,67.3,11.5,31.3,68.1,21.7,15.8,66,25.6,69.8,17.2,4,64.9,6.3,3.1,0
id_100,2012,West Virginia,WV,23.24,24.62,28.27,23.86,93.79,3.84,0.2,0.84,1.33,0.29,0.3,0.59,0.09,0.57,0.66,0.5,1.57,18.7,11.2,32.8,39.3,45.6,48.1,53.7,36.2,50.6,35.9,35.7,11.6,10.3,35.1,75.8,42.5,86,77.4,81.2,62.2,9.5,14.3,48.3,46.6,61.5,65.1,59.4,63.1,34.4,78.9,85.1,34,37.8,64.6,35.8,70.5,52.6,59.9,68.8,29.8,45.6,73,38.5,74.3,61.1,67.4,60.2,50.8,41,29.8,48.5,15.4,31.9,34,68,30.3,48.5,25.6,57.1,34.2,65.5,47.5,25.6,23.1,57.5,21.7,71.7,29.8,9.3,55.5,3.6,3.1,2
id_101,2012,Wisconsin,WI,25.89,25.46,28.33,20.32,83.48,6.74,0.96,2.61,6.21,0.9,0.92,1.82,0.25,1.73,1.98,2.15,1.9,12.3,26.2,23.7,30.2,39.9,55.1,49.2,27.6,43.4,27.4,30.1,16.1,8.6,34.6,45.4,44.2,85.6,83.6,85.3,71.6,4.7,7.7,43.5,37.3,53.1,56.1,47.8,77.9,52.5,78.1,82.9,30.3,28,56.9,32.5,53.1,60.1,56.8,59.8,35.3,39.6,58.4,43,78.6,74.8,82.2,58.1,74.3,32.5,19.6,55,21.2,33.7,29.3,66,32.2,37.5,21.9,71.6,13.7,35.6,69.7,15,13.3,65.3,25.5,74.9,20.7,4.5,66.7,8.6,1.8,0
id_102,2012,Wyoming,WY,26.34,27.31,27.01,19.34,85.86,1.47,2.27,1.01,9.4,0.09,0.09,0.18,0.03,0.17,0.2,0.21,2.39,10.9,17.8,23.3,30,43.5,41.7,44.3,23.2,38.6,23.2,33.2,14.8,9,31.9,59.4,31.3,80.7,66.7,79.9,55.8,6.8,9.9,43.4,37.6,45.4,59.2,51.4,58.9,40.3,76.5,81.2,28.1,27.9,53.4,24.7,59.4,63.4,52.7,56.4,27.4,42.9,54.5,40.1,76.2,67.7,66.9,57.2,62.3,31.7,20.6,54.1,22.9,35.1,24.7,63.5,35,38,14.8,66.2,18,38.5,65.3,25,14.5,66.6,25.5,57.2,22.5,8.5,59.8,6.2,2.9,0
id_103,2013,Alabama,AL,25.66,26.26,27.19,20.89,67.24,26.76,0.6,1.42,3.98,0.74,0.79,1.53,0.21,1.43,1.64,1.35,1.59,19,11.7,30.1,34.5,38.3,45.3,54.5,39.5,51.6,33.5,39.3,7.3,8.5,35.6,67.9,35.1,84.8,82.9,79,68.1,9.9,13.8,45.2,39.1,56.1,70.4,53.7,65.3,37.9,77,79.2,37.7,38,68.1,39.8,61.9,53,57.1,68.1,33.4,47.5,67.4,40.3,77,67.3,69.8,58.2,53.8,39.1,31,44.7,16.3,26.3,32.4,67.8,31,45.2,20.3,60.6,21.2,47,56.4,22,21.8,60.2,22.8,60.5,22.1,6.3,67.4,4.4,2.7,2
id_104,2013,Alaska,AK,28.08,30.05,27.27,14.6,65.63,4.25,16.07,7.6,6.45,0.12,0.11,0.23,0.04,0.19,0.23,0.23,2.33,10.3,19.5,23.3,27.2,32.1,25.8,47.8,21.5,35.6,25,31.6,19.3,9.4,38.8,68.4,28.8,95.2,69.4,77.2,61.6,5.6,8.4,51.6,39.5,43.4,64.8,53.5,65.4,25.7,76,75.8,34.5,30.3,47.3,42.7,52.8,55,46.8,62.4,18.1,51.1,58.6,39,71.6,67.2,73.3,46,61.9,35.3,22.7,54.5,24.3,35.8,28.7,66.2,32.7,38.2,19.1,65.8,15.2,33.1,65,20.1,15.1,63.7,23,66.4,22.1,6.7,64.2,8.3,1.8,0
id_105,2013,Arizona,AZ,27.15,26.93,25.05,20.87,57.51,4.47,4.23,3.46,30.34,1.04,1.06,2.1,0.33,1.84,2.17,2.18,1.64,20,13.8,22.2,26.7,25.5,27.3,50.8,28.9,44.7,24.5,27,15.2,8.9,33.4,70.7,34.8,90.8,74.6,78.2,62.2,6.9,9,38.9,34.8,56.1,64.3,52.6,69.9,26.3,81.6,75.3,34.2,29.2,50,34,60.9,64.4,54.3,67.4,35.2,55.4,61,58.9,81,69.3,65.5,68.3,56.6,32.3,24.7,50.9,21.4,33.3,26.8,61.7,35.9,41.6,18.9,60.5,12.9,32,64.4,25.1,16.2,63.4,26.9,75.2,16.3,3.2,67.7,6.3,3,1
id_106,2013,Arkansas,AR,26.6,26.21,26.03,21.16,74.73,15.84,0.8,1.76,6.87,0.46,0.48,0.94,0.13,0.87,0.99,0.84,1.62,19.6,13.4,28.1,34.5,51.7,37.9,55.9,41.5,54.5,42.6,43.9,16.4,8.2,35.5,67.4,40.7,84.3,70.8,78.3,62.2,8.5,12.6,56.4,48.5,53.2,63.1,49.3,63.5,50.4,80,74.4,35.4,36.4,65.3,21.1,63.2,48.5,54.1,70.8,42.1,28.3,60.1,34,77.8,65.7,52.2,55.5,53.5,37.5,33.8,40,13.4,24.7,35.2,70,27.6,40.3,20.2,56.4,22.8,46.2,55.7,29,23.2,61.7,20.6,71.7,26.8,6.9,62.1,5.1,2.9,1
id_107,2013,California,CA,26.77,28.84,26.71,17.68,40.33,6.27,0.55,14.61,38.24,6.01,6.09,12.1,0.78,9.56,10.34,10.36,2.14,16.6,17.7,20,26.8,27.8,39.1,48.1,28.5,42.8,25.3,33.3,15.7,8.7,41.3,70.2,38.7,76.5,80.8,82,66.1,4.6,7.1,33.8,30.5,46.2,62.8,48.7,57.9,43.9,78.1,78.4,33.8,28.4,51.4,32.9,65.5,58.9,61.6,58.6,21.3,36.2,68.7,33.9,67.7,61.2,69.6,57.2,59.4,36.6,21.5,55.7,23.7,35.2,24.1,60.2,37.9,43.1,22.6,66,8.9,27.8,66,20.3,18.7,64.2,28.4,61.5,12.4,1.6,66.7,6.4,2.7,1
id_108,2013,Colorado,CO,26.19,28.58,27.27,17.96,70.41,4.43,0.75,3.38,21.04,0.84,0.83,1.67,0.18,1.53,1.71,1.96,2.1,14.2,18.8,21.7,29.1,31.6,36.4,46.2,26.2,41.5,20.9,25.5,16,8.7,46.7,69.4,37.7,86,72.6,80.7,67,4.4,7.1,37.3,40.4,50.9,58.5,55.2,63.2,36.8,82.7,79.8,30.9,25.9,53.1,36,74.8,58.9,58.7,57.9,31.6,58,73.2,58.4,82.4,71.8,69.3,57,58.3,44,17.9,59.4,25.5,37.4,21.2,56.2,41.7,50.1,25,66.7,10.9,28.4,69.9,20.1,13,69.2,23.2,62.2,17.6,4.3,62.4,6.7,2,0
id_109,2013,Connecticut,CT,24.77,24.5,29.5,21.23,70.45,10.32,0.26,4.4,14.57,0.55,0.58,1.14,0.09,1.03,1.12,1.15,2.76,10,19.5,21.1,28.7,31.2,41.2,43.6,26.6,30.7,31.9,24.3,12.9,10,41.2,65.8,30.4,80.1,83.5,86,73.6,5.4,8.1,42.1,35.2,44.6,56.3,49.3,61.3,32.4,80,84.1,32.3,28.6,55.2,37,67.8,45.3,63.6,58.3,28.9,48.6,69,37.2,72,60.1,61.3,53.8,71.1,38.5,24.5,50.1,20.3,29.7,24.8,62.1,36.1,46,29,75.3,10.7,31,68.6,12.5,12.4,62.9,20.9,58.3,16.1,1.9,71.9,6.4,1.9,0
id_110,2013,Delaware,DE,24.84,25.71,27.37,22.08,65.1,22.12,0.37,3.81,8.61,0.14,0.15,0.29,0.05,0.26,0.31,0.3,1.96,12.3,18.2,23.7,31,34.4,44.5,43.5,35.1,30.3,28.6,33.4,13.8,10.7,46,71.7,37.5,79.1,82.6,83.3,70.9,5.5,8.4,47.6,34.9,45.6,54.5,56.7,64.9,34.2,81.7,81.7,34.7,32.8,67.7,54.6,65,44.1,64.1,57.9,38.8,61.2,69.6,39.6,77.2,64.6,57.3,60.1,60.2,43.7,27.3,49,21,30.2,30.7,64.1,34.1,47.1,26.8,66.2,16,38.8,64.6,14.8,16.6,60.8,22.6,63.8,20.1,2.3,59.5,6.6,2.3,1
id_111,2013,District of Columbia,DC,20.63,39.23,23.71,16.42,36.33,49.07,0.29,4.1,10.22,0.1,0.11,0.21,0.02,0.21,0.23,0.42,2.99,18.9,20.8,21,30.1,27.6,42.1,47,39.1,43.7,23.1,26.8,14.5,11.9,34.7,58.8,34,78.2,82.2,84,70.1,6.1,9.5,40.3,38.6,47.3,60.1,52.9,61,38.2,74.5,84.3,33.3,30.2,58.2,36.8,54.1,66.7,56.5,51.5,23.5,48.4,55.4,45.8,75.7,74.7,73.7,65.4,63.8,38.8,20.1,57.4,24.9,36,23.5,54.3,42.5,41.9,26.6,72,12.4,36,69.1,10,13.6,62.6,31.5,55.5,18.9,1.5,73.2,6.2,2.6,0
id_112,2013,Florida,FL,23,25.18,27.15,24.68,57.1,16.04,0.29,2.88,23.69,3.02,3.16,6.19,1.12,5.77,6.89,5.6,1.81,17.1,17,22.6,29.1,38.2,47.8,55.7,35.6,43.5,31.1,33.4,19.9,8.2,32.1,55.3,29.6,76.2,77.2,80,66.4,6.5,10.1,41.9,38.9,57.5,64.8,40.5,59.2,47.8,73.7,80.4,34.2,30.5,59,23.9,57.2,53.4,57.5,60.7,36,26.2,55.9,33.4,67.3,57.5,57.3,55.9,53.4,28,27.1,49.2,19.8,29.8,26.5,62.1,35.7,40.5,16.9,61.7,14,36,60.8,29.7,18.4,60.5,23.8,48.1,17.4,2.8,69,7.4,3.1,1
id_113,2013,Georgia,GA,27.73,27.54,27.45,17.28,55.57,31.31,0.26,3.89,8.97,1.54,1.62,3.16,0.35,2.77,3.12,2.88,1.67,19,13.2,23.7,30.9,34.7,40.8,52.4,41.5,44.5,34.3,34.3,16.4,8.3,32,61,39.5,87.1,81,84.2,66.3,6.4,10,44.3,41.7,53,62.9,44.2,59.9,29.6,79.8,80,33.9,34.6,63.3,39.9,57.2,57.9,55,63,31.4,48,56.9,46.2,72.4,72.4,67,61.1,54.9,33.4,27.1,50,20.9,30.4,30.2,65.6,32.4,43.1,20,62.1,18.8,42.9,62.1,27.6,19,60.2,22,61.5,18.8,5,64.7,4.7,2.7,1
id_114,2013,Hawaii,HI,24.19,27.72,26.15,21.95,21.73,2.42,0.25,66.17,9.44,0.22,0.22,0.45,0.05,0.35,0.4,0.42,1.94,8.4,19.2,18.3,27.5,25.7,28.3,33.6,16.7,30.6,23.8,21.7,20.4,9.5,47.1,79.2,30.7,86.9,85.1,82.4,70.4,4.4,6.2,25.2,21.3,45.7,56.7,60.5,56.9,17.4,76.1,77.2,29.9,26.4,59.6,40.5,75.3,50.9,52.1,54.1,20.7,49.9,78.6,42,77,75,76,71.8,65.9,44.9,21.7,58.9,26.2,38.5,22,55.6,42.1,40.7,26.6,72.3,6.3,23.7,65.4,10.2,13.1,56.6,18.9,59.9,13.7,1.8,68.2,7.6,2.9,0
id_115,2013,Idaho,ID,29.35,26.32,24.84,19.49,84.36,0.88,1.27,1.62,11.87,0.26,0.25,0.51,0.06,0.45,0.52,0.57,1.59,15.3,15.3,23.2,28.9,38.1,44.2,54.1,25,39.6,28.8,28.9,18.6,8.7,34.9,72.2,28.8,87.6,67.7,73.3,61.3,4.2,6.9,42.1,41.2,49.8,69.2,51.2,70.4,25.3,78,73.8,32.2,28.1,51,26.2,59.6,55.7,58.5,48.2,33.3,30.5,60.8,40.1,78.7,67.6,51.7,47.3,53.8,33.1,23.4,53.8,20.3,33,29.7,64.8,33.4,41.3,18.2,65.4,14.8,33.2,66.8,24.2,13.9,66.5,18.4,50.9,17.5,5.9,67.8,6.3,1.9,0
id_116,2013,Illinois,IL,26.19,27.34,27.29,19.18,63.42,14.7,0.2,5.35,16.32,2,2.08,4.08,0.34,3.64,3.97,3.87,2.08,14.8,22.4,22.1,29.8,36.4,47.3,46.1,25.6,35.8,25.1,31.5,15.4,7.5,46.8,61.9,41.8,83.6,78.3,80.7,63.6,4.8,7.4,45.8,39.3,40.4,51.6,56.1,59.4,22.2,78.8,77.4,31.6,28.7,59.9,47.3,61.5,51.2,54.5,55.9,23.8,38.1,58.7,36.7,70.3,66.3,64.9,53.7,57.2,35.3,24.8,51.3,20.4,32.3,29.3,64.6,33.2,41.2,21.4,66.4,14.8,36.9,66.5,20,16.5,63.6,26.2,55,18.2,2.6,63.1,6.5,2.3,1
id_117,2013,Indiana,IN,26.99,26.27,27.04,19.71,81.43,9.83,0.27,2.09,6.38,1.02,1.06,2.08,0.21,1.9,2.11,2.35,1.76,16.1,15.9,26.5,34.4,42.7,54.3,51.2,31.8,46.1,35.4,34.2,14.8,10.2,37.2,62.8,38.6,88.3,72.8,78.1,63.9,7.6,12.2,49.1,42,56.4,63.9,49.6,66.9,36.3,78.7,77.4,33.9,31.7,63,36.9,60.9,62,59.8,56.7,26.2,37.1,58.9,42.9,78.4,70.7,73.4,58.1,55.4,34.6,30.6,43.7,16,25.7,31.6,67.2,31.2,41.6,19.1,62.5,19,40.3,61.2,21.2,17.6,61.2,22.6,69.7,22.6,5,63.4,5.4,2.3,1
id_118,2013,Iowa,IA,26.45,25.81,26.22,21.51,88.18,3.7,0.32,2.35,5.45,0.49,0.49,0.98,0.09,0.92,1.01,1.18,1.92,11.8,23.2,22.1,30.1,35.9,39.1,41.6,21.6,38.4,32.2,29.3,15.5,7.8,47.9,69,42.9,84.4,79.7,82.7,68,5.8,8.7,52.9,45.5,54,60.1,57.6,64.1,32.6,84.6,77.9,34.7,29,58.8,28.7,72,56.4,61,52,40.2,43.6,74,58.9,82.4,70.4,79.8,59.6,62.2,44.7,27.9,45.7,17.4,26.1,31.5,67.1,31.5,49.6,28.5,70.1,14.4,34.5,69.2,13.2,13.6,66.5,24.2,63,20.2,5.2,59.5,6.6,2,0
id_119,2013,Kansas,KS,27.88,26.79,25.72,19.62,78.39,6.57,0.99,2.93,11.13,0.46,0.46,0.92,0.09,0.84,0.93,1.01,2.03,13.8,15.9,22.6,29.1,33.1,43.5,45.3,27.8,40.6,32.6,31,10.9,8.9,43.2,69.6,35.6,86.8,75.3,80.8,65.1,5.9,9,46.4,41.5,50.6,66.5,53.7,64.7,36.1,79.9,76,32.6,29.7,59.9,37.5,67.2,66.4,55.5,55.8,29.9,36.7,69.9,32.5,77.6,63.7,64.2,64.4,56.7,41.1,26.2,48.2,17.4,28.7,30.2,65.4,32.9,45.9,22.6,67.1,15.4,33.6,66.8,21.2,15,68.2,23.9,63.3,20.4,5.7,62.4,4.6,2,0
id_120,2013,Kentucky,KY,25.71,26.27,27.59,20.42,86.51,8.46,0.21,1.46,3.35,0.69,0.71,1.39,0.15,1.3,1.45,1.26,1.59,19.7,14.2,30,38.4,44.4,46,52.7,37.5,47.6,35.3,39.7,11.8,9.3,33.9,71.8,32.9,81.6,76.9,80.9,67.5,10.4,14.7,54.7,41.3,58.4,63.6,50.3,63.9,50.3,81.9,78.5,37,36.9,65.7,30,70.8,57.5,60.3,62.2,42.6,48.9,68.6,50,75.8,69.3,78.2,60.2,53.3,39.4,29.5,45.9,16.7,28.1,33,66.9,30.9,47.4,23.2,60.6,24,49.2,58.2,22.5,22.3,56.4,26.3,59.4,27.2,7.3,55.5,5.1,2.6,1
id_121,2013,Louisiana,LA,26.64,27.98,26.38,19,60.26,32.6,0.68,1.8,4.66,0.72,0.75,1.46,0.18,1.31,1.49,1.27,1.83,20.2,16.6,25.3,27.5,40,41.5,47.9,41.7,43.3,37.6,40.5,13.9,7.7,44.1,70.9,27,86.1,80.2,82.9,64.6,7.2,10.6,42.9,40.9,45.4,65.1,55.1,50.7,46,76,78.4,35.8,38.8,69.4,48.6,69.2,49.5,70.6,73.7,29.1,49,73.6,35.1,72,65.8,63.7,56.7,46.7,41.1,31.7,44.8,17.3,26.8,33.4,67.7,30.3,42.1,18.5,57.7,21.5,46.2,57,26.3,22.3,60.8,22.4,60.7,23.6,5.8,66.6,6.4,2.1,1
id_122,2013,Maine,ME,22.34,22.79,29.97,24.9,95.01,1.57,0.75,1.22,1.44,0.21,0.21,0.42,0.12,0.42,0.54,0.43,1.78,13.3,19.4,26.5,33.1,39,54.7,49.3,27.3,42.9,24,29.2,14.2,12.2,44.2,73.7,40.6,91.3,82,83.7,74.6,6.2,9.9,45.5,40.4,52.9,65.8,54.8,61.8,56.3,80,82.5,32.4,29.4,63.1,34.1,64,53.3,62.6,62.9,35.4,57.2,65.7,52.1,78.7,77.5,69.1,57.3,58.3,41.2,22.2,53.2,20.7,34.6,28.4,63.7,34.7,47,27.4,64.2,18.3,40.7,62,15.7,13.6,64.9,27,64.3,22,2.5,64.1,7.5,1.9,0
id_123,2013,Maryland,MD,25.41,26.72,28.74,19.14,54.25,30.16,0.3,6.43,8.87,0.91,0.97,1.87,0.16,1.64,1.8,2,2.31,9.9,14.7,22,28.6,33.7,40.7,46.5,31.7,39.2,32.8,21,15.3,9.5,43.4,75,40.2,82.8,82,84.2,71,5.1,7.9,38.3,39.1,42.3,51.2,55.1,63.8,50.6,78.3,82.3,32.8,31,63.4,45.6,69.3,51.1,48.2,57.9,26.2,52,66.3,51,75.3,70.4,76.1,63.1,61.9,43.8,24.9,48,21.3,27.6,27.9,63.5,34.7,47,27.4,68.6,12.1,35.2,65.9,16.1,14.6,58.8,25.5,68.2,16.6,2.6,66.7,5.2,2.1,1
id_124,2013,Massachusetts,MA,23.96,26.92,28.46,20.66,75.75,7.16,0.23,6.32,10.55,1.03,1.1,2.12,0.19,1.94,2.13,2.49,2.5,11.4,20.4,22.4,28.8,31.6,45.8,48.9,28.8,43.2,29.9,28.2,14.2,11.5,52.5,73.1,38.5,84.5,87.2,84.7,75.8,5.3,8.3,39.6,35.4,47.6,54.6,61.6,65.4,41.4,79.5,85,32.3,27.5,55.1,45.1,68.9,44.9,55.9,49.7,32.6,61.3,74.2,56.5,79.8,69.8,70.7,79.9,66.8,48.7,23.2,53.3,22.6,33.5,23.3,57.6,40.5,45.1,30.8,74.2,14.4,36.3,66.4,7.5,13.3,62.8,30.6,66.3,16.8,1.5,67.8,7.5,2,0
id_125,2013,Michigan,MI,25.54,25.09,28.12,21.25,76.93,14.63,0.7,3.01,4.73,1.54,1.6,3.14,0.46,2.92,3.38,2.91,1.75,16.3,19.7,28.7,35,40.7,44.7,49.1,30.9,44.6,26.6,31.6,14.6,11.5,37.7,57.9,37.8,82.7,80.2,83.3,71.1,8.1,12.3,43.2,40.6,56.9,59.1,41.5,59.7,57.9,77,81.5,34.4,32,56.4,29.9,59.9,71.7,57.3,59.4,34.7,38.2,60.6,40.8,75.4,81.1,76,76.8,63.1,33.8,23.9,52.5,19.2,32.8,31.3,65.6,33.1,43.8,22.9,68.8,13.3,34.5,65.3,18,17,59.3,25.9,56.9,22.2,4.2,67.2,6.3,2.8,1
id_126,2013,Minnesota,MN,26.31,26.45,27.49,19.75,82.9,6.14,1.21,4.76,4.99,0.85,0.86,1.71,0.19,1.59,1.78,2.17,2.11,11.3,21.6,18.6,25.4,27,28.7,42.9,21.8,36.2,26.4,28.2,16.4,7.7,49.8,78.8,40.6,94.8,81.6,83.3,71.9,4,6.1,46,36.7,45.6,61.2,62,68.3,56.3,80.5,79.3,29,25.5,57.4,40.3,72.6,77.2,61.7,53.5,41.4,58.3,64.8,61.1,75.4,90.1,73.4,79.3,64.5,45.4,23,51.9,20.6,29.8,25.3,60.7,37.5,48.1,29,72.6,10.5,27.6,72.3,13,12,65.2,23.4,52.5,18.2,5.4,65.9,7.2,1.8,0
id_127,2013,Mississippi,MS,27.52,26.71,26.22,19.56,57.97,37.6,0.5,1.06,2.87,0.46,0.49,0.95,0.12,0.84,0.96,0.69,1.51,23.3,12.9,28.5,33.4,43.3,51.5,56.8,46.7,50.2,46.7,44.4,11.9,8.1,38.5,70.3,45.4,77.3,71.6,81.9,60.8,8.4,12.3,47.1,38.6,51.6,71.3,53.9,65.1,39.9,72.7,77.2,36.6,38.8,70.6,34.3,68.9,42.8,59.1,71.5,33.7,43.4,67.3,40,76.9,66.4,69.2,59.6,51,36.2,37.5,36.9,14.9,21.8,35.2,69.3,29.1,44.9,17.5,56.5,23.8,51.7,51.4,28.3,23.9,61.8,24.2,54.9,25.2,8.6,69.4,4.3,2.7,2
id_128,2013,Missouri,MO,25.81,26.27,26.98,20.95,81.4,12.19,0.52,2.08,3.81,0.94,0.97,1.91,0.24,1.79,2.04,2.01,1.79,17.2,18.1,26.3,32.3,40.8,35.8,49.1,19.2,40.1,30.1,34.2,9.8,10.9,45.1,74.8,38.4,84.6,75.3,80.2,65.2,7.1,11.4,49.2,47.2,53.7,67.4,64,65.6,28.4,80.7,76.5,32.4,30,68.6,37.5,71.9,64.4,56,66.6,37,50.4,72.6,37.5,77.7,56.3,60.1,65.2,55.4,40.9,27.9,46.9,16.4,28.7,30.8,65.2,32.8,49.9,23,61.6,20.3,43.6,61.5,19.3,17.8,64.7,25,73.3,22.6,5.4,63.8,6.2,1.8,0
id_129,2013,Montana,MT,24.76,25.48,26.67,23.1,88.34,0.77,6.64,0.92,3.33,0.16,0.16,0.32,0.05,0.31,0.37,0.36,1.79,14.4,22.3,24.8,32.7,34.5,43.4,48.2,24,43.7,25.4,28,11.2,8.6,43,71.7,41.1,88.8,71.8,79.4,60.4,5.9,8.4,48.9,40,58.7,68.5,52,66.4,50.2,77,76.6,28.9,26.7,54.5,40.8,63.5,68.9,46.1,51.1,32.5,35.3,63.3,56.5,73.9,69.8,73.2,53.8,58.7,36.8,21.7,57.1,23.5,36.9,24.5,60.7,37.6,45.4,18.9,63.5,15.5,35.7,66,21.6,14.3,66.6,26.7,60.7,19.6,8.6,60.4,7.9,2.2,0
id_130,2013,Nebraska,NE,27.78,26.72,25.65,19.85,81.77,5.16,0.89,2.21,9.97,0.29,0.3,0.59,0.06,0.55,0.6,0.65,2.05,11.1,20.8,23.2,29.3,33.9,36.4,39.8,22.1,32.9,32.1,27.5,13.8,7.3,43.5,63,35.2,84.7,75.1,80.8,64.9,5,7.7,46.9,37.7,49,59,56.3,58.6,47.2,83.7,77.2,31.7,28.8,60.2,36.8,70.1,52.6,63.4,62,28.7,39.4,72.5,33.4,84.3,65.2,65.5,59.6,62.8,44.3,25.2,49,18.4,29.6,29.7,65.3,32.6,46.9,25.4,67.5,13,30.5,69.5,18,13.5,65.5,22.3,65.1,18.9,5.5,63,7,2,0
id_131,2013,Nevada,NV,26,27.59,26.98,19.42,53.78,8.96,0.99,8.84,27.43,0.44,0.44,0.88,0.11,0.79,0.9,0.75,1.75,15.5,15.5,20,27,32.4,44.2,51.9,30.6,39.3,28.3,30.1,19.2,7.5,30.4,53.5,32.4,77.8,73.6,77.2,61,6.4,9.4,45.7,43.8,40.9,46.9,39.1,52.6,39.6,72.5,76.7,34.3,29.3,58,36.3,52.9,64.7,59,63.8,29.8,32,60.1,50.5,76.4,57.5,45.6,49.3,54.1,29.4,23.3,52.3,23.1,32.9,26.2,64.3,34,40.9,16.5,61.3,14.7,37.1,61.5,27.7,17,62.8,22.8,69.4,19.1,3.2,62.7,7,3.6,1
id_132,2013,New Hampshire,NH,23.46,23.68,30.91,21.95,92.39,1.44,0.28,2.74,3.16,0.21,0.21,0.42,0.07,0.39,0.46,0.47,2.25,8.8,18.3,23.8,29.1,36.4,37.7,47.9,29.3,36.9,27.4,28.7,16.1,10.8,40.1,76.6,39.1,86.4,81.9,83.6,73.9,6.5,10,49,35.9,52.9,61.6,53.4,60.9,35.1,79.7,84,31.4,27.4,54.1,27,68.4,53,59.6,46,34.4,44.9,71.4,42.4,81,78,72.6,64.8,57.3,39.8,21.8,54.1,23,33.7,26.7,60.9,37.2,46.9,27.1,69.7,12.6,33.8,67.3,16.2,12,65.2,26.8,74.4,17,2.8,66.3,6.5,2.4,0
id_133,2013,New Jersey,NJ,25.25,25.38,29.16,20.21,58.44,13.38,0.19,9.21,18.78,1.37,1.44,2.8,0.25,2.44,2.69,2.69,2.42,11.8,17.3,20.8,25.8,30.5,39.1,45.6,29.9,34.6,29.8,29.7,15.2,9,37.7,67.8,34.1,79.6,79.2,82.2,65.1,5.5,8.3,33.7,31.5,39.6,50.4,46.6,59.6,35.2,69.4,81.7,34.7,28.6,57.4,28.6,59.4,45.7,60.3,57.4,25.7,44.7,62.8,34,69.7,62.1,62.9,57.9,67.5,35.6,26.5,49.7,21.6,31.3,25.9,62.2,36,42,22.8,70.6,11.7,33.6,64.6,19.9,16.1,58.7,20.5,56.7,15.8,1.7,69.9,5,2.3,0
id_134,2013,New Mexico,NM,27.1,26.53,25.65,20.73,39.81,2.09,8.86,1.64,47.6,0.33,0.33,0.66,0.08,0.6,0.68,0.61,1.55,22.9,15.1,22.7,28.9,32.8,44.4,55.9,36.2,50.6,34.3,38.7,18.2,9.2,46.8,63.5,33.7,87.5,72,78.8,60.2,5.6,8.1,38.1,37.4,45.5,62.1,51.5,64.5,41.6,76.4,73.1,31.3,27.7,54.7,42.6,58.1,56.3,51.1,55.3,30.1,44.8,57.8,57.7,75.3,70.7,69,60.2,58.1,38.1,24,54.6,23,33.6,26.6,62.8,35.2,42,19.8,62.3,15.4,36.2,63,26.7,20.1,65.2,24.6,65.1,19.3,4.4,62.6,5.9,2.9,1
id_135,2013,New York,NY,24.35,27.78,27.64,20.24,57.93,15.1,0.36,8.3,18.31,3.01,3.2,6.21,0.58,5.54,6.12,5.56,2.36,15.7,17.9,23.3,30.5,40.9,34.9,46.4,31.8,42.2,33.7,29.1,11.4,9.7,38.6,72.6,35.2,81.7,80.5,81.7,69.3,5.4,8.2,37.7,39.8,39.7,55.7,50.9,67.1,39.4,69.4,83,34.7,29.8,57.8,31,67,35.8,55.3,64,28.3,43,67.4,37.2,69.2,67.4,75.1,64.9,60.5,36.9,26.4,47,19.4,28.5,25.2,60.9,36.6,39.7,23.8,67.8,13.8,37.7,61.7,17.7,17.4,58,29.8,58.8,17,2.1,69.4,6,2,1
id_136,2013,North Carolina,NC,25.94,26.53,27.48,20.06,65.32,22.04,1.21,2.74,8.69,1.52,1.6,3.12,0.43,2.88,3.31,3.09,1.7,16.6,13.6,24.9,32.2,47.3,50,57,40.5,49.1,32.3,38.5,21.8,8.4,48.2,73,40.6,83.2,79.7,84.2,70.1,7,10.3,43.9,38.3,57.8,63,59,64.7,40.6,80,80.7,35.3,33.5,60.2,43,75.8,54.7,56.1,58.6,29.8,68.7,73.3,42.7,82.7,73.7,76.5,69.4,56.8,44.6,26.2,48.1,19,28.5,29.1,65.7,32.6,51.8,27.3,64.7,19,44.9,61.2,24.7,18.7,62.4,23.2,67.8,20.4,4.3,64.5,4.9,2.4,1
id_137,2013,North Dakota,ND,25.71,29.53,24.88,19.88,88.2,2.08,5.47,1.39,2.86,0.12,0.11,0.23,0.03,0.22,0.25,0.23,2.42,11.6,24.4,24.9,32.2,43,53,46.3,23.1,34.8,35.4,34,12.3,8.5,50.8,70,42.9,86.6,77.3,80.4,63.3,4.5,7.3,50,33.4,40.1,58.2,55.3,66,59.1,79.8,77.7,30.9,28.3,60.4,45.6,62.3,63.1,54.1,62,36.4,39.4,67.5,43.6,82.9,81.6,74.3,75.7,61.1,41,27.6,45,16.2,25.4,31.4,68.2,30.3,45.7,23.1,66.5,14.2,36.9,67.3,12.1,14.1,67.6,23,57,21.4,7.8,57.3,7.3,2.4,0
id_138,2013,Ohio,OH,25.66,25.27,27.78,21.3,81.23,13.03,0.25,2.11,3.38,1.79,1.87,3.66,0.37,3.47,3.84,3.42,1.82,16.6,18.2,27.5,35.2,41.8,50.9,47.7,32.2,43.3,34.3,33.1,15.5,9.7,39.4,69.9,41.7,86.6,77.8,81.7,65.9,7.7,11.6,44.5,42.2,48.4,57.4,55.5,66.9,39.4,83.3,79.4,31.9,30.9,60.9,32.8,67.6,54.4,69.2,68.6,41.4,49,70.5,41.6,81,77.9,76,62.8,59.3,38.1,27.9,48.9,18.4,30.5,30.2,64.9,33.3,44.1,21.9,66.8,17.9,40.6,63.6,16.8,17.2,57.7,26.9,65.3,24.3,4.5,64.9,5.7,2.1,1
id_139,2013,Oklahoma,OK,27.32,27.31,25.56,19.81,70.27,8.27,9.53,2.29,9.64,0.6,0.62,1.22,0.15,1.1,1.26,1.12,1.94,17.2,13.1,25.8,32.8,46.6,44.3,54.4,34.2,44.1,34.7,39.5,15.7,9,44.2,69.8,41.3,91.3,71.9,77.1,59.2,7.4,12,54.2,47.9,55.7,65.2,56.6,67.5,41.7,85.9,76.6,35.3,36,65.1,35.8,73.1,61.7,61,65.1,44.7,51.2,72.7,38.4,82.4,64.4,60.8,57.2,54.6,42.2,32.3,43.3,15.2,26.6,32.5,68,30,50.2,20.2,58.7,21.3,44,60,22.9,20.1,61,26.6,66.4,24.1,6.5,63.6,4.3,3.2,1
id_140,2013,Oregon,OR,24.35,27,26.68,21.97,79.24,2.26,1.37,4.88,12.25,0.61,0.63,1.24,0.11,1.16,1.28,1.44,1.76,16.8,17.4,26,31.3,37.4,44.4,53.1,26.2,43.1,23,32.7,13.4,11.5,35.7,59.6,42.7,90.7,76.2,80,67.9,6.1,8.8,47.8,38.6,50.7,61.2,45,65.3,51.6,79.9,77.3,30.8,29.9,54.2,36.1,57,54.6,52.1,66.3,36.9,34.7,60.7,41.7,85.5,72.9,65.6,52.9,60.2,33.6,18.4,63,24.6,41.5,26.4,59.3,38.6,42.9,21.8,66.8,13.8,31.8,67.3,25.2,17,66.8,28,67.2,17.7,4.8,64.5,8.8,2.8,0
id_141,2013,Pennsylvania,PA,24.15,25.18,28.08,22.59,79,11.21,0.17,3.26,6.36,1.98,2.07,4.04,0.4,3.78,4.18,3.94,2.05,14.8,18.5,26.9,35.1,39.8,43.9,48.4,25.9,39.9,31.4,31,8,9.6,44.7,66.6,42.1,84,78.3,80,68.7,6.4,10.2,57.6,44.2,55.3,59.1,50.9,62.7,39.2,77.9,79.4,32.5,30.7,61.8,37.2,64.2,56,53.3,57.6,34.5,42.3,64.7,37.5,78.7,72.8,67.1,60.9,58.3,37.3,25.4,47.4,18.5,28.5,30,64,34.1,46.8,25.8,67.7,16.5,40.1,63,15.7,15.9,59.9,24.9,57.3,21.8,4.6,66.1,6,2.2,0
id_142,2013,Rhode Island,RI,23.77,26.42,28.38,21.44,75.99,6.31,0.5,3.47,13.74,0.16,0.17,0.33,0.04,0.31,0.35,0.34,2.01,14.8,18.6,25.4,30.6,41.1,54,49.8,29.5,37.3,28.3,31.8,14.8,11.9,48.6,65.1,43,79.7,85.2,85,74.1,6.9,9.2,48.8,37.5,54.3,59.1,57,69.2,42.9,77.9,83.1,33.6,31.8,61.9,34.5,66.5,49.6,61.5,62.9,33,46,69.7,40.4,79.3,73.4,75.6,66.2,70.5,44,26.5,48.5,19.5,29.7,27.5,64.8,33.5,45.7,29.6,73.2,12.9,34.5,66.4,19.4,15.8,60.5,27.2,57.8,18.3,2,67.9,6,2,0
id_143,2013,South Carolina,SC,25.38,26.24,26.9,21.49,64.73,28.05,0.4,1.6,5.22,0.73,0.78,1.51,0.24,1.4,1.64,1.44,1.6,18.9,15.8,28.3,34.7,43.2,51.6,54.2,36.3,44.7,32.3,36.8,14.1,8.5,37.4,67,33.7,80.5,76.3,80.8,67.8,7.5,11.3,46.5,40.9,53.6,63.7,51.9,60.9,57.5,82.4,80.4,36.6,36,66.7,46.7,67.9,58.2,65,67.6,27.2,38.8,69.3,42.8,78.5,70.7,71.8,57,57.6,38.2,26.4,48.1,18.1,29.2,32,66.5,32,47,21.3,61.4,18.3,42.6,60.2,24.3,18.7,59.8,21.7,55,22.7,4.6,66.4,5.7,2.2,2
id_144,2013,South Dakota,SD,27.5,26.13,25.54,20.83,84.3,2.05,8.93,1.31,3.41,0.13,0.13,0.27,0.03,0.25,0.28,0.28,2,13.2,20,23.4,29.6,32,43.4,44.2,21.5,35.2,28.9,19.3,17.8,7.8,53.2,69.9,32,84.4,79.9,81.8,66.3,4,6.6,44.7,37,46.1,66,54.3,57.8,35.2,74.5,75.5,29.9,28.4,61.9,47.5,73.1,60.9,55.5,62.2,30.2,51.9,82.1,29.1,75,72.5,72.1,69.3,68.8,49.1,23.6,52.9,18.3,34.5,29.9,66.8,31.6,47.1,27.6,70,15.8,37.3,66.3,15,12,70,21.5,54,20,6.9,61.7,5.3,2.3,0
id_145,2013,Tennessee,TN,25.55,26.38,27.47,20.6,75.8,17.25,0.29,1.78,4.88,1,1.05,2.06,0.23,1.91,2.14,2.31,1.74,16.9,10.3,24.6,31.6,41,50.4,60.5,45.1,53.8,44.6,47.2,10.6,6.9,34.7,74.5,35.2,87.8,76.9,84.9,66,8.8,14,60.6,45.2,50.4,64.2,58.5,65.6,44.6,77.9,82.5,33.8,36.5,70.3,47.8,74.8,49.5,64.9,60.9,30.4,51.7,80.3,37.6,79.4,65.1,72.4,56.5,51.4,43.4,36.6,37.1,12.3,20.5,33.8,68.3,29.9,45,21.1,59.4,22.5,45.9,59.4,21.5,22.1,59.7,27.3,58.7,24.4,4.9,66.1,3.5,2.2,2
id_146,2013,Texas,TX,29.48,28.66,25.8,16.06,44.7,11.98,0.37,4.51,38.44,4.16,4.22,8.38,0.79,6.99,7.79,9.79,1.98,17.9,16.6,21,27.4,30.9,39.9,52.7,36.2,44.4,34.3,39.8,15.4,7.3,41.8,74.1,40.4,86,74.9,77.4,60.2,5.4,7.8,39.3,34.1,41.6,51.7,53.1,61.6,37.8,75.6,77.9,34.2,31.3,59.8,36.5,65.4,49.1,56.3,56.4,22.4,39,68,38.8,71.9,60.7,52.3,62.7,47.4,35.8,30,41.7,17.2,24.6,30.9,66.4,31.7,42,19.3,58.8,13.5,32.3,64.7,32.8,19.3,65.4,29.2,49.5,15.7,4.2,68,5.9,3.1,1
id_147,2013,Utah,UT,33.93,30.66,21.45,13.95,80.94,1.28,1.06,3.44,13.28,0.46,0.46,0.92,0.07,0.69,0.77,1.11,1.61,11.4,11.7,21.3,26.4,25.9,36.2,46.8,22.3,36.7,24.6,28.7,13.5,9,40.2,62.1,37.3,79.2,73,75.4,69.6,4.2,7,31.8,29.1,51.4,59,47.3,62.7,34.2,79.5,75.6,30.9,26.2,52.1,36.8,62.8,61.2,53.9,50.4,33.2,50.2,64.4,41.1,78.1,67.8,67.6,59.1,64.2,37.8,21.1,54.8,21.2,33.2,25,60.7,37.3,44,23.5,71.2,11.3,27,70,18.7,13.1,65.3,27.3,56.9,10.1,2.7,67.8,4.4,3.2,0
id_148,2013,Vermont,VT,23.12,24.15,29.32,23.41,94.91,1.4,0.43,1.57,1.7,0.1,0.1,0.2,0.05,0.19,0.24,0.22,2.02,11.6,18.7,24.9,32.8,39.5,49.7,49.7,24.6,37,23.5,28.6,15.5,11.6,46.8,67.6,36.6,85.3,77.6,82,70.8,5.1,7.8,34.9,37.6,40.4,58.4,59.9,69.2,53.6,81.9,81.4,28.5,28.1,52,39.6,71.6,48.4,54.6,58.9,43.9,55.7,65.8,47.4,84,75,75.2,66.2,61.1,41.8,19.8,58.1,23,37.7,24.9,61.7,36.8,45.8,26.5,70.8,16.7,37.2,68.2,12,11.3,66.5,26.9,75,17.7,3,63.4,7,1.8,0
id_149,2013,Virginia,VA,25.34,27.53,28.07,19.05,64.89,19.78,0.3,6.5,8.53,1.28,1.33,2.61,0.23,2.33,2.56,2.56,2.15,12.9,16.5,23.8,30.9,34.5,48.8,50.5,30.2,40.5,30.1,33.1,16.8,8.6,40.3,72.4,36.8,85.4,80.2,84,69.4,6.4,9.7,49.2,40.8,45.8,54.8,59.3,66.8,43.5,83.3,82.4,34.4,31.3,62.7,33.7,67.2,63.7,63.9,64.6,22,39,65.8,44.8,77.8,73.2,65.1,59.9,64.1,42.5,25.3,51.3,22,31.4,27.2,63.9,34.2,47,26.4,70.2,14.2,35.5,66.9,18.7,15.6,60,22.9,63.8,19,4,65.4,5.7,2.3,1
id_150,2013,Washington,WA,25.38,27.77,27.28,19.57,72.98,4.47,1.55,9.12,11.88,1.1,1.1,2.2,0.19,2.03,2.22,2.87,2.11,14.3,17.3,23.9,31.6,39.3,56.4,54.2,26.4,38.9,24.3,29.3,16,9.8,43.4,68.3,37.2,91.7,75.9,79.1,69.2,5.4,8,40.9,37.3,50.6,65.5,53.5,63.4,50.3,78.8,77.7,31.7,29,50.9,43.1,61.5,65.2,45.7,60.1,35.2,52.3,64.4,57.3,80.9,70.5,71.3,62.8,61.7,40.4,19.8,55.4,21.1,34.8,26.9,61,37.1,47.4,25.8,68,10.9,29.2,69.5,21,15.4,65.1,29.1,65.6,16.2,3.7,66.3,6.5,3.3,0
id_151,2013,West Virginia,WV,23.13,24.61,27.9,24.36,93.67,3.88,0.21,0.86,1.39,0.29,0.3,0.59,0.09,0.56,0.65,0.49,1.56,18.9,12.3,32.4,38.5,46.1,52.3,58.2,37.4,47.1,35.4,38.8,11.6,9,40,80.6,31.6,81.7,76.3,80.1,64.5,9.6,14,59.1,44.5,55.2,65.6,58,58.2,36.1,76.6,79.4,36.1,37.2,65.2,39.1,73.6,48.8,60.5,70.8,36.9,52.9,82,37.3,80,63.4,69.2,62.2,51.6,42.6,30.3,47.5,12.8,31,35.5,68.5,29.7,50.5,24,56.9,30,58.8,51.2,24.9,24,57,19.6,65.5,28.9,10,58.9,4.1,3,2
id_152,2013,Wisconsin,WI,25.63,25.59,27.95,20.84,83.21,6.78,0.96,2.73,6.33,0.9,0.91,1.82,0.25,1.73,1.98,2.14,1.9,12.5,23.9,23.2,28.9,42.4,42,48.4,29.1,44.9,26.2,33,16.1,10.6,37.5,49.9,35.5,85.7,80.3,83.7,71,5.1,8.5,47.7,41.1,47.2,56.3,48.9,68.9,37.9,80.5,78.8,30.7,30.1,56.5,36.8,53.9,67.7,55.5,75.8,26.9,38.6,54.7,41.1,77.8,63,64.6,55.8,72.3,35.6,23.1,52.3,19.2,30.1,29.6,66.3,31.6,40,21.8,71,12.2,32.6,70.5,14.4,14.8,64.9,26.5,77.3,19.2,4.5,71.1,7.9,2.2,0
id_153,2013,Wyoming,WY,26.32,27.46,26.33,19.89,85.55,1.62,2.26,1.03,9.54,0.09,0.09,0.18,0.03,0.17,0.2,0.21,2.35,11.5,17.4,23.7,29.6,46,38.2,45.9,20.9,34.6,29.9,29,14.8,9.1,32.7,66.6,34.5,77.6,66.4,76.7,57.3,6.7,10.3,41,37.6,51.8,63.8,48.7,69.7,34.4,77.3,77.2,30,27.2,55,23.8,55.7,54.1,52.4,48.9,36.4,49.5,59.6,43.8,77.7,66.2,66.2,56.4,65,33.2,25,53.5,20.2,34.5,27.7,64.1,34.5,41.8,17.2,66.1,17.5,35.6,65.3,23.9,14.7,69,18.6,65.8,20.8,9.1,62.1,5.9,2.6,0
id_154,2014,Alabama,AL,25.44,26.27,26.9,21.39,67.08,26.85,0.6,1.46,4.01,0.74,0.78,1.52,0.21,1.43,1.64,1.34,1.57,19.4,12.8,31.7,37.2,47.6,42.9,53.1,38.9,51.3,30.1,36.4,14.9,9.5,37.8,69.9,36.5,79.1,76.5,83,61.9,9.7,13.6,49.9,40.6,55.1,71.4,53.2,60.5,38.5,75.2,85.1,34.6,38.8,68,33,64,57.2,56.3,70.5,36.5,38.5,68.5,39.2,74.8,65.3,69.8,59.5,49.3,37.7,27,44.5,17,26.3,33.9,66.9,31.6,45.1,18.3,60.2,22.8,50.2,55.3,17.9,21.8,59.1,25.8,67.1,21.7,6,70.7,4.6,2.8,2
id_155,2014,Alaska,AK,27.85,30.31,26.58,15.26,65.21,4.24,16.15,7.74,6.66,0.12,0.11,0.23,0.04,0.19,0.23,0.23,2.36,10.4,19.8,22.5,27,31.3,73.4,49.1,24.4,43,22.9,25.2,19.3,8.2,39.4,68.2,43.9,85.6,68.8,78.5,58.6,4.3,7.4,47.6,41.1,59.5,67.5,48.1,63.4,77.4,68.2,79.7,29.9,30.8,49.5,61.7,49.4,55.7,49.7,60.3,28.3,35.6,53.1,42.2,67.5,77.7,60.6,59.6,52.4,35,19.2,57,24.4,37.2,29.8,65.2,33.7,35.9,22,63.9,15.5,33.4,62,17.1,13.4,62.7,27.5,51.9,19.5,5.2,64.8,8.6,2.1,0
id_156,2014,Arizona,AZ,26.86,26.97,24.81,21.37,57.09,4.55,4.22,3.58,30.57,1.05,1.06,2.11,0.32,1.86,2.17,2.18,1.64,19.7,15.7,23.2,30.1,40.4,39.5,50.4,31.5,42.9,26.9,38.2,15.2,9.7,36.5,62.6,39.3,84.5,75.8,79.8,60,6.6,9.6,36.1,35.3,49.8,65.8,46.1,62,33.3,80.5,83.3,32,28.5,53.2,34,60.2,53.8,57.4,58.9,39.1,34.8,59.7,46,76.5,60.5,67.9,56.4,47.6,32.6,20.9,52.7,22.8,33,29.2,64,33.8,40.9,17.4,58.6,12.5,32.8,62.6,18.1,18.5,65.2,27.7,59.9,16.9,3.3,64.8,5.9,3.2,1
id_157,2014,Arkansas,AR,26.45,26.25,25.73,21.57,74.5,15.88,0.81,1.82,7,0.46,0.47,0.93,0.12,0.86,0.99,0.83,1.64,19.2,14.1,28.1,34.7,39.6,40.8,55.9,39.1,52.8,40.4,43.1,16.4,8.7,37.4,74.3,30.2,91,67.1,77.8,57.1,8.2,13.8,54.6,52.2,58.4,73.4,52.8,62.1,52.6,80.6,80.8,33.2,37,65.1,30.1,65.3,50.2,54,66,38.8,37.4,63.5,38.8,76.8,59,61.5,51.7,52,39.6,29.7,44.4,16.4,28,36.1,70.7,27.5,42.6,18.4,57.2,22.2,47,53.3,20.3,22.4,60.3,26.5,71.5,25.4,6.6,63,5.2,2.7,2
id_158,2014,California,CA,26.43,28.96,26.47,18.14,39.95,6.25,0.54,14.87,38.39,6.02,6.1,12.12,0.76,9.57,10.33,10.29,2.17,16.2,15.6,19.9,27.4,28,39.4,48.1,28.5,42.8,26.7,31.4,16.7,7.7,38.5,69.1,41.4,88.7,82.7,83.7,60.6,4.7,7.9,24.6,33,44.6,66.5,47,65.3,40.6,80.6,85.2,30.7,27.4,51.9,39.6,60.7,58.9,55.7,55.4,24.2,30.8,65.6,31.2,79.8,61.2,69.6,57.2,51.1,35.7,21.5,56.1,23.3,34.5,24.8,59.8,37.8,41.3,20.6,64.9,9,30.5,64.3,17.8,18,64.2,26.4,64.5,12.8,1.6,65,5.6,2.5,1
id_159,2014,Colorado,CO,25.92,28.76,26.86,18.46,70.16,4.49,0.75,3.46,21.14,0.84,0.84,1.68,0.18,1.54,1.72,1.91,2.15,13.4,17.8,22.1,30,36.1,44.1,45.8,24.2,41.7,20.1,26.9,16,8.3,46,73.3,38.2,84.1,73.9,84.8,64,3.9,6.6,40,32,55.4,70.7,64.9,68,42.9,82.8,84.2,28.3,25,51.3,52.7,70.6,58.9,52.9,52.7,32.2,53.3,70.9,42.9,80.3,71.8,69.3,57,59.8,44.2,16.4,59.4,26.2,37.7,21.2,57.2,40.7,50.4,25.6,66.9,11,31.2,69.4,15.5,13,69.8,24.7,68.3,15.8,4,68.8,6.5,2.4,0
id_160,2014,Connecticut,CT,24.46,24.75,29.05,21.74,69.85,10.4,0.27,4.57,14.91,0.55,0.58,1.13,0.08,1.03,1.11,1.14,2.76,10,17.1,21.4,31,35.3,30.5,45.2,27,36.4,21.2,32.3,12.9,9.3,47,65.7,29.5,86.9,83.7,87.6,70.8,4.7,7,32.5,40.2,37,52.3,57,59.8,25.5,75.6,87.9,31,27.8,56.9,55.4,67.2,52.7,55.2,59.9,36.5,51.8,65.3,47.3,75.3,79.5,67.4,64.2,74.2,41.3,20,52.3,22.6,31.3,25.9,59.6,38.9,46.7,28.6,74.6,10.7,32,65.1,11,13.8,62.3,21.1,66.4,16.1,1.9,68.5,5.7,2.3,0
id_161,2014,Delaware,DE,24.51,25.79,26.97,22.73,64.73,22.25,0.36,3.93,8.73,0.14,0.15,0.29,0.05,0.27,0.31,0.3,1.94,12,16.8,23.8,30.9,29.5,39.5,45,33.3,41.9,30.1,26.7,13.8,8.7,45.1,75.2,38.9,89.1,85.3,86.8,68.1,6.1,8.6,37.2,38,52.1,55,52.7,70.9,54.6,78.8,86.7,32.6,32.1,60.6,43.1,64.9,51.5,53.9,64.1,30.8,35.6,63.4,40.5,80.9,67.3,64.3,62,54.3,39.4,24.2,48.9,21.4,30,30.5,67.3,31.1,47.5,25,66,16.5,43.5,62.6,11.2,14.9,60.3,25.9,71,20.3,1.7,65.6,5.2,3.2,1
id_162,2014,District of Columbia,DC,20.7,39.36,23.37,16.57,36.51,48.58,0.27,4.19,10.45,0.1,0.11,0.21,0.02,0.21,0.24,0.42,3.02,19.4,22.7,20.9,31.9,38.8,42.4,47.7,35.3,41.2,26.5,29.3,14.5,11.3,38.1,65,34.3,69,81.1,85.7,63.8,5.7,9,32.1,38.8,43.9,55.3,43.4,63.5,39.8,67.2,89.4,30.8,30,57.7,27.7,46.4,41.5,55.1,57.8,19,27.9,50.4,39.1,70.3,61.3,63.4,62.8,66,42.3,21.6,56.1,25,34.6,22.1,55.6,42.5,38,25.4,70.5,11.4,36.7,69.1,8.9,13.8,66.5,25.2,62,16.4,1.8,72.1,8.7,2.5,1
id_163,2014,Florida,FL,22.77,25.24,26.86,25.14,56.63,16.08,0.29,2.93,24.07,3.05,3.19,6.24,1.09,5.82,6.91,5.67,1.83,16.5,16.4,23.1,30.2,34.4,45.5,54.7,38.6,47.6,29.9,37.2,19.9,8,32.9,61.9,35,85.2,77.8,79.9,62.5,6.8,10.1,44,35.4,62.1,69.3,39.2,57.1,36.7,78.6,84.7,32.2,29.9,58.9,26.8,55.4,56.4,57.3,58.8,29.6,32.6,57.8,40.9,74,68.4,74.7,61.9,49.5,29,22.9,51.1,22.7,32.2,26.4,61.5,36.4,38.2,16.9,61.4,13.3,34.5,58.2,23.1,18,62.4,22.2,62.8,18.6,3,72,6.8,3.4,1
id_164,2014,Georgia,GA,27.49,27.52,27.24,17.76,55.18,31.51,0.26,4,9.04,1.54,1.62,3.16,0.34,2.78,3.12,2.88,1.69,19,14.5,24.6,33.2,38.4,34.1,48.8,34.6,43.3,31.1,39.2,16.4,8.2,34.1,68.7,37.3,82.1,80,84.5,63.8,7.3,10.4,42.2,42.5,52.8,65.3,46.1,66.2,20.3,69.2,85.6,31.8,33.7,63.2,44.2,59.9,51,55.7,65.4,32.1,36.8,62.5,26,76.6,62.5,65.2,66.3,46.9,34.1,23.4,48.3,21.1,29.5,30.5,65.7,32.2,39,19.1,60.5,20.1,43.7,61.8,25.2,18.4,59.5,20.4,60,17.4,4.8,71,5.3,3,2
id_165,2014,Hawaii,HI,23.95,27.83,25.7,22.51,21.74,2.47,0.25,65.87,9.67,0.22,0.22,0.44,0.05,0.35,0.4,0.43,1.95,8.3,20.8,19,25.4,33.6,32.5,38.2,23.7,36.1,24.4,27.1,20.4,9.3,46.7,74.2,40.5,75.3,83.4,77.9,65.2,3.5,5.2,34.3,34.3,43.4,44.3,54.8,41.4,23.8,66.7,80.9,29.6,27.7,57.4,42.2,73.5,52.9,54.6,60.2,19.1,49.8,78.7,42.4,75.4,74.3,75.6,65.8,67.7,44.2,19.3,56.6,25,36.3,22.5,58.3,39.3,43.8,29.2,71,6.6,25.1,63.5,9.8,14.2,54.4,22.6,60.4,14.6,1.5,66.7,8,4,0
id_166,2014,Idaho,ID,29.15,26.33,24.52,20.01,84.15,0.91,1.26,1.66,12.03,0.26,0.26,0.51,0.06,0.46,0.52,0.56,1.59,15.4,15.4,23.6,29.9,34.1,41.6,49.2,25.8,41.4,21.6,28.3,18.6,8.7,34.3,66.1,29.8,80,68.4,76.2,57.7,4.7,6.8,39.2,25.8,60.7,60.9,51.3,56.1,34,81.8,79,29.9,28.6,51.8,30,58,55.7,53.7,55.1,35.1,34.2,60.2,31.3,73.8,67.6,51.7,47.3,57.4,33.9,18.7,55.2,21.8,35.6,29.2,65.7,32.9,38.6,18,64.1,15.4,33.3,65.6,20.4,13,66.7,21,64.6,16.4,5.2,64.4,5.2,2.3,0
id_167,2014,Illinois,IL,25.89,27.39,27.02,19.69,63.12,14.69,0.2,5.5,16.49,1.99,2.06,4.05,0.33,3.62,3.96,3.88,2.08,14.6,20.9,23.7,31.8,35.6,42.5,43.5,26.7,39.1,28.3,33.3,15.4,9.1,41.7,60.7,34.8,87.6,78.2,81.5,60.3,5.6,8.6,29.1,36.4,42.3,53.5,54,64.5,42.5,75,83.7,30.1,29.2,59.2,36.5,60.2,51.2,52.1,54.5,28.4,56.4,57.3,38.2,68.7,68.4,64.7,56.7,52.2,37.8,23.6,50.8,21.7,30.5,29.2,63.8,34.2,38.9,22.3,63.6,17,41.2,64.5,14.7,17,63.4,25.1,62,16.7,3.3,65.4,6.4,2.6,1
id_168,2014,Indiana,IN,26.79,26.35,26.69,20.17,81.14,9.9,0.27,2.19,6.49,1.02,1.05,2.07,0.21,1.9,2.11,2.34,1.74,15.9,15.4,27.6,34.1,39.1,48.5,47.6,29.9,46,33,35,14.8,10.7,37.8,64.3,35.9,84,72.4,78.6,59.5,8.3,12.6,51.1,44.1,59.9,64.1,48.7,65.3,36.1,79.5,81.7,31.4,31.8,62.1,22.7,55.7,59.2,57.5,58.9,33.5,32.5,61.5,36.3,79.3,66.2,66.8,51.4,55.7,35.3,25.6,45.1,17.5,26.9,32.8,66.4,31.4,40.2,19.2,61.3,18.4,40.9,59.4,18.4,18.4,59.4,21.9,66.5,23.5,4.5,62.8,5.2,2.5,1
id_169,2014,Iowa,IA,26.38,26,25.74,21.88,87.75,3.86,0.32,2.5,5.57,0.49,0.49,0.98,0.09,0.92,1.01,1.18,1.89,11.8,22.7,23.7,30.8,38,35,40.6,22.6,37.4,25.7,27.7,15.5,8.5,45.7,81.2,33.1,87.1,80.5,85,65.1,5.2,8.1,50.8,48.4,60.4,65.9,59.6,69.9,36.7,79.7,81.6,30.2,28.6,58.5,41.8,70.5,58.4,55.3,56.7,41,56,72.7,41.7,77.5,80,70.6,57.1,50.4,43.2,21.7,48.2,19.1,27.8,31,66.8,31.9,48.2,28.6,69.2,15,36.2,68.4,10,13,66.8,24.3,66,19.3,5.4,62.1,6.4,2.5,0
id_170,2014,Kansas,KS,27.71,26.94,25.27,20.08,78.06,6.6,0.98,3.03,11.34,0.45,0.46,0.91,0.09,0.83,0.92,1,1.98,13.2,16.6,23.9,30.7,34.8,41.8,45.3,27.8,40.6,29.1,30,13.2,8.7,39,62.4,38.1,86.7,76.1,82.4,61.5,6.2,10,49,41.5,49,60.6,51.8,65.6,36.5,79.6,81.4,31.4,30.7,59.3,39.6,64.6,57.6,54,57.3,33.3,42.5,64.2,45.4,78.3,67.2,69.6,64.3,57.2,38.3,23.4,49.1,19.2,29.5,31.5,66,32.4,44.1,21.2,67.1,16.5,35.6,67.2,18,15,66.6,24.2,68.6,18.4,5.8,64.5,5.1,2.5,1
id_171,2014,Kentucky,KY,25.55,26.27,27.25,20.93,86.36,8.52,0.22,1.51,3.4,0.68,0.7,1.39,0.15,1.3,1.45,1.25,1.59,19.6,13.5,31.9,39.3,44.8,61.2,53.4,36.4,52.2,33.5,44,13,11.9,43.9,71.5,42,80.1,79.2,81.3,63.9,11.6,16.4,54,43.1,54.4,63.7,58.4,61.9,39.9,77.9,83.7,34.1,36.9,65.7,38.1,72,49.4,58.8,67.3,38.2,52,74.8,50.8,78.7,68.3,73.7,56.7,62.5,42.2,27.4,43.4,17.1,27.3,31.7,66.2,31.3,49.4,24.6,61,24.3,51.2,56.7,12.5,23.6,58.6,25.9,59.4,26.9,7,61,5.6,3.3,2
id_172,2014,Louisiana,LA,26.48,28.08,25.95,19.48,60.07,32.65,0.68,1.81,4.78,0.71,0.75,1.46,0.18,1.31,1.49,1.27,1.82,19.6,16.5,25.9,30.5,35.3,41.5,50.1,42.5,47.9,35.2,35.4,13.9,7.6,34.7,77.3,36.4,81.3,79.2,84,60.7,7.3,10.3,48,41.8,50.3,64.6,60.7,63.4,26,72.3,83.8,34.1,37.9,67.6,44.8,69.5,56,59.5,69.4,23.4,49.2,64.6,30.8,66.9,67.1,73.1,68,40.9,40.1,29.2,45.5,18.6,27.6,35.1,68.8,29.7,46.3,21.5,58.3,20.9,47.8,58,22.8,21.1,61.6,18.9,54.9,24.4,5.4,70.3,6.6,2.8,1
id_173,2014,Maine,ME,22.06,22.93,29.38,25.63,94.81,1.65,0.75,1.27,1.52,0.2,0.21,0.42,0.12,0.42,0.54,0.43,1.76,12.9,19.4,27,33.9,46.1,41.2,50.7,27,44.8,22.5,30.3,14.2,11.9,43.2,62.7,48.1,88.6,82.9,85.6,72.6,6.8,10.3,52.5,45.6,52.2,63.5,46.2,64.6,48,83.1,81.8,30.7,29.6,56.8,36.1,65.6,60,55,61.3,32,61,67.5,62.7,85.5,82.4,79.1,63.9,59.1,39.5,18.4,52.8,20.3,33.9,27.9,63.5,34.7,47.1,28,62.3,17.9,41.2,61.4,14.4,14.2,65,27.5,71.2,21.3,2.4,61.8,7.3,2,0
id_174,2014,Maryland,MD,25.25,26.8,28.33,19.62,53.69,30.28,0.3,6.56,9.16,0.91,0.97,1.87,0.16,1.64,1.8,2.01,2.27,9.7,15.9,23.9,33.2,38.2,48.6,45.4,30.5,39.5,28.5,27.2,15.3,8.7,40,63.8,35.2,81.7,83.5,86.7,68.6,5.4,8.2,43.9,30.6,39.7,47,53.2,61.6,47,77.5,88.1,31.7,30.8,62,42.4,67,51.1,51.6,61.6,37,56.3,65.7,49.2,77.6,70.4,76.1,63.1,63.5,40.8,21.1,50.7,22.5,29.3,29.3,64.4,34,45.1,26,69.6,13.3,36.9,64.3,11.8,13.8,58.2,26.4,62,14.6,1.8,68,5.4,2.8,1
id_175,2014,Massachusetts,MA,23.68,27.15,28.07,21.09,75.11,7.29,0.23,6.53,10.85,1.03,1.09,2.12,0.19,1.94,2.13,2.49,2.49,11.3,18.4,25.3,34.3,42,53,47.2,27.4,39.1,25.2,31.7,14.2,12,50.4,55.6,42.6,88.4,87.9,87.9,72.5,6.1,9.2,44.6,39.2,61.4,63.3,53.2,68.6,46.4,78,87.9,29.8,26.9,57.5,38.4,55,46.9,54.7,55.7,39,46.4,62.3,45.1,80.2,71.6,68.4,72.3,68.2,42.8,19.7,52.3,22.1,31.6,23,58.4,39.3,41.2,29.8,74.6,14.7,40.3,64.4,5.4,13.9,62.8,32.1,62.4,14.9,1.5,71.4,7,2.9,0
id_176,2014,Michigan,MI,25.23,25.29,27.68,21.8,76.74,14.62,0.7,3.13,4.81,1.53,1.59,3.12,0.45,2.91,3.36,2.93,1.75,16,20.1,29.2,36.7,41.7,36.8,49.1,30.9,44.6,26.2,29.7,12.9,10.9,40.6,57.9,36.7,84.2,81.9,83.6,68.4,8.2,11.7,44.2,38.2,46.4,56.9,46,58.1,23.4,76.9,86,32.4,31.7,58.7,34.4,60.7,60.3,58,63.4,27.7,63.2,63,49.3,74.1,75.6,75.3,64.5,72.3,34.5,25,51.3,20.4,31.9,30.5,65.2,32.8,41.7,23.1,68,13.3,36.3,64.9,13.1,16,58.9,23.8,62.9,22.1,4.5,66.7,6.9,3,1
id_177,2014,Minnesota,MN,26.16,26.58,27.01,20.25,82.46,6.35,1.21,4.91,5.08,0.85,0.86,1.71,0.18,1.59,1.78,2.17,2.11,11.1,20.4,20.2,26,32.2,33.3,44.7,22.5,37.2,23.3,26.8,16.1,8.5,48.5,69.8,37.1,84.2,81.5,86.2,68.4,4.1,6.5,42.6,39.6,50.8,58.2,61.2,69.7,40.3,79.2,84.1,27.3,25.5,57.1,39,65.1,69.1,53.6,52.4,30,53,69.3,41.4,80.6,80.5,71.9,69.6,60.8,44,19.9,53.9,22.2,32.3,27.4,63.7,34.9,46,29.6,72.3,10.8,28.6,71.5,9.1,11.7,68.2,25.2,64,16.6,4.2,66,6.5,2,0
id_178,2014,Mississippi,MS,27.28,26.76,25.92,20.04,57.77,37.69,0.5,1.09,2.95,0.46,0.48,0.94,0.12,0.84,0.96,0.68,1.48,22.6,13.5,27.6,34.7,37.3,53,52.3,44.8,48.2,42.7,42.3,14.1,7.5,31.9,72.5,36.1,70.5,69.5,82.7,57.1,7.1,10.2,48.7,43.1,63.5,62.3,50.3,54.4,32.8,77.7,82.3,34.1,39.8,68.9,22.9,68.4,45,55.3,68.3,34.9,34.4,68.6,26.2,68.2,63,66.6,59.9,44.1,35.6,31.4,40,16,23.5,36.1,70.8,27.6,45.1,16.7,56.9,23.1,52.2,49.6,23.2,21.3,61.7,18.6,74.6,23.6,7.8,66.7,4.4,2.8,2
id_179,2014,Missouri,MO,25.61,26.38,26.59,21.42,81.21,12.23,0.53,2.15,3.9,0.93,0.97,1.9,0.24,1.79,2.03,2,1.77,16.8,15.9,25.7,32.4,36.8,36.2,50.1,29.8,44.3,34,31.2,12.1,9.8,51,73.7,41.2,87.7,72.6,81.1,59.4,7.5,12.1,43.9,40.8,57.7,66.1,63,68.5,27.7,85.3,82.5,31.3,30.7,62.4,31.2,75.7,56.7,53.9,62.5,32.7,34.4,75,40.7,83.5,62.7,65.1,62.1,46,41.2,24.2,47.5,18.2,28.8,30.4,65.3,33.3,50,24,58.3,20.3,46,61.9,16.5,16,63.3,28.9,65,21.1,5,60.1,5.3,2.3,1
id_180,2014,Montana,MT,24.61,25.7,25.98,23.7,88.15,0.78,6.65,0.96,3.46,0.16,0.16,0.32,0.05,0.31,0.37,0.35,1.79,14.1,20.5,23.2,29.1,30.5,40.8,48.2,24,43.7,22.4,28.3,16.3,9.8,35.5,66.9,32.3,85.4,72,81.7,58.2,6.1,9.1,51.2,44.3,47.7,65.8,41.7,61.1,27.3,79.4,79.9,26,26.7,54.8,29.4,64.5,59.2,47.8,56,38.9,37.8,68.3,42.6,81.1,69.8,68.7,58.1,55.8,36.6,18.7,58.3,24.6,39.6,26.5,62.5,35.5,43.9,19.1,61.8,17.4,36.1,65.1,16.5,14.4,67.3,27.6,51.7,20.9,8.1,63.5,7.5,2.3,0
id_181,2014,Nebraska,NE,27.69,26.87,25.21,20.23,81.32,5.25,0.9,2.37,10.17,0.29,0.3,0.59,0.05,0.55,0.6,0.65,2.06,11.1,21.2,23,29.2,34.7,43.4,41.9,22.9,35.5,23.2,24.5,13.8,7.8,46.1,71,39.2,87.7,76.1,81.9,61.8,5.5,8.1,43.2,42.5,48,60.9,60.3,70.1,45.8,80.9,81.8,29.7,28.5,58.5,39.5,69.3,76.2,54.7,55.9,31.9,46.3,70.6,56.6,80.7,78.4,69.2,54.8,57.6,42.9,20.8,49.4,20.1,28.9,30.3,66.6,31.7,46.2,24.6,66.2,14.3,32.6,68.2,15.7,12.8,67.2,26.5,69.2,17.8,4.8,63.7,6.5,2,0
id_182,2014,Nevada,NV,25.73,27.56,26.75,19.96,53.17,9.14,0.99,9.01,27.68,0.45,0.44,0.89,0.1,0.79,0.9,0.76,1.76,15.6,16.5,21.9,25.8,24.1,34.8,48.8,31.5,44,22.8,32.4,19.2,7.9,36.1,64.2,36.7,94.1,71.6,78.7,56.3,6.6,10.6,39,34.6,55.8,55.4,48.4,60.3,20.3,79.6,82.8,32.1,29.4,53.5,24.9,62,59,62.6,61.5,28.3,31.5,58.2,41.2,84.4,62.1,62.8,59.9,54.6,32.4,22.1,51,22,32.1,28,63.4,34.1,37.3,16,59.8,17.2,40.4,61.3,21.2,18.2,62.2,23.5,55.4,16.9,3.2,70.5,7,3,0
id_183,2014,New Hampshire,NH,23.01,24,30.31,22.68,92.14,1.48,0.28,2.84,3.27,0.21,0.21,0.42,0.07,0.39,0.46,0.46,2.23,8.6,18.3,24.3,32.7,43.3,36.3,49.6,27.6,40,27.2,27.2,16.1,10.4,47.4,67.4,37.5,89.4,83.5,85.5,70.8,5.9,8.8,47.1,28.4,60.5,56.9,56.6,76.3,35.4,82.5,86.5,29.7,27.2,55.4,32.5,58.5,53,60.8,56.2,48.1,63.6,64.9,59.2,82.1,78,72.6,64.8,56.4,40.2,18.5,55.5,23.7,35.5,27.3,62.9,35.7,46,28.8,68.5,12.6,36.9,67.9,14.8,12.9,65.8,23.5,66.2,18.6,2.7,65.7,7.2,1.8,0
id_184,2014,New Jersey,NJ,25.03,25.43,28.87,20.66,57.93,13.4,0.19,9.37,19.1,1.36,1.43,2.79,0.25,2.44,2.69,2.68,2.41,11.6,16.9,20.6,28.3,38.4,33.1,46.9,31.3,40,27.4,30.8,15.2,8.3,37.4,63.7,35.7,80.2,78.2,83.6,62.6,5.1,8.1,35.8,29.1,42,48.1,49.5,56.7,39,74.7,86.6,32.7,28.7,58.4,32.3,65.7,47.7,59.1,53.4,19.8,43.3,64.7,33,68.8,71.8,76.2,62.8,65.8,34.9,22.9,49.1,21.6,29.6,26.6,62.5,35.6,38.6,22.4,69.9,13.3,35.8,62.6,15.7,16.1,60.4,20.7,56.6,15.5,2,71,4.8,2.2,0
id_185,2014,New Mexico,NM,26.79,26.65,25.21,21.35,39.35,2.11,8.92,1.65,47.96,0.33,0.33,0.66,0.08,0.6,0.68,0.61,1.58,22.2,14.4,24.1,31.6,34.8,33.6,52.1,36.5,46.9,26.4,35.5,18.2,10,40.1,63.2,34.9,83.5,71.6,79.5,58.9,5.3,8.2,43.1,36.1,53.8,62.2,45.8,61.6,42.4,75,79,29.4,28.4,56.9,29.2,59.9,55.8,48.1,58,31.4,52.8,62.9,46.9,77.7,69.7,67.4,54.4,57.4,38.5,23.1,54.5,24,34.5,29,65.1,33.2,38.8,19.5,61.1,16.3,37.2,61,19.5,20.1,66.1,27.3,58.7,19.6,5.1,67.7,5.9,3,1
id_186,2014,New York,NY,24.09,27.89,27.32,20.7,57.57,15.1,0.36,8.5,18.47,2.99,3.18,6.17,0.58,5.53,6.11,5.52,2.33,15.5,15.4,22.5,28.5,37.4,41.5,46.4,31.8,42.2,30.3,31.8,11,10.7,38.5,76.2,37.8,81.4,78.5,83,65.3,5.4,8.6,39.4,37,54.5,58,53,56.8,34,73.3,86.7,31.9,28,58.7,35.6,66.4,35.8,58.6,56.5,27.3,39.6,64.1,33,73.9,67.4,75.1,64.9,63.6,38.7,25.7,48.4,20.9,29.3,26.9,60.8,37.4,41.4,26.2,67.1,15.1,37.7,60.2,15,16.6,59.6,25,59,14.5,2.6,69.6,4.9,1.9,1
id_187,2014,North Carolina,NC,25.69,26.5,27.25,20.57,65.05,22.09,1.21,2.85,8.81,1.52,1.6,3.12,0.42,2.89,3.31,3.08,1.71,16.4,14.4,25.8,31.5,44,48.9,50.4,35.3,46.7,28,34.9,21.8,7.7,43.1,75.7,34.2,86.6,80.9,85.9,67.3,7.3,11.3,46.6,44,54.2,65.3,58,64.8,33.8,81.5,85.4,32.4,32.3,63.2,48.4,71.3,55,55,59.6,33.8,44.7,74.2,32.1,79.6,74.7,75,64.8,49.1,43.1,22.8,48.9,19.8,28.5,29.8,65.4,32.7,50.6,28.2,63.9,20.1,47.6,58.5,20.6,18.4,65.5,20.4,70.9,19.5,4.5,65.5,5.2,2.4,1
id_188,2014,North Dakota,ND,25.87,29.96,24.23,19.93,87.62,2.36,5.44,1.44,3.14,0.12,0.11,0.23,0.03,0.22,0.25,0.23,2.43,11.6,24.7,23.9,30,35.7,38.2,42.6,22.1,37,26.6,28.2,12.3,8.9,41.2,61.9,38,86.5,75.6,82.7,59.3,4.4,7.1,28.4,32.6,45.1,49.4,46.4,62.8,38.1,80.9,81.3,28.7,28.8,61.4,23.5,65.9,66.5,53.9,63.7,32,43.2,64.1,43.7,80.8,83.9,67.6,61.9,64.5,39.5,20.9,46.1,17.6,26.4,33.4,69.9,28.8,45.6,21.3,65.4,14.4,37.6,65.9,10.4,13.7,65.3,24.2,67.8,20.6,6.6,62,6.8,2.1,0
id_189,2014,Ohio,OH,25.45,25.43,27.34,21.78,80.92,13.12,0.25,2.22,3.48,1.78,1.86,3.65,0.36,3.47,3.83,3.43,1.81,16.5,19.5,28.3,35.5,44.1,59.2,47,31.1,43.1,28.7,34.4,15.5,10.9,37.3,64.8,40.3,82.5,75.8,82,62.4,7.5,11.2,43.7,44,58.8,66.1,51.6,69.1,33.5,80.5,83.2,30.4,31.4,60.1,26.1,59.5,64.6,57.6,63.5,33,39.1,60,36.9,78.8,68.3,66.3,58.1,59.2,36.4,24.1,48.9,19.6,30.6,32,66,32.3,40.6,22.6,65.3,18.5,44.3,62.8,12.7,17.1,59.4,21.3,62.1,21.7,4.9,67.2,6.6,2.6,1
id_190,2014,Oklahoma,OK,27.25,27.39,25.2,20.15,69.85,8.31,9.56,2.39,9.89,0.6,0.61,1.22,0.15,1.1,1.26,1.11,1.96,17.1,13.5,26,33.2,34.4,36.7,53.3,34.2,49,33.9,35,15.7,9.8,42.2,71,44.3,88.9,69.7,77.4,55.9,7.5,12.4,40.5,39.6,60,68.1,58.8,73.5,60.9,86,80.6,33.3,35.5,62.9,48.4,72.6,57,60,68.2,45.3,48,69.6,45.3,82.5,64,67.3,53.9,59.9,41.8,27.7,42.7,16.1,25,33.1,68.2,29.9,49.8,20.5,56.9,22.9,47.4,59.9,17.4,19.9,62.4,25.8,75.7,21.4,6.7,65.6,4,2.5,2
id_191,2014,Oregon,OR,24.14,27.09,26.24,22.53,78.86,2.32,1.37,5.04,12.42,0.62,0.63,1.25,0.11,1.17,1.28,1.44,1.78,16.7,17.7,24.2,33.1,33.4,47.9,53.1,26.2,43.1,18.4,36.2,17.9,10.4,32.5,60.9,47.4,89.2,76.5,83.3,62.2,5.2,8,55.4,35.6,54.9,70.9,46.9,67.8,46,80,82.4,29,28,53.1,42.6,60.8,62.5,53.4,57.9,35.8,46.5,63.2,45.8,76.6,75.3,66.3,55.2,65.1,35.4,16,59,23.7,38.1,27.7,61.2,36.4,41.1,20.3,65.6,13.3,33.3,67.3,13.9,15.1,66.2,29.4,55.1,17.5,3.8,66.2,7.6,3.2,0
id_192,2014,Pennsylvania,PA,23.94,25.34,27.63,23.09,78.61,11.26,0.17,3.38,6.58,1.96,2.05,4.02,0.4,3.77,4.17,3.93,2.03,14.8,17.9,27,34,36.2,43.1,45.8,29.3,38.6,30.2,30.5,12.5,9.9,42.5,71.9,41.4,84.8,77.1,81.3,64,6.1,10,49.7,47.8,51.6,60.2,53.8,66.4,42.5,78.1,84,29.8,29.6,59.8,28.1,61.4,52.4,52.5,61.1,37.2,41,63.9,47.9,82.1,74.7,72.8,66.6,52.9,37.7,22.6,50.3,20.4,30.6,30.3,63.4,34.8,42.8,24,66.9,15.9,40.9,61.2,13,16.1,60.2,23.5,65.3,20.6,4.6,65.3,6.2,2.4,1
id_193,2014,Rhode Island,RI,23.48,26.65,27.95,21.91,75.4,6.41,0.5,3.56,14.14,0.16,0.17,0.33,0.03,0.31,0.35,0.34,2,14.9,19.6,25.1,29.9,37.5,37.4,46,32.1,41.2,27.7,29.6,14.8,10.8,51.3,69.9,41.6,86.1,84.9,86.5,71.1,5.2,8.4,36.8,36.1,53.7,58.9,58.2,64,31.4,82.9,87.8,30.8,30.5,61.8,45.8,62.1,49.6,60.7,59.8,42.8,48,66.6,58,80.9,73.4,75.6,66.2,69.3,44.8,22,49.7,20.6,29.9,27.2,62.2,36.5,46.1,29.1,71.5,14,37.6,65.8,10.1,14.7,61.1,25.6,70,17.1,2.2,69.8,6.2,2.3,0
id_194,2014,South Carolina,SC,25.14,26.24,26.57,22.04,64.7,27.93,0.4,1.66,5.31,0.74,0.78,1.52,0.24,1.41,1.64,1.44,1.62,19,14.9,27.7,34.4,41.1,54.4,49.2,36.3,45.2,29.7,35.6,14.1,8.3,36.7,71.1,36,82.2,76.2,82.3,63.8,7.1,10.7,40.4,37.9,53,59.9,50.1,63.5,42.2,79.9,84.9,33.3,34.9,66,30.5,64.5,58,56.3,66.2,32.6,45.5,68.7,40.3,80.6,72,73.9,60,53.9,37.7,24.7,48.5,20.2,30,32.2,66.9,31.5,47.4,21.5,58.1,18.8,44.9,58.2,21.7,18.9,59.9,24.7,73.9,22.3,3.8,68,6,2.5,1
id_195,2014,South Dakota,SD,27.48,26.18,25,21.34,84.1,2.1,8.91,1.36,3.52,0.13,0.13,0.27,0.03,0.25,0.28,0.28,2,12.7,18.3,23.8,29.1,31.3,35.4,47.4,24.1,42,27.2,29.4,17.8,7.4,45.5,73.2,35.5,84,80.7,85.1,64.3,5.2,7.9,56,46.2,59,63.7,65.3,66,35.2,78.1,80.2,27.8,28.8,58.4,49.6,73.1,61.7,53.9,59.4,32.6,50.1,71.4,30.3,75.8,68.8,78.5,70.5,61,49,20.8,50.8,19.6,31.1,30.1,65.1,33.5,49.1,31.5,70.8,16.2,39.4,64.5,12.4,13.4,68.7,23.4,62.4,19.2,5.8,61.3,4.8,2,0
id_196,2014,Tennessee,TN,25.36,26.46,27.13,21.05,75.6,17.29,0.29,1.83,4.99,1,1.05,2.06,0.23,1.92,2.14,2.31,1.72,16.8,11.3,30.4,36.5,42.3,55.7,51.9,38.2,50.6,39.6,45.9,13.8,8.8,35,69.8,43.9,85.8,78.8,85.5,61.3,10,15.2,55.8,49.2,54.7,65.6,53.7,67.3,36.5,82.9,86.4,33.2,36.1,64.2,33.5,71.8,39.7,58.6,69.4,32.1,50.2,71.3,33,78.5,67.4,77.2,59.9,52.7,41.5,25.8,44.4,17.5,26.7,31.2,66.8,31.5,50.1,22,58.4,23.2,48.9,57.1,18,22.8,61.1,26.7,67.3,24.9,7.5,63.7,4.2,2.9,2
id_197,2014,Texas,TX,29.29,28.76,25.57,16.38,44.27,12.05,0.37,4.7,38.61,4.2,4.26,8.47,0.79,7.06,7.86,9.92,2,17.4,16.2,19.4,23.8,26.7,37.6,49,33,44.2,37.9,35.9,15.4,6.6,44.6,65.6,36.8,82.4,76.9,77.9,58.4,5.3,8.3,31.9,29.5,41.1,60.3,55.3,63.1,40.4,80.4,82.1,33.3,31.3,58.8,39.5,65,50.3,55.9,57.1,28.1,40.4,64.7,34.8,76,63.1,55,54.7,51.1,37.9,27.5,44.3,19.4,25.6,31.8,67.9,30.3,42.4,21.5,58.2,12.6,29.4,65.1,29.1,19.6,65.2,23,48.2,14.5,4.2,71.2,5.8,2.9,1
id_198,2014,Utah,UT,33.68,30.58,21.4,14.34,80.73,1.3,1.05,3.52,13.39,0.46,0.46,0.92,0.07,0.7,0.78,1.11,1.61,11.1,11,21.8,28.3,32.9,37.5,47.3,23.4,37.6,19.9,27.1,15.4,8.7,40.9,67.9,34.6,83.5,73.1,77.8,68,3.8,5.8,30.6,23.8,50.5,60.6,51.4,69.5,29.8,77.1,80.5,29.4,26.2,51.6,32.8,64.2,61.2,52.7,52.8,35.1,45.1,65.5,35.4,80.6,67.8,67.6,59.1,62.3,39,17.2,55.1,23.3,33.6,26.5,60.8,37.1,43.4,23.8,69.2,11.7,27.7,70,15.8,12.7,66.8,23.8,66.6,9.5,2.9,69.7,3.3,2.8,0
id_199,2014,Vermont,VT,22.81,24.34,28.7,24.15,94.79,1.43,0.42,1.62,1.74,0.1,0.1,0.2,0.05,0.19,0.24,0.22,2.01,11.5,19.6,24.8,31.5,41.4,40.2,47.5,23.3,39,25.6,26.8,15.5,11.5,43.5,69.8,37.9,83.3,78.6,86.3,67,5.6,8.4,53.6,33,61.2,64.2,55.8,69,51.8,75.9,84,26.9,26.8,53.2,58.8,70.2,48.4,53.5,54.2,37.7,56,71.8,50.9,82.4,75,75.2,66.2,61.3,42.1,18.4,59.6,24.3,39.5,24.8,59.6,38.5,44.5,28,71.5,17.2,38.3,67.6,8.7,11.1,66.4,23.7,63.7,18.1,3.6,65.5,9.5,2.4,0
id_200,2014,Virginia,VA,25.13,27.61,27.71,19.55,64.51,19.81,0.3,6.68,8.69,1.28,1.33,2.61,0.22,2.34,2.56,2.56,2.13,12.8,15.8,24.8,32.1,38.5,37.6,47.9,29,40.5,26.2,31.3,16.8,8.6,45.1,71.5,39.6,86.4,80.1,85.4,66.6,6.1,9.7,51.9,43.3,44.3,58.9,54.2,66.7,34,75.4,86.2,32.2,31.2,60.5,37,61.6,57,59.1,64.3,34.9,43.4,69.1,34.9,77.8,68.3,63.5,62.3,59.1,42.9,23.1,50.7,22.3,30.7,28.2,64.3,34,46.6,26.1,69.1,15.8,37.6,66.4,16.1,16.5,62.4,22.1,64,19.8,4,65.7,5.3,2.4,1
id_201,2014,Washington,WA,25.15,28,26.79,20.07,72.43,4.53,1.54,9.41,12.08,1.11,1.11,2.22,0.19,2.04,2.23,2.88,2.15,13.9,17.7,24.4,31,30.3,48.7,51.5,23.4,42.4,24.1,34.6,16,9.2,43.1,62.9,41.3,84.7,77.5,81.2,66.4,5.8,8.1,38.3,39.8,53.7,63.2,52.9,68.2,38.4,80.6,82,30.1,28.3,52,40.6,59.6,65.2,52.3,56.2,38.4,56.6,61.9,53.8,80.6,70.5,71.3,62.8,65.2,40.4,17.9,57.4,23.4,36.6,27,62.9,34.9,44.6,26.8,66.6,11.6,32.1,68,13.3,15.8,66,27.3,65.6,15.6,3.6,67.9,6.7,2.6,0
id_202,2014,West Virginia,WV,23.04,24.61,27.46,24.89,93.55,3.91,0.21,0.88,1.45,0.29,0.29,0.58,0.09,0.56,0.64,0.49,1.55,19,10.5,35.9,42.6,48.6,54.8,53.7,36.2,50.6,34.1,37,11.6,11,51.9,76.6,42.8,82.9,74.9,80.9,61,12.3,18.2,46.3,43.8,61.1,68.1,59.9,64.1,46,79,85.1,34,37.8,64.6,49.2,75.4,56,59.9,68.8,45.6,43.6,76.2,41.5,77.8,64.8,73.1,53.4,44.6,44.3,27.2,48.5,15.4,31.9,35.9,69.2,28.8,49.5,24.7,54.9,34,63.7,49.8,13.6,23.8,59.7,25.8,49.7,28.2,8.8,59,3.8,3.2,2
id_203,2014,Wisconsin,WI,25.39,25.72,27.49,21.41,82.93,6.83,0.96,2.83,6.44,0.9,0.91,1.81,0.24,1.73,1.97,2.14,1.89,12.1,23,23.5,30.8,35.1,41,49.2,27.6,43.4,25.4,30.6,16.1,10.3,31.4,53.1,38.7,80.3,80.1,86.8,71.3,4.7,7.6,36.6,37.6,48.4,58.6,49.9,59.6,36.2,80.3,82.9,30.3,28,56.9,31.8,58.9,61.3,56.8,59.8,30.4,39.3,61.8,51,79.5,77.8,72.4,66.7,70.3,36.5,20.7,55,21.2,33.7,31.3,67.2,31.4,40.4,22.3,69.6,13.9,33.4,69.2,10.7,14.9,65.2,28.4,72.6,17.9,3.6,65.7,7.1,2,0
id_204,2014,Wyoming,WY,26.26,27.55,25.67,20.52,85.51,1.5,2.28,1.03,9.68,0.09,0.09,0.18,0.03,0.17,0.2,0.22,2.41,11.2,17.8,24.2,30.5,34.8,46.5,44.3,23.2,38.6,26,24.4,14.8,8.2,39,70.9,41.9,86.8,69.3,80.4,53.9,6.4,9.1,53.4,31,50.4,66.9,44.1,64.3,49.4,80.6,81.2,28.1,27.9,53.4,34.6,58.1,43.6,52.7,56.4,36.7,46.3,65.2,56.6,79.3,68.6,65,44.4,68.2,34.3,21.6,54.1,22.9,35.1,29.8,65,32.9,42.9,17.2,64.6,17.5,38.1,63.5,19,13.5,66.8,20.5,68.6,19.9,9.2,61.6,6.3,2.7,0
id_205,2015,Alabama,AL,25.31,26.21,26.6,21.88,66.87,26.94,0.6,1.51,4.08,0.73,0.78,1.51,0.21,1.43,1.64,1.35,1.58,18.3,12.2,30.9,37.6,39.3,55.1,59.2,39.6,54.6,37.9,37.7,14.9,9.9,47.7,72.1,40.4,90.8,79.2,80.8,69.4,9.9,14.3,50.3,42.3,59.2,72.3,52.9,63.9,37,80.7,81,36,38,67.5,36.4,65,57.2,55.6,65.2,35,40.2,62.2,32.3,74.1,65.3,69.8,59.5,53.8,38.8,31.1,44.8,17.3,25.8,35.9,68.5,29,45.2,20.3,60.6,21.2,47,56.4,16.7,21.3,59.4,27.8,74,22.1,6.2,62.9,5.1,2.6,2
id_206,2015,Alaska,AK,27.62,30.48,25.94,15.95,64.84,4.23,16.19,7.92,6.82,0.12,0.11,0.23,0.04,0.19,0.23,0.23,2.35,10,20,21.7,28.2,44.7,34.5,50.1,24.4,44.9,28.5,29.8,19.3,9.3,44.2,66.6,39.8,89.4,69.4,77.2,61.6,4.1,6.5,50,38,44.6,65.1,44.8,57.5,35.2,82.6,76.6,30.8,28.5,50.7,50.3,47.8,62.3,36.5,53.6,29.5,39.4,50.2,66,72.7,72.6,66.6,55.5,61.9,35.9,22.2,57.9,24,36.9,30.3,67.9,31.1,38.2,19.1,65.8,15.2,33.1,65,17,13.9,64.2,32.8,47.2,18.4,6.4,58.5,8.5,2.1,0
id_207,2015,Arizona,AZ,26.57,26.94,24.59,21.9,56.65,4.65,4.19,3.66,30.85,1.06,1.07,2.13,0.31,1.87,2.18,2.18,1.65,19.5,14.9,21.8,27,31.7,34.8,52.3,32.9,39.3,30.9,33.8,15.2,9.3,33.5,62.5,40.5,87.7,74.6,78.2,62.2,5.8,9.4,30,33.6,47,60.5,46.8,65.8,47.2,81.1,79.3,32.3,28.9,53.5,29.1,53.8,48.9,60.8,51.4,38,36,60.8,35.9,81,61.4,67.2,60.8,56.6,32.7,24.4,53.5,21.8,32.6,28.9,65.7,32.3,41.6,18.9,60.5,12.9,32,64.4,17.8,18.3,64.1,32.7,61,14.3,2.8,56.4,5.2,3.5,1
id_208,2015,Arkansas,AR,26.34,26.23,25.48,21.95,74.22,15.93,0.82,1.89,7.14,0.46,0.47,0.93,0.12,0.86,0.99,0.83,1.63,18.8,15.1,27.7,34.5,38,55.5,56,41.7,54.2,38.8,39.8,16.4,10,43.3,60.5,35.9,74,70.8,78.3,62.2,9.2,13.6,40.2,39.8,63.1,65,47.9,60.9,26.2,77.3,78.7,35.1,36.8,63.1,33.8,63.4,50.2,60,59.5,31.9,43.9,62.6,23.2,80.7,59,61.5,51.7,53.5,40.9,33.7,44.9,16,27.6,34.8,69.3,28.3,40.3,20.2,56.4,22.8,46.2,55.7,15.8,23,61.5,29.1,69.1,26.1,6.3,66,5.6,3,2
id_209,2015,California,CA,26.14,29.02,26.22,18.62,39.54,6.23,0.54,15.17,38.52,6.03,6.1,12.13,0.74,9.57,10.31,10.38,2.23,16,16.6,19.3,25.2,24.9,35.4,48.3,29,42.7,22.5,29.4,12.6,7.6,41.2,62.6,43,83.9,80.8,82,66.1,4,5.6,32.8,27.3,48.8,57.7,52.4,64.5,41.4,78.3,79.9,30.7,27.8,51.4,29.1,59.7,68.5,50.5,54.9,18.9,51.2,64.2,35.8,77.4,55.6,68.6,53.8,59.4,37.1,20.1,56.9,22.9,34.9,24.3,60.4,37.9,43.1,22.6,66,8.9,27.8,66,13.8,17.8,64.4,26,53.7,11.8,1.6,57.6,5.7,2.3,1
id_210,2015,Colorado,CO,25.64,29.04,26.45,18.87,69.91,4.54,0.75,3.57,21.24,0.85,0.85,1.7,0.17,1.55,1.73,1.93,2.13,13.1,18,22,28.8,33.6,45,47.5,26.1,46.1,22.9,31.1,16,9.1,46.4,72.1,37.3,91.8,72.6,80.7,67,4.2,6.9,41.2,41.4,49.7,60.2,54.1,68.6,36.8,84.8,80.7,28.1,25,51.9,44.7,69.9,54.8,54.7,49.8,28.3,44.7,73.8,54.8,86.4,67.9,63.4,61.3,58.3,44.4,17.7,60.5,26.3,38.6,20.2,56.5,41.2,50.1,25,66.7,10.9,28.4,69.9,13,13.7,69.6,31.8,73.8,15.7,4.1,59.7,5.8,2.4,0
id_211,2015,Connecticut,CT,24.17,24.93,28.61,22.29,69.26,10.51,0.27,4.71,15.24,0.55,0.57,1.12,0.08,1.02,1.11,1.13,2.74,10,18.2,21.9,29.1,28.4,35.3,46.6,25.8,38.1,23.3,30.1,12.9,10.7,47.6,71.3,35.2,83.3,83.5,86,73.6,4.6,7.5,39.1,38.4,51.8,62.6,62.7,65,36,78.1,84.3,32.8,27.3,55.8,51.5,67.1,46.4,65.1,67.2,35.8,55.6,67,47.4,80.1,74,76.8,67.8,71.1,44.3,23.1,54,21.4,32.6,25,61,36.9,46,29,75.3,10.7,31,68.6,9.2,14.3,63.7,22.7,64.3,13.9,1.8,59.5,6.1,1.7,0
id_212,2015,Delaware,DE,24.28,25.76,26.56,23.4,64.29,22.41,0.36,4.08,8.86,0.14,0.15,0.29,0.05,0.27,0.31,0.3,1.96,11.9,15.7,24.9,30.1,37,53.4,47.3,31.4,44.4,35.5,29.7,13.8,9,48.4,77.8,49.1,93.8,82.6,83.3,70.9,6.4,10,49.5,36.6,46.5,60.8,60.3,72.6,40.4,78.7,82.7,33.8,31.4,60.6,52.2,64.8,49.2,66.6,69.9,22.6,55.6,73.1,46.2,87.4,79.3,73.3,64.6,60.2,42.8,28.7,48.3,21,29.5,29.5,66.4,32.2,47.1,26.8,66.2,16,38.8,64.6,10.6,16.9,61.3,24.9,60.6,17.7,2.8,59.4,5.3,3.2,1
id_213,2015,District of Columbia,DC,20.75,39.56,22.98,16.7,36.78,47.93,0.27,4.34,10.68,0.1,0.11,0.21,0.02,0.21,0.24,0.42,3.1,19.3,24.4,20.3,31.5,26.9,29,56.6,36.3,48.9,22.9,27.9,14.5,10.6,42.4,56.9,34.8,81.7,82.2,84,70.1,5.9,10.1,28.1,42.6,51.5,56.3,38.4,63.3,25.2,67.2,86.9,30.6,31.3,58.7,19.5,52.6,59.1,58.2,57.9,22.4,38.5,52.3,41.1,64,81.7,75.5,59.6,63.8,41.6,20.2,57.4,23.5,35.4,23.5,55.8,42.1,41.9,26.6,72,12.4,36,69.1,6.8,12.6,64.6,29.9,61.9,15.8,1.5,68.7,8.8,2.9,1
id_214,2015,Florida,FL,22.6,25.28,26.55,25.58,56.16,16.08,0.29,2.98,24.49,3.08,3.22,6.3,1.07,5.86,6.93,5.66,1.86,15.9,17.2,21.9,28,35.2,38.7,53.6,37.7,44.8,31.2,38.8,19.9,7.5,26.6,61.8,36.6,82.7,78.7,79.4,66.4,5.9,9.6,42,40.9,57.3,71.1,38,57.7,39.1,73.4,80.9,31.5,29.5,60,22.4,53.4,45.2,59.9,58.4,31.3,37.2,52.5,39.2,72.1,52.2,74.5,62.5,53.4,28.7,25.4,51.5,22.6,31.8,26.5,63.4,34.5,40.5,16.9,61.7,14,36,60.8,21.3,17.3,61.9,24,53.6,16.4,2.7,65.4,6,2.6,1
id_215,2015,Georgia,GA,27.27,27.48,27.01,18.23,54.73,31.7,0.26,4.13,9.17,1.55,1.63,3.17,0.33,2.79,3.12,2.88,1.72,18.8,15.7,23.7,31.3,41.7,46.8,50,30.8,41.7,34.8,31.1,16.4,9.1,37.2,57.6,34.4,85.7,77.5,80.7,66.2,6.7,11.1,41.2,43.6,48.6,60.9,50.9,63.2,26.8,78.3,80.8,32.3,35.3,60.6,23,60.3,52.6,63.7,75.6,34,37,61.7,41.6,77.9,66.5,65.4,65.6,54.9,35.7,27.2,47.9,18.8,30.4,30.5,65.4,32.9,43.1,20,62.1,18.8,42.9,62.1,21,17.7,60.6,26.8,71.8,17.7,4.3,64.4,5.4,3,1
id_216,2015,Hawaii,HI,23.82,27.91,25.23,23.03,21.72,2.54,0.25,65.63,9.86,0.22,0.22,0.44,0.05,0.35,0.4,0.42,1.95,8,19.8,17.4,26,28.4,42.4,42,23.6,37.9,27,32.6,20.4,10.1,40.7,64.8,39.3,74.4,85.9,80.2,71.5,4.1,5.5,30.1,24.6,36.1,47.3,45.9,61.9,29.3,71.7,75.3,31.4,30,57,28.9,57,62.5,56.8,62.1,18,52.7,65.7,34.9,76.9,77.8,73,69.7,65.9,39.9,22.4,56.2,24,36.1,23.2,57.3,40.5,40.7,26.6,72.3,6.3,23.7,65.4,8.9,13.1,55.8,24.6,64.4,14.7,2.5,57.5,7.8,2.9,0
id_217,2015,Idaho,ID,28.96,26.25,24.28,20.52,83.87,0.94,1.26,1.73,12.21,0.26,0.26,0.52,0.06,0.46,0.52,0.56,1.61,14.8,14.8,23.6,28.1,32.5,43.2,51,21.8,42.9,23.1,27.2,18.6,9,37.3,55.1,33.1,81.2,67.7,73.3,61.3,4.5,7.2,33.9,32.5,46.6,64.3,52.9,70.8,40.4,76.2,76.3,32.5,29.8,49.3,37.7,64,55.7,54.5,62.5,42.3,57.8,63.3,48.8,79.2,67.6,51.7,47.3,53.8,34.6,21,55,21.3,33.9,28.7,65.1,33,41.3,18.2,65.4,14.8,33.2,66.8,17.5,14,66.8,23.7,59.5,14.1,5.6,56,5.4,1.7,0
id_218,2015,Illinois,IL,25.65,27.39,26.74,20.22,62.8,14.69,0.2,5.64,16.67,1.97,2.04,4.01,0.33,3.61,3.94,3.86,2.1,14.4,20.7,21.7,28.3,34.1,41.5,46.3,24.4,33.3,29.6,29.4,15.4,8.4,44,64.1,39.6,89,78.3,80.7,63.6,5.4,8.2,49.7,46.1,41.6,61.3,46.8,64.5,55.3,76.1,80.7,31.2,28.8,60.2,36.6,62.1,61,60.2,54,25,43,60.7,38.6,72.8,73.3,68.3,62.4,57.2,36,24.4,49.5,21.3,29.4,30.7,65.9,32.6,41.2,21.4,66.4,14.8,36.9,66.5,11.4,15.7,64.7,33.6,54.2,15.2,3.2,60.5,6.2,2.5,1
id_219,2015,Indiana,IN,26.63,26.38,26.35,20.64,80.85,9.98,0.27,2.29,6.61,1.02,1.05,2.06,0.2,1.9,2.1,2.34,1.75,15.8,16.5,25.5,32.7,34.7,46.8,43.7,25.9,42.9,32,34.5,14.8,10.1,41.5,71.4,42.6,90.3,72.8,78.1,63.9,7.3,12.2,48.6,46.7,49.5,61.8,50,59.7,41.6,78.7,76.5,32.4,30.2,61.4,35.7,61.3,59.6,61.1,50.9,27.6,34.2,67.4,33.6,78.9,71.2,73.1,49.5,55.4,37,29.1,44,15.8,25.7,31.1,66.5,31.9,41.6,19.1,62.5,19,40.3,61.2,14.3,18,60.8,23.4,66.6,20.7,4.4,57,5.4,2.7,1
id_220,2015,Iowa,IA,26.3,26.09,25.32,22.29,87.36,4,0.33,2.59,5.72,0.48,0.49,0.97,0.09,0.92,1.01,1.17,1.88,11.4,21.3,23.5,29.8,30.3,72.7,40.4,24.3,37.7,32,26.3,15.5,7.6,50.1,79.9,43.8,88.5,79.7,82.7,68,5.2,8.1,56.6,43.4,51.8,61.8,65,69.1,64.1,85.5,78,30.2,28.1,58,33.1,77,61.2,59.4,51.8,25.3,47.2,74.8,40.5,83.2,77,76.1,68.1,62.2,48.1,26,48.4,19.7,27,32.5,66.6,32.1,49.6,28.5,70.1,14.4,34.5,69.2,8,12.4,66.6,29.6,64.3,19,4.9,55.7,6,1.7,0
id_221,2015,Kansas,KS,27.54,27.08,24.85,20.53,77.7,6.63,0.98,3.18,11.53,0.45,0.46,0.91,0.09,0.83,0.92,1,1.93,13,16.4,23.2,29.2,36.4,45.4,46.4,26.1,35.8,31.9,28.9,12.1,8.6,47.3,67.6,43,85.7,75.3,80.8,65.1,5.8,9.2,44.1,42.2,53.5,62.5,52.7,68.7,47.4,80.3,76.7,31,30,59.7,41.6,63.5,62.8,55.4,57.6,36.1,46.9,65,39.8,82,69.7,72.5,65.4,56.7,41.5,26.2,49.8,19.5,29.6,34.5,68.2,29.7,45.9,22.6,67.1,15.4,33.6,66.8,16,15.2,65.7,25.6,69,18.2,5.9,54.7,5.2,2.8,1
id_222,2015,Kentucky,KY,25.44,26.24,26.91,21.41,86.15,8.57,0.21,1.59,3.47,0.68,0.7,1.38,0.15,1.29,1.44,1.25,1.61,19,16.1,29.7,37.2,41.4,42.8,57.7,36.9,51.5,35.4,35.9,13.9,12,44.5,72,38.3,92.3,76.9,80.9,67.5,11.2,17.6,52.7,48.9,50.7,60.8,55.8,66,41.7,82.6,77.4,34,36.5,64.2,31.9,66.9,50.7,62.2,61.5,30.9,44.8,71.2,41.6,80.8,68.3,72.9,61.5,53.3,43.5,31.3,45.7,18.5,28.5,34.5,66.7,31.4,47.4,23.2,60.6,24,49.2,58.2,8.3,21,57.8,27.3,72.1,26.7,7.6,52.2,6,2.8,2
id_223,2015,Louisiana,LA,26.35,28.1,25.54,20.01,59.89,32.67,0.68,1.86,4.9,0.71,0.74,1.46,0.18,1.31,1.48,1.26,1.76,19.4,17.9,26.7,32.9,35.5,52.8,50.5,41.3,44.5,34.4,40.2,13.9,8.1,41.9,66.4,37.6,89.8,80.2,82.9,64.6,7.2,11.1,41.8,41,55.1,67.2,54.7,70.8,36.8,79.8,79.4,34,37.9,70,37.7,62.2,42,51.9,59.4,39.5,33.5,61.3,44.4,83.3,56.6,58.7,51.2,46.7,38.3,31.4,46.1,19,28,36.5,69.2,28.7,42.1,18.5,57.7,21.5,46.2,57,18.9,21.2,60.7,27.6,68.2,22.1,5.7,61,6.7,2.6,2
id_224,2015,Maine,ME,21.81,23.02,28.84,26.33,94.71,1.69,0.76,1.29,1.55,0.2,0.21,0.41,0.12,0.42,0.54,0.43,1.78,12.7,20.2,26.7,34.8,50.1,47.6,51.1,30.1,45.7,33.6,34.5,14.2,11.5,51.6,71.2,45.4,88.9,82,83.7,74.6,7,10.6,55.2,41.1,52.8,64.6,53.9,70.5,59.7,86.2,82.4,30.9,29.3,54.7,45.8,63.6,56.3,62.1,61.3,42.9,54.8,71.6,66.2,86.3,79.7,73.7,61.4,58.3,40.5,23.5,53.8,19.3,35.1,29.8,65.6,32.9,47,27.4,64.2,18.3,40.7,62,13,15.1,64.9,31.5,67.7,21.3,3.4,57.4,8.4,2.2,0
id_225,2015,Maryland,MD,25.07,26.85,27.95,20.13,53.13,30.43,0.3,6.72,9.42,0.9,0.96,1.87,0.16,1.64,1.8,2,2.28,9.6,14.7,21.7,32.2,30.8,41.3,42,28.4,35.4,35.3,33.1,15.3,8.8,41.5,67,42.6,82.3,82,84.2,71,5.7,8.6,39.9,36.3,38.5,59.6,51.2,59.3,40.8,79.2,84.4,32,30.6,60.5,34.2,62.1,51.7,54.2,71.5,23.3,56.7,64.1,47,84.6,66.9,78.6,55.4,61.9,42,23.6,52.8,23.1,30.6,28.5,64.3,33.5,47,27.4,68.6,12.1,35.2,65.9,10.6,13.3,60.5,27.4,72.4,15.2,2.7,58.1,4.9,2.2,1
id_226,2015,Massachusetts,MA,23.44,27.33,27.67,21.56,74.48,7.41,0.23,6.72,11.16,1.03,1.09,2.12,0.19,1.95,2.13,2.49,2.55,11,18.6,22.3,30.5,33.4,48.3,47.2,28.5,38.4,30.8,34.1,14.2,10.2,47.7,61.9,38.3,85.8,87.2,84.7,75.8,5.3,8,35.4,42.4,52.1,60.8,52,65.5,45.3,77.8,85,30,27.4,60,37.2,64.5,46.9,56.1,57.3,29.5,47.6,57.5,50.4,78.3,71.6,68.4,72.3,66.8,43,26,51.7,21.4,30.6,23.9,59.1,38.9,45.1,30.8,74.2,14.4,36.3,66.4,6.1,14.1,63.8,34.3,65.5,14.3,2.7,60.7,7.4,2.2,0
id_227,2015,Michigan,MI,24.97,25.46,27.22,22.35,76.55,14.61,0.7,3.24,4.9,1.52,1.57,3.1,0.44,2.91,3.34,2.91,1.78,15.8,19.8,27.6,34.1,35.2,39.3,50.2,30.3,44.7,28.8,29.7,11.9,10.2,39,57,38.1,86.7,80.2,83.3,71.2,6.9,11.1,45.5,41.9,49.4,61.6,50.9,62.6,35.1,80.8,81.4,31.9,30.3,59,30.7,57,59.4,52.1,54.6,26.1,37.9,64,50.2,81.5,70.3,70.9,68.1,63.1,34.1,25,51.9,19.8,32.8,31.5,66.1,32.3,43.8,22.9,68.8,13.3,34.5,65.3,12.3,16.9,59.7,23.4,60.3,21.6,3.7,62.2,6.6,3.1,1
id_228,2015,Minnesota,MN,26.03,26.65,26.57,20.75,81.99,6.57,1.21,5.05,5.18,0.85,0.86,1.71,0.18,1.59,1.78,2.16,2.13,10.9,20.5,19.9,27.4,33.8,35.8,46.9,23.2,39.3,30.6,25.8,14.9,7.4,49.7,72.4,40.6,88.5,81.6,83.3,71.9,4.2,6.4,49.4,42.7,49.7,57.4,62,71,34.6,81.1,80.3,27.6,24.4,58.2,34.2,67.1,68.6,50.8,51.3,34.4,51.1,70.3,48,84.2,79,72.8,73,64.5,45.6,21.3,54.7,22,33.2,25.8,62.4,36,48.1,29,72.6,10.5,27.6,72.3,7.4,12,67.7,25.7,67.1,16.5,4.2,56.8,6.6,1.9,0
id_229,2015,Mississippi,MS,27.09,26.71,25.64,20.57,57.57,37.77,0.5,1.13,3.03,0.45,0.48,0.93,0.12,0.84,0.95,0.68,1.45,22.5,12.5,27,32.7,40.5,37.8,52.4,46.1,43.6,42.8,44.5,14.1,7.8,38.2,65.7,30.1,82.5,71.6,81.9,60.7,7.3,11.4,37.4,37.6,52.1,70.6,50.6,66,42.2,74.4,77.5,33.1,40.7,68.7,36.4,65.8,42.8,55.3,66,28.1,34.8,68,25,70.9,66.4,69.2,59.6,51,39.3,36.2,38.3,15.7,21.8,36.2,70.5,27.7,44.9,17.5,56.5,23.8,51.7,51.4,21.8,22.7,61.7,21.9,55.7,23,7.7,67.5,4.6,2.7,2
id_230,2015,Missouri,MO,25.46,26.45,26.21,21.88,81,12.26,0.53,2.22,3.99,0.93,0.96,1.89,0.24,1.78,2.02,1.99,1.77,16.5,17.6,27.1,32.8,51.7,32.8,59.5,33.9,46.3,33.6,35.2,12.9,9.8,46.2,69.9,44.6,85.3,75.3,80.2,65.2,7.8,11.3,53.3,40.9,59.7,66.4,59.3,68.2,50.3,81.9,78.6,31.2,31.9,62,48.6,70.9,56.7,49.3,55,40.3,48.5,75.1,36.3,83,62.7,65.1,62.1,55.4,44.3,26.3,50.6,19.6,31.7,32.6,66,32,49.9,23,61.6,20.3,43.6,61.5,15.3,16.9,63.5,26.2,62.2,23.1,5.7,58.1,6.5,2.6,1
id_231,2015,Montana,MT,24.48,25.89,25.37,24.26,87.99,0.8,6.64,0.98,3.6,0.16,0.16,0.32,0.05,0.31,0.37,0.36,1.79,13.9,21.3,24.2,30,43.2,39,52,24.3,42.9,26.3,29.7,20.9,9,40.1,61.2,41.4,82.1,71.8,79.4,60.4,5,8.4,56.8,41.8,63.5,66.2,48.1,68.4,47.2,77.1,76.7,26.8,26.1,59.5,21.6,64.1,67.2,49.1,53.7,29.1,61.7,68.8,58.5,83.9,84.4,72.6,59.3,58.7,38,21.9,57.9,24.7,39.5,23.4,60.8,37.4,45.4,18.9,63.5,15.5,35.7,66,15.6,14.3,67.7,31.9,73,20,9,55,8,2.3,0
id_232,2015,Nebraska,NE,27.66,26.92,24.8,20.62,80.9,5.31,0.9,2.5,10.39,0.29,0.3,0.59,0.05,0.55,0.6,0.65,2.06,10.9,20.4,21.9,28.2,30.7,35.5,44.3,22.8,32.2,26.5,26.3,13.8,7.2,47.3,68.8,39.6,86.8,75.1,80.8,64.5,5,8.3,43.9,37.8,46.2,57.4,61.5,66.6,28.8,84.3,78.6,29.6,28.1,57.1,42.7,68.3,56.5,55.5,58.5,32.6,50.7,70.6,40.7,83.2,63.2,66.4,64.4,62.8,46.1,24.9,51.2,22.2,29,31.4,67,31.1,46.9,25.4,67.5,13,30.5,69.5,14.5,13.4,66.9,25.2,73.8,17.5,5.6,58.2,5.8,2.2,0
id_233,2015,Nevada,NV,25.52,27.56,26.45,20.47,52.43,9.36,0.99,9.18,28.04,0.45,0.45,0.89,0.1,0.8,0.9,0.76,1.81,15.3,14.4,20.2,25.7,25.4,44.1,53.5,30.2,46.5,28.9,32.7,19.2,8.1,27.9,61.4,46.5,86.4,73.6,77.2,62.3,6.2,9.6,26,33.1,51.9,64.6,40.4,60.2,36.9,77.8,78.5,32,26.5,52.8,54.7,57.9,75.2,51.7,58.2,37.8,26.9,63,24.9,73.8,76.9,73.4,69.9,54.1,31.4,24.5,54.4,25.2,36.5,26.5,64.4,33.8,40.9,16.5,61.3,14.7,37.1,61.5,17.9,17.1,61.2,34.6,67.9,17.8,2.7,63.9,6.2,3.2,1
id_234,2015,New Hampshire,NH,22.66,24.26,29.72,23.36,91.82,1.53,0.28,2.97,3.41,0.21,0.21,0.42,0.07,0.4,0.46,0.46,2.24,8.2,17.8,23.4,31.1,32.9,47.4,49.8,26.6,37.9,29.1,24.4,16.1,10.5,41.5,72.6,41.5,87.8,81.9,83.6,74.1,6,8.8,41.9,44.3,51.7,59.1,53.2,67,74.7,79.9,84.4,30.2,26,56.6,55.2,65.3,52.4,76.9,48.9,28.8,44.9,63.6,60.9,86.9,87.7,82.1,70.6,57.3,43.7,22.1,57.5,23.8,36.6,26.1,62.7,35.9,46.9,27.1,69.7,12.6,33.8,67.3,8.8,11.3,64.8,28.9,72.8,16.3,2.4,58.9,6.4,2.3,0
id_235,2015,New Jersey,NJ,24.82,25.47,28.56,21.16,57.41,13.42,0.2,9.57,19.41,1.35,1.42,2.77,0.25,2.44,2.69,2.68,2.42,11.4,16.9,20.7,28.7,37.9,38,46.8,33.2,39.5,28.9,30.1,15.2,7.3,37.9,62.1,36.3,70.9,79,84.3,65.3,4.6,6.9,36.4,29.3,50.8,55.1,52.6,57.1,51,70.5,83.9,31.6,28.3,58.8,39.7,67.9,37.9,66.7,49.8,22,30.5,64.6,54.4,70.2,65.8,60.5,52.9,67.5,38.3,26.8,48.7,21,28.8,25.3,62.6,35.7,42,22.8,70.6,11.7,33.6,64.6,14.5,15.3,60.8,25.2,50.6,13.9,1.7,62.9,4.9,1.8,0
id_236,2015,New Mexico,NM,26.53,26.68,24.81,21.98,38.86,2.14,8.98,1.69,48.33,0.32,0.33,0.65,0.08,0.6,0.68,0.61,1.56,21.9,13.5,22.6,28.8,32.1,29.8,49.3,32.7,43.4,26.3,39.4,18.2,9.9,45.7,63.5,35.9,83.8,72,78.8,60.2,5.6,8.8,34.4,35.6,57.3,64.5,56,70,29.5,82.3,74.1,28.8,27.9,58.3,32.4,60.1,46.5,44.3,60.2,39.9,53.2,65.2,48.3,79.9,75.9,76,61.7,58.1,38.6,22.2,55.7,23.8,35.7,29.7,65,33.5,42,19.8,62.3,15.4,36.2,63,14,20.1,65.7,23,62.4,17.9,4.1,62.2,4.5,2.8,1
id_237,2015,New York,NY,23.89,27.91,27.01,21.19,57.2,15.1,0.36,8.69,18.64,2.97,3.16,6.13,0.57,5.52,6.1,5.47,2.35,15.3,17.5,21.6,29.9,39.2,56.3,45,31.9,39.8,32.5,30.1,10.3,9.9,48.1,64.2,36.3,86.6,80.5,81.7,69.9,5.3,8.7,46.6,43.6,47.8,54.5,46.2,60.1,44.5,81.6,81.6,32.2,27.2,58.5,41.3,61.3,35.2,68.8,58.2,28.2,53.5,59.4,44.5,75.6,71.5,77.5,67.9,60.5,40.8,29.2,46.9,20.2,28.2,25,59,38.9,39.7,23.8,67.8,13.8,37.7,61.7,12.4,16.3,60.6,26.8,69.1,15.4,2.5,62.7,5.6,2,1
id_238,2015,North Carolina,NC,25.47,26.46,27.01,21.06,64.78,22.1,1.2,2.95,8.97,1.52,1.61,3.13,0.42,2.9,3.32,3.1,1.72,16.1,14.5,25,33,41.3,51.9,54.4,34.5,47.9,33,31.9,21.8,8.1,38.5,77.9,41.5,90.2,79.7,84.2,70.1,6.9,10.8,43.2,39.1,52.6,65.6,60.9,64.2,50.6,81,82.6,31.4,32.8,65.1,48.4,70.3,55.9,56.5,58.4,33.6,56.4,71.3,50,81.5,80.7,78.2,61.9,56.8,46.1,25.7,48,19.3,27.5,30,65.5,33,51.8,27.3,64.7,19,44.9,61.2,19.5,18.4,63.9,24.5,73.7,19.4,4.9,62.6,4.7,2.6,1
id_239,2015,North Dakota,ND,26.02,30.36,23.6,20.01,86.7,2.84,5.41,1.56,3.49,0.12,0.11,0.24,0.03,0.22,0.25,0.23,2.2,11.5,24.8,21.9,26.7,27.3,52.8,47.1,23.4,35.2,30.8,25.2,12.3,8.8,53.2,63.8,33.3,87.7,77.3,80.4,63.3,4.8,6.9,49.1,44.5,62.1,53.2,63.3,67.7,77.5,84,76.2,29.4,29.5,63.2,49.2,62.3,58.9,50.9,55.3,22.3,59.4,70.1,52,81,77,69.2,65.2,61.1,43.1,26.6,46.8,17.5,26.7,31.8,67.7,31.2,45.7,23.1,66.5,14.2,36.9,67.3,9.6,13.6,66.4,30.9,66.7,19.3,7.6,55,6.6,2.3,0
id_240,2015,Ohio,OH,25.29,25.55,26.9,22.27,80.6,13.23,0.25,2.33,3.59,1.77,1.85,3.62,0.35,3.46,3.81,3.4,1.82,16.2,19.5,25.7,32.4,36.4,44.2,46.6,30,39.1,33.5,33.9,15.5,9.9,33,63,41.4,85.1,81.3,83.6,66.2,7.1,11.2,46.3,43.3,59.4,58.9,47.9,64.4,29.8,78,79.7,30.9,31.4,60.9,29.2,60.4,58,54.3,56.6,40.1,38.5,59.9,38.8,79.8,71.3,71.7,64.9,59.3,36.3,26.3,50,20.2,31.5,29.4,65.9,32.3,44.1,21.9,66.8,17.9,40.6,63.6,10.4,15.4,59.2,27,62.3,22.4,4.6,58.9,6.1,2.8,1
id_241,2015,Oklahoma,OK,27.22,27.46,24.84,20.48,69.39,8.36,9.59,2.52,10.15,0.6,0.62,1.22,0.15,1.1,1.25,1.11,1.83,16.8,13.7,26,32.5,41.9,48.1,56.8,36.9,49.3,39.4,42.6,15.7,9.4,42.3,75.7,40.8,82.7,71.9,77.1,59.2,8.2,12.7,43.2,41.1,70,72.3,62.1,69.7,43.4,84.7,77.3,32.7,34.4,61.2,40.1,73.3,53.1,49.3,69.8,41.1,58.9,73.9,40.2,85.4,66.5,67.9,56.1,54.6,44.7,32.7,46.5,17.3,28.1,33.9,68.8,29.8,50.2,20.2,58.7,21.3,44,60,17.1,21.2,62.2,27.7,73.1,22.5,6.8,57.5,4.2,2.4,1
id_242,2015,Oregon,OR,23.9,27.2,25.9,23,78.52,2.37,1.37,5.17,12.58,0.62,0.63,1.25,0.11,1.17,1.28,1.44,1.83,16.4,17.6,24.7,30.4,38.8,40.2,54,25.7,38.1,23.7,32.2,16.3,11.4,42.2,53.8,47.9,86.4,76.1,79.9,67.9,5,8.1,42.5,43.4,50,70,47.6,66,71.5,82.4,79.8,31.3,27.5,53.8,26.4,55.4,62.5,62.5,59.9,41.4,51.5,56.9,66.8,81.5,75.3,66.3,55.2,60.2,38.2,18.2,59.9,23.1,38.6,30.1,64.3,33.6,42.9,21.8,66.8,13.8,31.8,67.3,10.2,18,65.5,33.7,76.9,17.5,3.8,55,7.4,2.8,1
id_243,2015,Pennsylvania,PA,23.78,25.46,27.18,23.59,78.22,11.31,0.18,3.48,6.8,1.95,2.04,3.99,0.4,3.76,4.16,3.92,2.04,14.5,18.4,26.1,33.1,36.1,41,42.3,29,35.8,35.8,27.4,16.3,10.3,45.2,63.7,43.3,85.9,78.3,80,68.7,6.2,9.8,38.7,34.6,41.9,56.9,52.6,68.1,34.6,83.4,79.2,29.2,29.6,61,27.5,69.4,44.5,51,75.3,23.7,64.6,72.2,40,83.3,83.2,77,72.9,58.3,41.3,27,50.2,20.1,30.7,29.9,65.9,32.4,46.8,25.8,67.7,16.5,40.1,63,10.4,15.5,59.8,26.8,59.4,19,4.3,61.4,5.8,2.4,0
id_244,2015,Rhode Island,RI,23.26,26.85,27.5,22.39,74.77,6.5,0.5,3.65,14.58,0.16,0.17,0.33,0.03,0.31,0.35,0.33,1.99,14.8,17,24.5,31.1,42,55.5,43.9,34.6,41.3,37.6,28.5,10,11.1,52.6,67.8,47.2,89,85.2,85,74.1,5.6,9.2,47.7,41.3,54.3,61.2,57.6,67.5,32.2,84.9,82.3,30.2,29.7,62.8,28.3,68.5,56.1,52.8,52.1,46.4,46.1,69.2,62.9,85.9,77.2,80.5,61.1,70.5,46.4,27.6,50,20,29,26.3,62.9,35.7,45.7,29.6,73.2,12.9,34.5,66.4,9.6,15.8,61.9,29.3,65.7,16.2,2.2,60.7,6.4,2.4,0
id_245,2015,South Carolina,SC,24.96,26.22,26.23,22.59,64.68,27.78,0.4,1.72,5.42,0.74,0.79,1.53,0.23,1.41,1.65,1.44,1.64,18.9,16.3,26.6,34.5,44,44.8,54.2,36.6,48.6,30.7,35,17.9,8.1,41.3,68.7,37.1,88.3,76.3,80.8,67.8,6.6,10.3,44.9,39.7,57.5,71.4,54.2,65,56.4,82.3,81.3,32.5,35.1,64.1,29.2,67.3,50.2,50.6,73.7,31.2,39.9,68.4,47,77.7,64.4,64.1,57.1,57.6,37.4,26.1,50.5,20.3,30.8,31.9,65.9,32.3,47,21.3,61.4,18.3,42.6,60.2,17.6,16.9,60.4,24.8,68.1,20.3,4.4,62.3,6.5,2.6,1
id_246,2015,South Dakota,SD,27.45,26.22,24.48,21.85,83.82,2.19,8.92,1.45,3.62,0.13,0.13,0.27,0.03,0.25,0.28,0.28,2,12.3,17.8,22.1,28.1,30.3,51.6,49.5,27.4,46,21.3,31.6,17.8,8.4,47,70.5,34.7,89.6,79.9,81.8,66.3,5.2,7.9,43.6,45.1,50.4,63.3,62.5,69.4,44.3,82.2,76.5,27,27.8,57.4,51.3,73.2,60.9,55.5,52.6,33.1,64,75.9,49.8,76.1,72.5,72.1,69.3,68.8,52.6,20.9,53.3,19.5,32,30.6,64.3,34.5,47.1,27.6,70,15.8,37.3,66.3,10.7,13,69.3,22,66.2,20.9,6.9,57.1,4.9,2,0
id_247,2015,Tennessee,TN,25.2,26.5,26.81,21.48,75.39,17.32,0.29,1.88,5.12,1,1.05,2.06,0.22,1.92,2.15,2.3,1.74,16.3,10.8,29.8,36.4,38.7,52.6,55.1,35.2,45.9,35.2,37.4,13.8,9.1,40.7,67.4,48,84.9,75.9,79.9,66,8.9,13.9,48.3,47.2,56.2,60.6,52.6,68.4,47.8,79.4,81.9,34.6,35.8,61.3,34.4,60.5,50.9,61.7,71.5,34.5,44.4,65.1,40,83.8,60.3,68.9,50.1,51.4,41.2,29.7,45.3,18.3,27.1,34.1,68.6,30.1,45,21.1,59.4,22.5,45.9,59.4,17,20.2,60.5,27,70,22.2,6.3,57.5,4.7,3.2,2
id_248,2015,Texas,TX,29.13,28.82,25.35,16.7,43.81,12.13,0.37,4.9,38.79,4.25,4.31,8.56,0.79,7.13,7.92,10.07,1.94,17.1,16,20,24.5,29.6,43.2,48.2,31.8,38.9,37.4,38,15.4,7.4,41.1,66.8,41.7,88.2,74.9,77.4,60.2,5.1,8.1,43.5,35.9,43.1,62.3,55.8,62.8,57.7,80.1,76.3,32.3,29.4,58.4,35.6,65.3,56.9,55.6,50.5,28.1,42.8,71.4,43.9,76.9,62.5,60.6,53.3,47.4,42.9,29.4,44.3,19,24.9,32.3,68.7,29.5,42,19.3,58.8,13.5,32.3,64.7,27.6,19.2,65,27.7,57.5,15.1,4,59.9,5.8,2.7,2
id_249,2015,Utah,UT,33.44,30.48,21.39,14.69,80.48,1.32,1.05,3.6,13.56,0.47,0.46,0.93,0.07,0.71,0.78,1.11,1.65,11,11.3,21.1,28.1,33.8,34.5,44.3,20.4,32,26.3,27.1,16.5,9,47.7,61.4,44.6,86.8,73,75.4,69.6,3.9,6.1,30.2,28.6,54.3,62.7,47.8,70.3,39.8,80.9,75.2,29.5,25.1,51.4,37.2,63.7,61.1,52.8,53.6,32.4,44.5,68.4,55.7,79.9,72.6,70.7,60.1,64.2,40.2,20.6,55.4,24.4,34.2,25.2,60.9,37.2,44,23.5,71.2,11.3,27,70,13.1,13,66.6,29.4,53.4,9,2.8,54.9,3.7,2.7,0
id_250,2015,Vermont,VT,22.55,24.57,28.04,24.84,94.5,1.5,0.42,1.79,1.79,0.1,0.1,0.2,0.05,0.19,0.24,0.21,1.99,11.1,19,23.9,30.8,36.3,41.9,48.5,25.6,38.7,28.5,25.6,15.5,11.3,46.6,63.9,37.8,92,77.6,82,70.8,5.5,8.4,54,43.1,51.5,61.5,53.1,74.2,39.8,83,82.1,27.8,26,56.6,36.8,61.8,46.7,56.1,54.7,35.5,49.2,69.9,56.6,85.1,73.7,71.8,66.3,61.1,41.9,21.4,58.9,23,38.5,25,59.4,39,45.8,26.5,70.8,16.7,37.2,68.2,7.6,11.5,67.4,27.8,57.8,16.7,4,57,7.9,2.2,0
id_251,2015,Virginia,VA,24.98,27.61,27.36,20.06,64.08,19.87,0.3,6.87,8.88,1.28,1.33,2.61,0.22,2.34,2.57,2.56,2.14,12.5,16.9,21.8,29.2,33.8,35.6,46.6,26.8,40.8,34.4,29.9,16.8,7.9,50.4,65.5,43.3,88.7,80.2,84,69.4,5.4,8.1,40.1,40.4,50,52.5,58.5,62.4,45.8,83.6,82.5,31.5,31.9,60.9,50.7,64.8,54.8,51.9,62.7,23.5,51.2,67.6,39.8,82.8,74.2,71,64.8,64.1,43.4,25,50.8,22.3,30.2,29.2,64.2,33.9,47,26.4,70.2,14.2,35.5,66.9,13.2,14.8,61.3,28.8,75.9,16.8,4.5,61.8,6,2.2,1
id_252,2015,Washington,WA,24.93,28.18,26.36,20.53,71.89,4.6,1.53,9.72,12.27,1.12,1.12,2.23,0.18,2.06,2.24,2.87,2.17,13.6,16.5,22.7,28.9,32.5,46.6,50.6,22.6,38.8,24.6,29.9,16,9.3,45.2,63.9,40.3,88,77.7,82.2,69.4,5.8,9,37.6,41.4,58.9,69.9,51.5,69.8,53.2,84.8,77.6,30.3,28,52.5,35.7,62.5,61.7,51.8,51.7,38.8,54.4,67.7,53.8,85.5,70.8,69.5,59.8,61.7,42.2,18.7,57.9,22.8,37.2,26.2,62.1,36.4,47.4,25.8,68,10.9,29.2,69.5,12.1,14.3,66,26.8,71.2,15.1,3.6,57,6.3,3.1,0
id_253,2015,West Virginia,WV,22.94,24.54,27.09,25.42,93.45,3.94,0.21,0.9,1.5,0.28,0.29,0.57,0.08,0.55,0.64,0.48,1.54,18.8,11.8,34.1,40,47.7,47.7,57.6,41.5,51.2,32.8,40.4,11.6,10.8,43.7,77.5,42.5,85.8,76.3,80.1,64.5,12,17.8,49.6,45.1,53.9,62.3,62.6,68,33.4,81.8,83.3,33.4,38.9,64.5,33.7,76.7,53.5,59,63.7,35.6,48.8,74.7,49.1,82.7,64,70.7,58.7,51.6,44.4,29.6,48.6,14.6,33,35.6,70.8,27.3,50.5,24,56.9,30,58.8,51.2,10,24,57.5,29.4,61.6,27.4,9.9,55.5,3.8,3.2,2
id_254,2015,Wisconsin,WI,25.2,25.78,27.06,21.97,82.64,6.87,0.97,2.94,6.58,0.89,0.9,1.8,0.24,1.73,1.97,2.12,1.9,11.9,24.4,22.5,27.4,26.9,37.3,50.9,23.6,39.5,21.3,25.2,16.1,9.8,46.2,52.5,43.9,93.5,80.3,83.7,71,4.2,7.1,45.4,36.3,61.3,67.3,43.7,64.3,33.6,81.5,79.7,30.1,26.9,57.2,22.8,51.4,65.8,52.9,54.7,20.8,27,57.9,50.2,88.1,70.3,66.4,69.5,72.3,36.8,21.2,56.3,20.2,35.2,30.6,65.5,33.2,40,21.8,71,12.2,32.6,70.5,9.6,14,65.3,29.8,67.1,17.8,4.1,58.3,8.4,2,0
id_255,2015,Wyoming,WY,26.32,27.53,25.03,21.12,85.44,1.43,2.27,1.07,9.79,0.09,0.09,0.18,0.03,0.17,0.2,0.21,2.33,10.9,16.8,24.5,31,48.7,62.3,49.6,22.7,45.3,32.5,30.4,14.8,7.7,36.5,67.2,49.6,77.5,66.4,76.7,57.3,6.8,10.1,39.2,32.4,44.2,61.6,48.3,65.9,64.9,82.9,78.1,29.7,28,55.2,45.1,57.7,52.4,54.8,57.6,34.8,41.8,60.2,63.6,84.5,61.4,69.9,61.1,65,35.1,26,54.2,23.6,36,29.1,65.3,33,41.8,17.2,66.1,17.5,35.6,65.3,16.9,14.5,66.6,30.5,67.2,19.6,9.7,54.9,6.3,2.7,0
id_256,2016,Alabama,AL,25.2,26.17,26.23,22.41,66.67,26.98,0.6,1.56,4.18,0.73,0.78,1.51,0.21,1.43,1.64,1.36,1.58,18,13.8,31,37.4,46,46.4,53.1,38.9,51.3,36.8,40.3,14.9,9.8,30.1,70.7,36.7,86.4,77.9,79.4,68.9,9,12.9,46.3,34.3,46.1,54.7,46,67.3,32.1,78.9,85.1,34.6,38.8,68,40.7,64,57.1,56.3,70.5,44.5,30.9,63.7,51.2,78.5,61.2,67.3,58.3,52.2,34.9,28.8,44.5,17,26.3,36.1,69.5,28.5,45.1,19,62.4,19.1,45.7,55.4,16.5,21.7,59.7,28.4,62.6,22.4,5.7,58.4,5.6,3.4,2
id_257,2016,Alaska,AK,27.55,30.63,25.28,16.54,64.38,4.31,16.17,8.16,6.98,0.12,0.11,0.23,0.04,0.19,0.23,0.23,2.27,10,17.8,24.4,32.7,39.3,41.5,49.1,24.4,43,24.7,27.6,19.3,9,45.9,56.2,49,87.2,68,78.7,64,6,7.7,44.7,41.9,42.3,63.4,48.4,70.7,34.2,79.5,79.7,29.9,30.8,49.5,20.9,54.5,62.3,49.7,60.3,38.4,40.9,67,59.5,86.2,72.6,66.6,55.5,61.9,34.4,19.4,57,24.4,37.2,32.2,67.4,31.1,41,22,65.6,14.1,33.1,64.7,12.1,13.8,66.4,30.4,72.9,18.7,6.2,54.4,6.2,2.3,0
id_258,2016,Arizona,AZ,26.27,26.97,24.35,22.41,56.23,4.77,4.16,3.77,31.06,1.07,1.08,2.15,0.3,1.88,2.18,2.2,1.68,19.5,16.5,23.8,31.7,32.6,46.7,50.4,31.5,42.9,33.6,31.5,15.2,9.3,44.4,55.9,46.4,87.7,75.9,78.2,61.7,6.2,9.7,30,29.2,53,64.6,48.2,65.9,48.7,77.7,83.3,32,28.5,53.2,26.4,54.9,53.9,57.4,58.9,30.8,39.6,56,37.9,81.8,65.2,63.7,59.1,65.2,33.9,22.4,52.7,22.8,33,29.5,63.6,34.2,41.1,20.8,60.8,13.2,33.1,64.5,15.7,18,65,32.9,62.5,15.2,2.8,54.8,6.2,3.4,1
id_259,2016,Arkansas,AR,26.23,26.26,25.18,22.33,73.92,15.97,0.83,1.98,7.3,0.45,0.47,0.93,0.12,0.86,0.98,0.83,1.64,19,15.9,31.6,36.8,41.3,57.1,55.9,39.1,52.8,43.2,44.4,16.4,8.5,38.5,63.5,43.5,89.3,72.7,78.3,64.1,9,13.5,49.1,37.1,58.7,68.2,46.6,70.1,46.8,83.9,80.8,33.2,37,65.1,46.3,54.5,50.2,54,66,38.4,35.8,57.1,27.1,82.6,59,61.5,51.7,52.6,37.7,32.1,44.4,16.4,28,36.4,68.3,29.7,38.6,25.3,57.3,23.4,46.2,55.7,13.2,24.9,61.9,26.4,66.3,24.8,8.1,58.1,5.5,3.4,2
id_260,2016,California,CA,25.86,29.1,25.96,19.08,39.12,6.21,0.54,15.43,38.7,6.02,6.1,12.12,0.72,9.58,10.3,10.42,2.28,15.9,16.5,18.1,23.3,24.1,29.6,48.1,28.5,42.8,26.4,31.9,16.7,7.7,35.4,76.2,40.1,90.8,82.1,82.1,70.5,4.3,7,24.3,23.5,47.3,61.8,48.8,67,42.7,79.7,85.2,30.7,27.4,51.9,28.6,62.9,58.9,55.7,55.4,19.1,42.2,61,39,76.6,61.2,69.6,57.2,61.4,35.2,20.3,56.1,23.3,34.5,25,61.1,36.3,45.3,21.4,66.9,9.6,28.5,65.8,12.9,17.6,63.6,25.7,57.7,11,1.7,57.6,5.9,2.7,1
id_261,2016,Colorado,CO,25.36,29.31,26.04,19.29,69.68,4.58,0.75,3.65,21.34,0.86,0.85,1.72,0.17,1.57,1.74,1.95,2.1,12.7,19.5,22.1,29.2,30.3,42.7,45.8,24.2,41.7,20.2,31,16,8.8,41.5,69.3,40.3,91.1,72.8,80.8,66.5,4.2,6.6,39.4,34.9,54.6,64.4,57.6,70.9,39.4,87.4,84.2,28.3,25,51.3,36,66.4,58.9,52.9,52.7,30.9,45.4,70.1,36.3,87.7,71.8,69.3,57,53.9,42.3,15.7,59.4,26.2,37.7,22.2,57.9,39.9,50.7,24.8,66.9,10.2,26.4,69,12.9,14.3,70.4,30,77.7,15.7,3.8,59.7,6.8,2.2,0
id_262,2016,Connecticut,CT,23.92,25.1,28.12,22.86,68.68,10.62,0.27,4.82,15.61,0.54,0.57,1.11,0.08,1.02,1.1,1.13,2.76,10,18.1,22.6,30.7,37.6,37.7,45.2,27,36.4,25.9,34.2,12.9,10.6,41.2,66.6,38.5,81.2,85.6,86,75.2,5.4,8.3,29.6,33.6,47.1,57.2,51.1,57.4,32.9,80,87.9,31,27.8,56.9,57.2,63.9,45.2,55.2,59.9,39.5,59.8,63.2,43.2,79.4,70,67.7,64,68.4,41.4,20.8,52.3,22.6,31.3,26,61.3,37.3,45,29.4,77.6,9.7,31.1,69.6,8.7,13.9,64,27,67.6,13.6,2.1,64.3,5.7,2.7,0
id_263,2016,Delaware,DE,24.11,25.66,26.08,24.15,63.9,22.58,0.36,4.15,9.01,0.14,0.15,0.29,0.05,0.27,0.32,0.3,1.97,12.4,18,23.8,30.8,39.4,32.9,45,33.3,41.9,38.8,27.9,13.8,8.7,39.8,73.8,45,84,81.5,80,70.3,5.6,8.8,45.3,37.7,47,58.2,56.2,66.5,34.6,77.6,86.7,32.6,32.1,60.6,39.4,62.7,55.7,53.9,64.1,24,43.9,66.3,40.4,80.5,69.5,66.9,76,53.2,39.5,25.9,48.9,21.4,30,30.7,67.6,30.5,46.4,25.9,65.7,17.8,39.5,64.5,11.5,15.7,60.2,24.2,75.1,18.1,2.3,56.9,6.7,2.8,1
id_264,2016,District of Columbia,DC,20.71,39.8,22.71,16.79,37.08,47.36,0.27,4.47,10.82,0.1,0.11,0.21,0.03,0.21,0.24,0.42,3.17,18.8,24.2,18.8,28.5,30.6,27.5,47.7,35.3,41.2,18.1,23.5,14.5,10.1,39.8,54,42.4,70.8,83.2,84.5,69.7,5.4,7.8,38.4,27.7,48.3,60.5,44.7,59.2,39.4,71.8,89.4,30.8,30,57.7,45.9,52.6,51.2,55.1,57.8,38.8,38.9,47.6,36.5,72,62.5,67.5,62.9,78.6,38,16.5,56.1,25,34.6,23.4,54.8,43,37.8,23.1,76,14.4,34.6,66.7,5.5,12.2,63.3,27.9,51.6,14.9,1.3,62.1,10.8,2.7,0
id_265,2016,Florida,FL,22.46,25.3,26.24,26,55.66,16.06,0.29,3.05,24.94,3.12,3.26,6.38,1.04,5.9,6.95,5.66,1.87,15.6,17,20.9,27.1,33.1,41.3,54.7,38.6,47.6,37.2,37.8,19.9,6.7,34.5,70.8,41.9,86.3,81.3,79.1,64.8,6.3,9.2,32.6,36,55.3,60.7,51.2,67.4,40.1,72,84.7,32.2,29.9,58.9,34.1,60.2,53,57.3,58.8,28.6,36.9,63.3,41.5,69,60.4,66.8,59.3,58.2,31.8,28.8,51.1,22.7,32.2,27.3,62.5,35.1,42.2,17.4,62.3,14.3,37,61.6,21.9,18.5,62.6,23.6,55.6,16.2,3.2,62.4,6.9,2.7,1
id_266,2016,Georgia,GA,27.08,27.51,26.73,18.67,54.23,31.88,0.26,4.29,9.34,1.55,1.64,3.19,0.32,2.81,3.13,2.88,1.75,18.8,13.6,24.5,31,37.9,38.4,48.8,34.6,43.3,39.9,40.1,16.4,8.5,35.3,72.2,42.1,85.4,79.2,80.3,63,7.4,11.5,35.7,35.3,40.1,45.9,49,62.7,45.5,81.6,85.6,31.8,33.7,63.2,28.6,65.8,53.6,55.7,65.4,22.1,38.9,62.5,32.1,78.8,67.3,68.2,61.7,59.1,34.6,29.2,48.3,21.1,29.5,31.5,65.8,32.5,44,17.3,62.9,19.9,45.7,60.3,20.6,18.9,61.6,24.7,60.7,18.1,3.8,61.1,5.7,3.2,2
id_267,2016,Hawaii,HI,23.65,27.92,24.87,23.57,21.7,2.59,0.25,65.42,10.04,0.22,0.22,0.44,0.05,0.35,0.4,0.42,1.98,8,19.6,20.2,27,34.8,44.4,38.2,23.7,36.1,26.5,36,20.4,10.7,42.6,58,34,77.9,83.8,81.5,72.9,3.7,5.6,26.4,25.9,39.3,49.1,47.5,61.6,43.2,78.2,80.9,29.6,27.7,57.4,34.4,59.2,52.9,54.6,60.2,26.3,47,64.7,33,75.9,74.3,75.6,65.8,69.6,38.3,20.4,56.6,25,36.3,24.3,58,38.8,40.8,25,72.3,5.8,25,64.8,8.4,14.2,55.3,22.2,44.2,13.5,2.6,57.8,8.2,3.5,1
id_268,2016,Idaho,ID,28.72,26.33,23.98,20.97,83.56,0.98,1.26,1.81,12.4,0.26,0.26,0.52,0.06,0.47,0.52,0.56,1.62,14.2,16.9,22.2,28.8,36.2,35.1,49.2,25.8,41.4,22.3,35.5,18.6,9.2,34.6,53.8,34.9,84.6,63.3,73.1,60.4,5,8.2,35,29.2,66,63.6,45,63,28,78.8,79,29.9,28.6,51.8,40.3,49.1,55.7,53.7,55.1,22.5,31.1,60.3,37.7,80,67.6,51.7,47.3,51.2,33.1,19.5,55.2,21.8,35.6,27.3,64.5,33.8,41.6,17.6,63.1,15.7,32.8,65.4,19.6,15.4,68.1,23.4,78,14.9,6.4,52.3,7.2,1.9,0
id_269,2016,Illinois,IL,25.44,27.36,26.43,20.76,62.51,14.67,0.2,5.77,16.85,1.95,2.02,3.97,0.32,3.6,3.92,3.84,2.1,14.2,20.7,23.1,29.3,37.6,36.2,43.5,26.7,39.1,26.8,33.2,15.4,8.8,36.8,55.5,39.7,80.4,77.9,84,62.6,5.9,8.8,39.9,31.8,44.9,55.6,53.7,67.6,54.1,82.5,83.7,30.1,29.2,59.2,44.1,59.7,51.2,52.1,54.5,33.3,35.1,62,47.2,78.1,68.4,64.7,56.7,54.7,35.2,23.5,50.8,21.7,30.5,31.5,64.5,33.4,41.5,19.6,65.4,13.5,37.7,66.1,11.1,17.5,65.4,27.8,61.8,16.1,2.8,60.4,6.8,3.4,1
id_270,2016,Indiana,IN,26.51,26.46,25.93,21.11,80.47,10.07,0.27,2.42,6.76,1.01,1.04,2.05,0.2,1.9,2.1,2.35,1.76,15.7,18.5,25.9,32.4,43.8,39.6,47.6,29.9,46,30.1,35.1,14.8,10.1,41.9,64.1,39.5,86.7,71.6,75.1,63.9,7.5,11.7,49.1,42,56.4,64.5,50,68,31.2,79.5,81.7,31.4,31.8,62.1,22,55.8,57.1,57.5,58.9,27.6,36.6,62.1,47.3,82.7,68.3,66.3,55.7,46.6,36.4,26.1,45.1,17.5,26.9,32.5,67.2,31,41.9,18.5,61.6,19.1,40.4,60.3,14,17.9,61.2,25.4,64.8,21.6,4.2,56,6.7,2.6,1
id_271,2016,Iowa,IA,26.24,26.18,24.89,22.69,86.95,4.15,0.33,2.7,5.87,0.48,0.49,0.97,0.09,0.92,1.01,1.17,1.87,11.3,22.5,23.1,29.5,33,40.7,40.6,22.6,37.4,28.2,26,15.5,7.8,43.6,75.7,37,83.3,77.3,82.3,67.2,5,7.4,40.3,43.6,48.7,60.4,55.4,73,30.3,82.2,81.6,30.2,28.6,58.5,55.9,68.7,58.6,55.3,56.7,21.1,56.2,71.5,39,83.1,78.6,74.7,65.2,65,45,22,48.2,19.1,27.8,32.4,69.1,29.9,51,29.7,71.3,15,35.7,70.2,8.1,13.3,68.8,20.7,67.3,17.4,4.9,51.3,7.1,1.8,0
id_272,2016,Kansas,KS,27.4,27.11,24.47,21.02,77.41,6.62,0.97,3.29,11.71,0.45,0.45,0.9,0.09,0.83,0.92,1.01,1.91,13,16.8,23.4,29.3,38.7,38,45.3,27.8,40.6,27.3,29.6,13.2,8.6,43.5,61.9,43.2,88,75.1,79.5,65.3,5.6,8.7,45.1,41.5,51.5,63.8,45.2,65.1,41.3,80.5,81.4,31.4,30.7,59.3,31.9,54.5,57.6,54,57.3,28.6,43.1,58.7,49.6,82.9,67.2,69.6,64.3,53.3,36.7,23.1,49.1,19.2,29.5,31.5,66.9,31.1,41.6,20.7,66.4,14.3,31.6,66.6,15.9,14.9,66.6,28.6,67.6,17.7,6.1,54.7,6,2.3,0
id_273,2016,Kentucky,KY,25.35,26.24,26.53,21.88,85.91,8.64,0.22,1.66,3.57,0.68,0.7,1.37,0.15,1.29,1.44,1.26,1.61,18.9,15.6,31.1,37.8,46,56.3,53.4,36.4,52.2,33.4,39.1,13,11.5,36.7,61.5,38.7,80.7,76.4,80.3,69,10.6,16,47.8,43.3,53.7,64.1,48.7,63.3,35,82.1,83.7,34.1,36.9,65.7,32.3,62.2,49.4,58.8,67.3,38.2,44.1,64.5,49.8,79.4,68.3,73.7,56.7,57.7,36.9,28.6,43.4,17.1,27.3,34.4,68.8,29.2,46.6,21.8,62.1,22.5,51.3,59.2,7,21.3,58.6,26.4,61.2,25.5,7.8,52.8,6.5,3.3,2
id_274,2016,Louisiana,LA,26.28,28.03,25.15,20.55,59.69,32.72,0.69,1.9,5.01,0.71,0.74,1.45,0.17,1.31,1.48,1.26,1.72,19.3,17.3,26.4,32,34.6,41.4,50.1,42.5,47.9,36.1,43.5,13.9,8.4,36.2,55.6,48.8,79.9,78.5,82.1,63.4,7.9,11.2,46.1,42.1,46.5,54.7,46.5,67.2,46,79.1,83.8,34.1,37.9,67.6,33.3,52.3,52.6,59.5,69.4,44.5,29.1,52.3,51.7,80.7,57.9,52.2,51.2,39.5,31.9,28.7,45.5,18.6,27.6,36,69.4,28.8,38.1,15.5,56.8,21.3,45.3,57.7,16.8,21.2,59.5,26.9,56.2,23.2,5.1,59.4,6.7,2.9,2
id_275,2016,Maine,ME,21.6,23.2,28.2,27.01,94.54,1.76,0.76,1.34,1.6,0.2,0.21,0.41,0.12,0.42,0.53,0.43,1.81,12.4,21.1,29.2,34.7,39.6,51.6,50.7,27,44.8,28.6,29,14.2,12.7,41.6,70.7,45.6,88.6,80.5,81.8,74.8,6.6,9.7,51.9,40,55.4,66,46.8,65.8,45.4,83.3,81.8,30.7,29.6,56.8,44.5,64.9,56.3,55,61.3,33.5,49.1,64.1,69.5,84.6,79.7,73.7,61.4,60.2,38.4,19.4,52.8,20.3,33.9,29.3,64.3,34,49.7,27.3,63,15.4,37.2,59.2,12,15.5,64.2,29.9,75.3,21.3,3.3,56.9,8.9,1.9,0
id_276,2016,Maryland,MD,24.97,26.83,27.55,20.65,52.61,30.56,0.3,6.84,9.69,0.9,0.96,1.86,0.16,1.65,1.8,2,2.31,9.4,16.1,22.6,30.9,34.4,35,45.4,30.5,39.5,25.7,23.5,15.3,9.5,44.6,71.2,34.5,86.5,81.1,84.2,69,5,8.1,34.5,37.4,55.1,61.2,54.6,64.4,56.4,84.1,88.1,31.7,30.8,62,34.3,64.1,51.1,51.6,61.6,22.4,49.2,62.9,45.1,83.2,70.4,76.1,63.1,60.3,42.1,22.7,50.7,22.5,29.3,29.7,63.9,34.4,47.3,27.1,68.4,11.7,35.5,64.8,10.6,14,61.9,27.2,65.6,13.8,1.6,61.2,5.4,2.6,1
id_277,2016,Massachusetts,MA,23.23,27.53,27.22,22.02,73.85,7.54,0.23,6.94,11.45,1.03,1.09,2.11,0.19,1.95,2.13,2.49,2.59,10.9,19,23.2,31.7,40.3,39.4,47.2,27.4,39.1,26.7,26.4,14.2,10.3,51.3,73.3,39.3,90.3,85.8,84.1,74.7,5,7.8,40.8,33.9,52.9,59.5,49.6,73.5,26.8,80.7,87.9,29.8,26.9,57.5,32.5,59.1,42.5,54.7,55.7,28.9,54.7,58.5,56.2,79.4,68.9,68.5,64.5,63,40.8,19.5,52.3,22.1,31.6,23.3,59.7,38.4,43,27.2,73.7,16.5,37,66.1,6.9,13.7,64.1,31.6,79.2,13.8,2.1,59.6,7.6,2.2,0
id_278,2016,Michigan,MI,24.76,25.65,26.7,22.89,76.32,14.59,0.7,3.37,5.01,1.52,1.56,3.08,0.42,2.9,3.33,2.92,1.8,15.7,20.2,29.1,36.2,41,55.1,49.1,30.9,44.6,27.9,33.3,12.9,11.1,36.1,71.2,42.7,89.8,79.4,81.9,68.7,8.3,11.8,46.9,41.4,53.5,58.1,50.1,65.3,42.4,82.2,86,32.4,31.7,58.7,38.7,59.6,60.3,58,63.4,39.4,45.8,61.4,43.7,82,75.6,75.3,64.5,63.2,34.7,23.1,51.3,20.4,31.9,32.6,67,31.4,42.4,21.4,69.7,13.9,35.7,65.3,10.2,17.3,59.8,26,70.7,21.3,3.8,58.8,7,3.4,1
id_279,2016,Minnesota,MN,25.95,26.74,26.08,21.23,81.49,6.83,1.21,5.19,5.27,0.85,0.86,1.71,0.18,1.6,1.77,2.16,2.12,10.7,22.3,20.6,27.1,30.7,34.6,44.7,22.5,37.2,23.2,26.1,16.1,7.7,51.1,71.1,39.1,90.1,82,82.4,72.6,3.6,5.9,41.9,38.8,45.7,61.9,58.7,64.9,46,83.8,84.1,27.3,25.5,57.1,45.1,66.5,69.1,53.6,52.4,26.2,46.5,68.3,36.8,86.8,80.5,71.9,69.6,71,42.9,17.5,53.9,22.2,32.3,27.4,64.2,34,50.1,28.4,73.7,10.7,28.8,72,7.9,12.2,67.4,26.1,66.2,15.6,4.5,55.6,7.6,2.1,0
id_280,2016,Mississippi,MS,26.91,26.66,25.38,21.06,57.4,37.87,0.5,1.13,3.1,0.45,0.48,0.93,0.12,0.83,0.95,0.68,1.46,22.1,12.8,29.4,33.6,45.4,43.5,52.3,44.8,48.2,34.3,38.6,14.1,7.9,30.1,71.1,36.1,83.5,71,82.8,59.4,7.9,11.5,53.5,47.1,52.9,66.9,50.9,60.9,33.3,75.1,82.3,34.1,39.8,68.9,29.7,70.5,41.2,55.3,68.3,33.1,38.5,71.1,42.4,72.7,70,70.7,60,58.2,35.9,29.5,40,16,23.5,38,71.7,26.5,43.8,17.4,57.2,27,56,49.9,20.2,22.2,61.9,21.3,56,23.2,7.2,62.9,4.8,3.8,2
id_281,2016,Missouri,MO,25.33,26.51,25.79,22.37,80.82,12.29,0.54,2.27,4.09,0.93,0.96,1.89,0.23,1.78,2.01,1.99,1.79,16.5,19.5,28,35.4,37.1,37.7,50.1,29.8,44.3,34.3,35.7,12.1,9.8,40.2,64.9,42.6,90.1,75.9,78.8,64.2,8,12.4,50.6,41.8,54.6,66.7,50.3,64.7,52.3,77.5,82.5,31.3,30.7,62.4,42.2,66.8,56.7,53.9,62.5,37.7,47.1,66.6,43,78.7,62.7,65.1,62.1,57.4,41,24.2,47.5,18.2,28.8,31.6,67.1,30.8,50.1,21.9,61.3,18.7,43.7,58.8,14.1,18.4,63.5,29.9,61.2,23,4.9,55.5,7.1,3.3,1
id_282,2016,Montana,MT,24.36,26.04,24.79,24.81,87.82,0.83,6.63,1.02,3.7,0.16,0.16,0.32,0.05,0.32,0.37,0.36,1.77,13.8,20.6,24.4,30,36.4,53.3,48.2,24,43.7,22.8,27.9,16.3,8.4,41,67.7,42.2,90.3,72.6,80.1,60.4,6.7,10.5,51.7,41.2,58.1,67.1,52.6,69.7,60.6,81.8,79.9,26,26.7,54.8,39.7,60.5,59.2,47.8,56,29.8,40.9,70,67,90,69.8,68.7,58.1,69.8,37.7,18.8,58.3,24.6,39.6,25.4,62.1,36,46.3,18.7,65.4,13.9,34.8,63.8,12.4,14.2,69.8,25.4,54.5,19.3,8.4,55,7.4,2.3,0
id_283,2016,Nebraska,NE,27.62,27.02,24.35,21,80.39,5.4,0.9,2.66,10.65,0.29,0.3,0.59,0.05,0.55,0.6,0.65,1.99,10.7,21.1,22.8,29.5,38.5,54.7,41.9,22.9,35.5,25.5,31.5,13.8,8.2,46.7,71.5,42.1,86.3,73.5,78.2,65,5.4,8.4,46.9,36,49.7,60.2,51.8,71.4,29.9,83.9,81.8,29.7,28.5,58.5,51.2,67.3,62,54.7,55.9,30.1,49.1,69.3,37.8,85.3,69.7,67.6,59.9,63.3,43.4,21.9,49.4,20.1,28.9,32.1,68.7,29.7,47.2,24.6,68.5,13.4,31.3,69.7,15,14.2,67.2,28.2,74.8,17.5,5.9,54.2,6.7,2.6,0
id_284,2016,Nevada,NV,25.35,27.57,26.17,20.91,51.71,9.64,0.98,9.34,28.33,0.45,0.45,0.9,0.09,0.81,0.9,0.76,1.83,14.8,16.6,22.2,30.3,39.3,39.6,48.8,31.5,44,29.2,36.1,19.2,7.9,36.3,62.6,29.2,76.1,73.5,75.6,60.5,6.5,10.9,29.4,37.5,50.5,58.7,46.5,54.5,25.4,76.4,82.8,32.1,29.4,53.5,42.3,57.3,59,62.6,61.5,33.2,27.8,56.5,26.4,70.9,62.1,62.8,59.9,55.3,31.2,24.3,51,22,32.1,25.5,61.9,36.3,38.5,14,60.1,13.5,34.3,61.3,18.2,20.4,59.9,24.6,58,16.6,2.5,53.6,6.4,3.1,1
id_285,2016,New Hampshire,NH,22.34,24.57,29.05,24.04,91.5,1.6,0.28,3.06,3.57,0.21,0.21,0.42,0.06,0.4,0.46,0.46,2.28,8,19.8,24.3,31.7,33.9,38.6,49.6,27.6,40,25.1,30.7,16.1,12,50.5,69.9,42,90.2,81.5,83.6,74,5.8,8.7,49.3,34.2,56.3,62.5,55.4,72.4,61.9,89.6,86.5,29.7,27.2,55.4,54.3,66.6,53,60.8,56.2,33.8,55.3,70.7,53.4,88.8,78,72.6,64.8,50.4,39.9,18.5,55.5,23.7,35.5,26.4,62.7,35.2,50.2,28.2,71,12.8,32.3,65.9,8.7,13.6,63.5,29.8,74.6,19.4,2.4,58,8.1,2.4,0
id_286,2016,New Jersey,NJ,24.65,25.52,28.17,21.66,56.88,13.42,0.2,9.77,19.74,1.34,1.41,2.75,0.25,2.44,2.69,2.66,2.44,11.2,17.2,20.7,26.1,26.4,40.1,46.9,31.3,40,37.5,28.9,15.2,8.2,43.5,74.5,33,62.1,80.4,82.1,63.6,5.7,8.6,29.8,34,44.7,52.8,55.7,58.8,42.2,71.7,86.6,32.7,28.7,58.4,48,62.3,36.8,59.1,53.4,20.5,44.2,64,34.5,72.7,65.6,75.1,68.6,72.1,38,29.3,49.1,21.6,29.6,26.7,62.8,34.7,43.1,20.8,73.3,12,34.9,62.8,13.6,16.6,59.8,20.6,58.3,14,2.4,61.4,4.6,2.4,0
id_287,2016,New Mexico,NM,26.28,26.73,24.41,22.59,38.5,2.16,9,1.71,48.62,0.32,0.33,0.65,0.08,0.59,0.68,0.61,1.57,21.6,15.7,25.4,31,30.8,45.9,52.1,36.5,46.9,23.8,38.4,18.2,11.9,35.7,67.9,41.1,89.9,71,78.6,57.5,5.3,8.3,41.7,27.3,50.9,64,48.2,64.2,56.2,78.9,79,29.4,28.4,56.9,35.3,67,54.3,48.1,58,26,33.5,62.5,44.5,75.7,69.5,65.3,56.6,51.2,39.2,19.7,54.5,24,34.5,28.8,65.4,32.6,39.8,18.9,62,15.2,37.9,62,12.2,20.7,64.9,25.7,57.1,17,4.2,60.6,5.6,2.7,1
id_288,2016,New York,NY,23.71,27.94,26.65,21.7,56.86,15.09,0.36,8.88,18.8,2.95,3.13,6.08,0.57,5.52,6.09,5.45,2.39,15.1,18.2,21.8,29.3,32.4,39.7,46.4,31.8,42.2,30.4,33.5,11,9.5,43.3,68.3,38.1,78.6,79.2,80.6,67.5,4.9,7.9,37.8,37.2,48.8,61.5,53.9,64.7,37.5,78.1,86.7,31.9,28,58.7,46.2,64.7,35.8,58.6,56.5,21.5,44.3,64.2,38.3,76,67.4,75.1,64.9,59.9,38.7,26,48.4,20.9,29.3,25.4,60.5,37.3,42.4,23.4,68.6,12.6,35.7,60.5,11.6,16.3,61,26.6,69.6,14.5,2.3,59.6,6,2.2,1
id_289,2016,North Carolina,NC,25.31,26.51,26.67,21.51,64.48,22.1,1.19,3.08,9.14,1.53,1.61,3.15,0.41,2.92,3.33,3.11,1.74,15.8,15.5,24,30.7,36.4,45.9,50.4,35.3,46.7,31.4,32.8,21.8,8.1,43.5,77,43.2,82.8,79,84.5,71.6,6.8,10.4,42,37.2,56.8,65.9,55.1,70.8,34.1,80.1,85.4,32.4,32.3,63.2,40.9,64.9,55,55,59.6,26.9,63.7,72.3,47.2,82.3,74.7,75,64.8,58.7,43,22.6,48.9,19.8,28.5,31.8,66.6,31.6,50,27,63.4,19.1,44.4,60.6,17.6,17.6,64,24.9,68.6,18.4,4.1,60.9,6.8,3,1
id_290,2016,North Dakota,ND,26.13,30.29,23.09,20.49,86.06,3.2,5.44,1.66,3.65,0.12,0.11,0.23,0.03,0.22,0.26,0.23,2.1,11.4,25.2,22.4,29,43.5,46.4,42.6,22.1,37,34.5,32.1,12.3,9.1,46.3,63.6,40.6,85,74.4,79.4,63.1,4.9,7.2,49.2,40.9,55.9,62.7,54.3,72.6,55.9,79.6,81.3,28.7,28.8,61.4,32.6,64.1,58.9,53.9,63.7,26.4,52.4,66.4,49.7,80.8,77,69.2,65.2,58.4,41.2,21.7,46.1,17.6,26.4,32.5,68.8,29.7,45.4,21.4,66.2,13.9,37.6,64.5,9.1,14.5,68.5,23.9,64.2,20.2,7.3,51.2,7.7,2.4,0
id_291,2016,Ohio,OH,25.13,25.7,26.4,22.77,80.27,13.33,0.26,2.45,3.7,1.77,1.84,3.6,0.34,3.45,3.79,3.39,1.82,16,19.4,27.6,35.4,42,45.1,47,31.1,43.1,33.6,36.3,15.5,9.7,37.4,59.4,41.4,86.3,77,82.2,65.6,8,12.1,53.7,45.9,54.4,60.1,50.5,62.8,55,83.1,83.2,30.4,31.4,60.1,39.1,60.8,58.1,57.6,63.5,26.3,37.4,63.4,45.2,86.4,76.3,75.7,67,60.5,37,24.8,48.9,19.6,30.6,31.4,65.9,32.2,44.9,21.4,68.1,17.2,39.8,63.1,8.6,17.1,59.4,25,68.7,23.4,5.1,58.2,6.6,2.6,1
id_292,2016,Oklahoma,OK,27.17,27.46,24.5,20.87,68.97,8.39,9.63,2.58,10.44,0.6,0.61,1.22,0.15,1.1,1.25,1.11,1.72,16.4,12.5,26.5,32.3,38.7,37.5,53.3,34.2,49,34.5,39.5,15.7,10,44.4,76.1,44,88.6,74.1,78.7,58,7.8,12.6,41.4,37.1,60.3,68.2,54.6,69.2,34.1,87.7,80.6,33.3,35.5,62.9,34.7,68.7,56.7,60,68.2,49.4,52.8,66.5,54.4,82.4,73.3,74.5,63.5,54.7,39.3,27.8,42.7,16.1,25,33.1,68.9,29.7,49,19.3,58.2,21.8,43.8,61.4,18.5,19.5,62.8,27.6,75.4,20,6.1,56.4,3.9,3.1,2
id_293,2016,Oregon,OR,23.66,27.49,25.53,23.33,78.07,2.41,1.36,5.39,12.76,0.63,0.64,1.27,0.11,1.18,1.28,1.43,1.86,16.3,17.4,24.7,31.8,38.4,51.4,53.1,26.2,43.1,16.8,31.9,17.9,10.6,38.6,62.2,47.7,88.9,73.1,78.9,68.7,6.1,9.5,41.2,37.9,59,65.9,39.5,70.8,35.7,81.1,82.4,29,28,53.1,27.4,57.7,62.5,53.4,57.9,51.5,35.7,54.9,73.4,82.4,75.3,66.3,55.2,55.4,34.4,16.7,59,23.7,38.1,28.6,61.9,36.4,40.7,20.8,67.5,14.1,30.4,66.8,11.7,16,66,27.8,73.3,16.7,4.2,59,7.8,2.9,0
id_294,2016,Pennsylvania,PA,23.63,25.59,26.67,24.11,77.8,11.37,0.18,3.6,7.06,1.94,2.02,3.96,0.39,3.75,4.14,3.91,2.07,14.2,20.9,26.8,33.3,44.6,51.6,45.8,29.3,38.6,25.2,31.2,12.5,10.7,43.8,74.6,38.2,88.1,75.7,78,67.2,6.8,9.7,40.2,41.8,50.9,59.8,59.1,64.6,42.2,80.5,84,29.8,29.6,59.8,36.6,67.7,52.4,52.5,61.1,27.9,52.6,66.5,43.2,80.2,74.7,72.8,66.6,59.5,40.4,21.6,50.3,20.4,30.6,30,64.5,34.1,50.5,24,66.1,16.9,41,63.3,8.8,15.6,59.4,27.6,71.5,18.9,4.2,59.6,6.9,2.2,1
id_295,2016,Rhode Island,RI,23.08,27.06,26.96,22.9,74.16,6.6,0.5,3.73,15.01,0.16,0.17,0.33,0.03,0.31,0.35,0.33,1.98,14.4,16.7,24.2,33,40.2,46.7,46,32.1,41.2,30.6,31.6,14.8,10.5,50.1,64.7,49.4,89,85.3,85,72.6,6.3,9.6,41.6,39.4,55,62.2,52,70.4,25.7,81.3,87.8,30.8,30.5,61.8,40.8,61.5,49.6,60.7,59.8,42.4,42.6,64,63.2,79.4,73.4,75.6,66.2,75.7,45.1,23.5,49.7,20.6,29.9,26.5,63.4,34.9,46.3,29.8,75.7,12.4,33.3,64.6,9.3,15,61.8,36.5,68,14.8,1.6,59.5,6,2.1,0
id_296,2016,South Carolina,SC,24.79,26.19,25.88,23.14,64.66,27.63,0.4,1.79,5.51,0.75,0.79,1.54,0.23,1.42,1.65,1.45,1.66,18.5,18,27.2,33.1,40.1,42.1,49.2,36.3,45.2,36,34.7,14.1,8.8,38,68.8,39.6,83.4,75.3,79.9,67.7,7.1,11.1,49.1,40.6,48.9,57.2,53.6,61.8,50.6,78.2,84.9,33.3,34.9,66,28.1,66.2,55,56.3,66.2,34.1,41.2,66.7,44.4,78.3,69.4,71.1,56.1,51.2,35.8,25.9,48.5,20.2,30,32.5,67.2,30.9,46.6,19.2,60.1,18.5,42.5,60.2,16.5,19.1,59.8,25.2,62.5,20.8,4,63.3,6.9,2.7,2
id_297,2016,South Dakota,SD,27.44,26.32,23.96,22.27,83.34,2.39,8.89,1.58,3.8,0.13,0.13,0.27,0.03,0.25,0.28,0.28,1.97,12.4,20.7,23.4,27.4,53.6,46.2,47.4,24.1,42,21.7,32,17.8,6,47.2,64.8,41.4,92.7,78.3,81.2,64.4,4.6,7.8,46.3,42.7,52.5,66.5,56.5,56.8,41.3,89.8,80.2,27.8,28.8,58.4,50.1,67,65,53.9,59.4,19.6,46.9,73.6,50.9,86.4,78.1,77.8,68.3,75.2,47.2,18.3,50.8,19.6,31.1,30.1,67,31.8,48.5,27.2,70.6,16.2,39.2,65.9,10.4,12.2,71.2,24.4,73.4,19.1,6.3,57,5.5,2.3,0
id_298,2016,Tennessee,TN,25.07,26.61,26.43,21.89,75.19,17.33,0.3,1.94,5.25,1,1.05,2.06,0.22,1.93,2.15,2.3,1.75,16.1,14.1,28.4,33.8,46.6,48.4,51.9,38.2,50.6,31.1,37.8,13.8,11,32.6,76.4,33.2,91.5,77,79.6,64.5,9.4,14.3,50.1,49.4,55.5,65.5,52.2,69.6,50,82.8,86.4,33.2,36.1,64.2,38.3,61.4,49,58.6,69.4,44,46.9,55.5,39.3,79.8,67.3,72,58.9,54.2,34.5,27.4,44.4,17.5,26.7,35.1,68.4,29.7,43.4,18.7,59.1,22.1,46.4,59.4,14.1,19.1,60.3,24,71.6,22.4,7,60.4,5.9,2.8,2
id_299,2016,Texas,TX,28.97,28.85,25.13,17.05,43.32,12.22,0.37,5.06,39.02,4.29,4.35,8.64,0.79,7.2,7.99,10.1,1.87,16.8,17.9,21.5,28.7,28.6,35.5,49,33,44.2,30.8,38.4,15.4,7.6,48.1,59.4,42,85.9,72.9,76.2,59.9,4.8,7.7,37,29.6,54.2,64.4,49.2,60.6,29.9,77,82.1,33.3,31.3,58.8,30.5,58.2,58.9,55.9,57.1,16.4,36.9,62.2,37.8,78,68.8,64,60.4,53.4,37.4,25.2,44.3,19.4,25.6,33.8,68.6,29.5,40.4,18.1,59.4,13.8,33.1,62.3,25.6,18.2,65.4,25.8,69.7,14.3,4.4,62.5,6.9,2.8,2
id_300,2016,Utah,UT,33.2,30.44,21.37,14.99,80.14,1.37,1.04,3.7,13.75,0.47,0.47,0.94,0.07,0.72,0.79,1.11,1.69,10.8,12,21.1,27.3,29.6,39.4,47.3,23.4,37.6,20.8,29.1,15.4,8.2,39.7,63.2,38.6,87.5,76.9,76.1,71,4,6.2,21.5,23.1,55,63.9,50.8,67.2,39.7,81.3,80.5,29.4,26.2,51.6,34.5,65.5,61.2,52.7,52.8,33,40.2,64.5,36.5,82.7,67.8,67.6,59.1,70.5,36.9,16,55.1,23.3,33.6,26.1,61.5,36.7,42.8,22.5,73,10.3,27,69.6,13.1,12.1,67.9,28.9,62.7,8.7,3.4,56.7,4.7,2.7,0
id_301,2016,Vermont,VT,22.29,24.76,27.39,25.56,94.3,1.53,0.43,1.87,1.86,0.1,0.1,0.19,0.05,0.19,0.24,0.21,2,11,20.3,24.5,30.8,35.6,44,47.5,23.3,39,23.1,27.8,15.5,10.4,44.4,69,42.3,92.9,78,82,71.1,5,8.1,40.4,37.6,51.9,61.7,56.7,76.2,30.7,80.4,84,26.9,26.8,53.2,22.4,63.7,48.4,53.5,54.2,48,47,66.9,47,87.2,75,75.2,66.2,67.9,39.9,18.4,59.6,24.3,39.5,27.2,61.4,37,46.1,24.8,71.6,15.5,37.9,66.8,6.5,12.4,67,32.4,59.1,18.1,3.4,49.2,9.5,2.6,0
id_302,2016,Virginia,VA,24.87,27.61,26.95,20.57,63.66,19.89,0.3,7.05,9.1,1.28,1.32,2.61,0.22,2.35,2.57,2.55,2.15,12.3,16.3,23.9,30.6,38.3,38,47.9,29,40.5,31.3,30.1,16.8,8.5,41.4,72.1,38.8,89.1,80.1,82.4,69.3,5.7,9.1,42.3,34,48.7,57.8,53.3,64,43.9,84.1,86.2,32.2,31.2,60.5,33.8,66,57.1,59.1,64.3,30.7,52.3,66.2,56.1,80.5,71.6,74.9,64.1,66.7,41.9,23,50.7,22.3,30.7,28.7,65.1,33.2,49,23.4,70.5,15.5,38.9,65.4,13.9,15.9,61.3,26,72.7,15.5,3.8,60.1,6.4,2.4,1
id_303,2016,Washington,WA,24.77,28.44,25.88,20.91,71.31,4.67,1.52,9.99,12.51,1.13,1.13,2.26,0.18,2.07,2.25,2.84,2.22,13.3,17,22.9,29.3,30.5,36.5,51.5,23.4,42.4,21,28.6,16,9.6,40.9,67,41.8,91.6,75.7,79.1,69.5,5.5,8.5,39.4,34.1,53.6,61.9,50,67.1,50.8,84.9,82,30.1,28.3,52,46.5,65.6,65.2,52.3,56.2,37,47,62,49.9,83.2,70.5,71.3,62.8,61.9,39.3,17.3,57.4,23.4,36.6,28.6,63.1,34.8,46,24.3,68,11.6,29.3,69.6,10.8,13.9,65.6,30.8,69.9,14.2,3.6,53.7,7.1,3.1,0
id_304,2016,West Virginia,WV,22.84,24.49,26.7,25.97,93.34,3.96,0.21,0.93,1.56,0.28,0.29,0.57,0.08,0.55,0.63,0.48,1.52,18.7,12.7,34.4,39.8,42.3,58.6,53.7,36.2,50.6,33.6,42.5,11.6,11.8,40.3,68.1,44,85.1,77.7,79.7,65,12.5,19,54.4,43.3,59.2,66.8,58.6,67,45.9,81.7,85.1,34,37.8,64.6,43.5,71.1,53.5,59.9,68.8,35.3,53.9,74.2,54.3,80.3,64,70.7,58.7,55.8,41.4,27,48.5,15.4,31.9,37.6,70.3,27.8,52.3,23.8,58.6,31.5,58.7,51.2,9.7,24.3,58,30.3,65.7,26.4,8.9,54.7,3.8,3.1,2
id_305,2016,Wisconsin,WI,25.01,25.86,26.6,22.54,82.35,6.91,0.97,3.04,6.73,0.89,0.9,1.79,0.23,1.73,1.96,2.09,1.9,11.8,26,22.4,28.2,26.7,30.2,49.2,27.6,43.4,25.3,33.1,16.1,8.4,40.8,42.9,38.3,92.5,80.1,84.1,72,5.3,8,64.8,48.1,50.6,61,40.6,64.1,45.2,86.1,82.9,30.3,28,56.9,25.3,51.1,57,56.8,59.8,22,33.1,53.1,45.2,88.4,77.8,73.4,55.5,70.8,35.2,19.4,55,21.2,33.7,30.6,65.8,32.5,40.2,22.4,72.1,10.8,31.3,69.8,10.6,15.5,64.6,30.4,73.5,17.8,4.7,59.7,9.1,2.5,0
id_306,2016,Wyoming,WY,26.23,27.39,24.54,21.85,85.25,1.42,2.26,1.11,9.95,0.09,0.09,0.18,0.03,0.17,0.2,0.21,2.18,10.5,19.1,25,29.9,35.1,71.9,44.3,23.2,38.6,30.7,28.3,14.8,9.6,32.6,64,30.2,85.9,63.7,73.6,59.5,6.7,9.9,42,24.3,47.2,63.3,53.3,70.3,52.9,78.4,81.2,28.1,27.9,53.4,30.5,60,54.9,52.7,56.4,20.2,39.6,60.5,35.1,82,66.1,68.3,63,65.6,33.5,22.8,54.1,22.9,35.1,28.1,64.1,34.2,43.4,17.7,66.7,19,36.9,63.7,17,15.1,67.6,23.3,56.4,19.5,10.3,49.9,5.9,1.6,0
id_307,2017,Alabama,AL,25.07,26.1,25.9,22.93,66.49,27.02,0.6,1.6,4.28,0.73,0.77,1.5,0.2,1.43,1.63,1.38,1.58,17.6,13.2,30.9,36.7,46,49.4,54.7,37.8,57.2,40.1,37.5,14.9,10.9,39.3,67,44.4,82.6,79.2,80.8,68.1,10.1,14.7,50.3,37.4,55.3,66.3,47.1,66.1,40.4,82,90.5,31.1,39.3,67.6,44.7,67.2,53.3,55.6,76.6,43,30.4,64,39.6,77.2,64.1,75.8,54.7,53.8,37.7,31,42.7,16.6,26,36.6,70.2,28.6,45.2,20.3,60.6,21.2,47,56.4,17.7,22.2,59.4,32.2,62.2,21.9,6.5,62.8,4.6,3.8,2
id_308,2017,Alaska,AK,27.4,30.5,24.83,17.27,63.79,4.37,16.24,8.46,7.15,0.12,0.11,0.23,0.04,0.19,0.23,0.23,2.23,10.6,19.5,23.1,28.5,37.4,31.5,50.3,23.3,41,28,32.4,19.3,8.4,38.2,48.9,41.9,86.8,69.4,77.2,61.6,5.9,7.2,50.4,40.2,50.4,63.8,46.3,69.7,39.4,77.8,83.5,28,32.3,52.6,22.2,57,68.2,69.3,70.8,26.9,53.3,52.4,46.5,77.1,80.8,81.2,46.3,61.9,34.6,20.9,58.3,23.9,37.4,34.7,67.1,31.5,38.2,19.1,65.8,15.2,33.1,65,11.9,17.7,64.2,35,51.3,20.9,6.7,55.3,8.6,2,0
id_309,2017,Arizona,AZ,25.93,26.97,24.13,22.96,55.85,4.86,4.13,3.84,31.32,1.08,1.09,2.17,0.29,1.89,2.18,2.22,1.7,18.9,16.1,22.2,28.2,34.5,38.4,56.9,31,46.6,28.6,37,15.2,9.7,33.5,60.5,46.2,88.4,74.6,78.2,62.2,5.8,9.3,38.7,37.8,53,64.6,47.4,67,36,85.7,89.1,28.9,28.3,54.3,37.4,57.1,49.8,49.3,51.1,29.6,39,61.4,38,83.3,68.9,65,65.8,56.6,34.4,24.4,52.4,22.4,32.2,29.9,65,32.7,41.6,18.9,60.5,12.9,32,64.4,15.9,18.7,63.3,31.4,67,15.9,2.9,59.6,5.5,3.7,1
id_310,2017,Arkansas,AR,26.11,26.26,24.9,22.73,73.64,15.98,0.84,2.05,7.49,0.45,0.47,0.92,0.12,0.86,0.98,0.83,1.63,18.5,16,28.8,36.2,38.5,27.7,64.2,40.2,60.7,36.5,45.4,16.4,9.7,45,58.9,36.8,89.6,70.8,78.3,62.2,9,13.5,55,44.3,58.7,68.2,48.3,60.1,42.4,81.6,85.5,30.5,39,67.2,18.5,59.6,50.2,60.8,70.4,31.7,45.6,63,39.8,82.1,59,61.5,51.7,53.5,38.9,31.9,45.7,16.9,28.1,35.6,70.7,27.6,40.3,20.2,56.4,22.8,46.2,55.7,12.6,23.4,61.5,29.1,74.5,23.4,7.1,59.8,6,3.3,2
id_311,2017,California,CA,25.61,29.12,25.71,19.56,38.69,6.2,0.53,15.7,38.87,6.01,6.09,12.1,0.71,9.58,10.28,10.5,2.3,15.1,18,18.4,25.3,21.8,33.5,52.5,29.1,43.7,25.4,30.8,13.9,7.8,39.1,61.5,39.4,88.3,80.8,82,66.1,4.3,7.1,32.4,24.2,47.3,61.8,55.3,68.5,45.1,84.1,91.6,27.5,27.3,50.8,49.9,65.3,49.9,54.3,49.6,21.1,49,68,30.8,81.6,64.4,69.5,60.5,59.4,39,20,57.1,23.9,34.8,24.9,60.9,36.6,43.1,22.6,66,8.9,27.8,66,12.8,17.3,64.4,30.2,69,11.6,1.6,58.9,6.3,3.2,1
id_312,2017,Colorado,CO,25.06,29.51,25.66,19.77,69.42,4.61,0.76,3.73,21.49,0.87,0.86,1.73,0.17,1.58,1.75,1.97,2.14,11.7,19.4,20.4,28.2,26.7,29.1,49.2,20.1,43.9,22.3,28.1,16,9.3,43.9,74.1,41.7,93.7,72.6,80.7,67,4.1,6.9,47,40,54.6,64.4,51.1,67.1,26.5,86.8,89.9,26,25,50.9,54.7,67.7,62.9,48.7,48.9,26.9,50.4,70.9,56,85.7,75.6,75.2,52.6,58.3,43.6,19.4,58.5,25.9,37.6,22.6,58.5,39.2,50.1,25,66.7,10.9,28.4,69.9,13.5,14.4,69.6,30.3,74,14.7,4,58.5,6.7,2.1,0
id_313,2017,Connecticut,CT,23.7,25.25,27.62,23.43,68.06,10.74,0.27,4.91,16.03,0.54,0.56,1.1,0.08,1.02,1.1,1.13,2.73,10.4,16.6,20.4,27.4,31.2,40,50.2,26.6,41.7,33.2,29.4,12.9,10.9,47.5,71.3,37,88,83.5,86,73.6,5.2,7.7,34.2,35.4,47.1,57.2,52.9,58.2,37.5,86.4,93.5,27.3,27.6,55.3,54.6,67.5,45.2,50.7,59.1,32.1,45.8,67.7,31.1,82,70,67.7,64,71.1,44.5,23.8,51.2,23,31.2,26.6,62.4,35.9,46,29,75.3,10.7,31,68.6,10.1,13.8,63.7,27.6,67.8,13.4,1.9,64.1,5.3,2.7,0
id_314,2017,Delaware,DE,23.94,25.53,25.61,24.92,63.47,22.73,0.36,4.2,9.24,0.14,0.15,0.29,0.05,0.27,0.32,0.31,1.97,12.2,16,22.4,27.7,25,38.3,52.6,32.3,49.2,37.6,29.6,13.8,10.5,45.3,82.6,45.5,87.5,82.6,83.3,70.9,7.4,10.6,48.4,43.2,47,58.2,50.7,63.1,56.4,83.8,92.1,29.3,31.4,56.7,39.2,66.3,48.9,46.2,54.4,26.3,50.4,75.7,49.7,84.3,70.8,71.1,71,60.2,43.1,30.1,46.4,19.4,27.9,31.4,67.6,30.3,47.1,26.8,66.2,16,38.8,64.6,13.2,18.1,61.3,34.6,67.7,17.9,3,64.7,6.3,2.7,1
id_315,2017,District of Columbia,DC,20.94,39.87,22.37,16.82,37.44,46.75,0.27,4.59,10.95,0.1,0.11,0.21,0.03,0.22,0.24,0.42,3.14,17.8,24.1,15.9,24.8,39,36,47,36.2,49.6,38.1,31.4,14.5,9.1,44.5,66,36.9,76.2,82.2,84,70.1,5.5,7.9,34.6,39.3,48.3,60.5,49.1,60,34.7,73.1,93.2,27.4,28.8,57.7,36.8,47.1,61.9,51.4,56.8,31.5,48.2,53.8,56.5,74.7,78.1,78.4,68.4,63.8,42.3,24.2,53.2,24,32.8,23.3,54.7,42.8,41.9,26.6,72,12.4,36,69.1,5.9,11.6,65.3,30.4,44.2,14.6,1.1,62.4,9,2.4,0
id_316,2017,Florida,FL,22.31,25.29,25.94,26.46,55.13,16.06,0.29,3.1,25.41,3.15,3.3,6.45,1.02,5.95,6.97,5.68,1.91,15.3,16.6,20.7,27.2,31.2,34.5,61.9,41.9,55.8,33.1,39.7,19.9,7.5,40.8,63.1,34,80.1,78.7,79.4,66.4,6.9,10.3,34.2,40.1,56.2,67.3,49.4,59.8,41.3,68.1,91.8,30.5,29.9,56.3,27.5,64.7,52.5,48.7,56.9,28.9,49.3,62.9,39.4,73.8,60,63.5,69.2,53.4,34.3,28,49.3,21.2,31.2,28.4,63.4,34.5,40.5,16.9,61.7,14,36,60.8,21.5,17.7,61.9,27.1,54.2,16.8,2.8,62.7,5.8,2.3,0
id_317,2017,Georgia,GA,26.86,27.51,26.47,19.16,53.76,32.07,0.26,4.42,9.49,1.56,1.65,3.2,0.31,2.82,3.13,2.89,1.77,18.5,13.2,21.2,28.3,30.6,34,48.9,28.8,40.1,40,35.5,16.4,8.4,30.7,65.1,38,83.3,79.6,81.9,66.3,6.7,10.4,43.7,38.6,50.9,61.9,50.3,66.9,49.8,82.4,92,27.6,31.9,61,39,66,48.4,51.6,63.1,24.7,40.8,67.5,41.8,79,78.8,65.3,75.5,54.9,35.9,30.8,46,20.4,26.7,31.7,65.2,32.9,43.1,20,62.1,18.8,42.9,62.1,21.5,18.1,60.6,27,65.6,17.6,4.5,58.1,5.5,2.9,1
id_318,2017,Hawaii,HI,23.54,27.68,24.6,24.18,21.7,2.62,0.24,65.25,10.19,0.22,0.22,0.44,0.05,0.35,0.4,0.42,1.99,8.1,20.7,19.2,27.3,29.1,33.3,44.5,27.9,40.5,31.4,24.4,20.4,9.9,51,79.7,42.6,85.8,84.1,80.5,70.4,3.3,5.1,30.2,21.9,39.3,49.1,46.3,57.5,15.1,72.2,87,27.7,28.4,54.4,38.5,65.2,52.9,49.2,60.4,16.5,49.8,69.5,51.4,78,74.3,75.6,65.8,65.9,42,23.3,55.7,24.8,35.2,24.1,58.9,38.6,40.7,26.6,72.3,6.3,23.7,65.4,7.8,14.1,55.8,29.2,64.7,13.5,2.8,56.6,8.9,2.9,1
id_319,2017,Idaho,ID,28.47,26.39,23.73,21.41,83.34,1,1.25,1.84,12.56,0.27,0.26,0.53,0.06,0.47,0.53,0.57,1.63,13.8,16,22.4,28.9,39.8,43.4,50.9,25.8,42.2,29.8,32.6,18.6,9,36.3,59.2,41,76.9,67.7,73.3,61.3,4.7,7.6,39.6,37.5,55.6,66.8,45.3,73.5,36.5,76.5,84.9,26.2,27.8,48.7,19.9,63.9,55.7,49,51.5,39.4,35.2,56.5,45,84.1,67.6,51.7,47.3,53.8,34.1,23.8,54.7,23.7,35.2,29.6,66,32.6,41.3,18.2,65.4,14.8,33.2,66.8,19.8,14.6,66.8,32.3,70,14.7,5.6,54.8,6.9,2.6,0
id_320,2017,Illinois,IL,25.23,27.31,26.13,21.33,62.21,14.64,0.2,5.91,17.04,1.93,2,3.93,0.32,3.59,3.91,3.84,2.09,13.8,21.4,22.5,31.8,34,41.6,45.9,28.7,41,23.8,29,15.4,8.2,41.1,59.4,46.4,87.4,78.3,80.7,63.6,6.3,9.9,40.4,36.3,42.9,56.5,52.3,66.5,37.6,77.7,90.3,28.6,30.2,58.5,23.6,55.6,51.2,50.5,53.7,28.6,32.3,54.2,41.7,78.5,68.4,64.7,56.7,57.2,36.5,23.6,52.2,21.8,29.8,30.8,65.2,33,41.2,21.4,66.4,14.8,36.9,66.5,13,17.4,64.7,27.3,63,15.7,2.7,56.9,6.4,3.3,1
id_321,2017,Indiana,IN,26.37,26.5,25.55,21.58,80.12,10.17,0.27,2.51,6.92,1.01,1.04,2.05,0.19,1.9,2.09,2.36,1.76,15.5,17.5,26.4,33.5,37.4,41.9,54.1,29.6,50.6,35.2,39.3,14.8,10,41.9,61.1,43.9,89.5,72.8,78.1,63.9,8,12.6,48.8,45.8,56.4,64.5,45.9,70.9,48.8,84,87.4,29,33,59,30.9,55.7,59.4,52.2,62.2,43,37.7,58.7,52.2,82.5,70.8,68.2,52,55.4,35.4,29.4,46.2,17.2,27.6,33.5,67.7,30.5,41.6,19.1,62.5,19,40.3,61.2,13.1,20,60.8,31.2,65.7,22.5,5.2,55.2,6.2,3,1
id_322,2017,Iowa,IA,26.16,26.23,24.51,23.1,86.52,4.33,0.33,2.8,6.02,0.48,0.49,0.97,0.09,0.92,1.01,1.18,1.84,10.9,22.6,22.3,28.7,31.3,47.2,47.2,22.5,44.5,28,27.7,15.5,9.3,46.1,71.6,42.3,90.3,79.7,82.7,68,5.8,8.9,47.2,41.5,52.5,63,52.8,69.2,39.3,91.6,87.1,27,28.8,57.5,43.1,67.3,59.2,49.3,51.6,37.7,53.7,74.4,52.3,89.2,85.5,82.4,66.5,62.2,44.1,24.3,50,19.5,29.7,36.7,70.2,28.6,49.6,28.5,70.1,14.4,34.5,69.2,8.8,14.7,66.6,30.7,74.3,17.9,5.7,53,7.4,2,0
id_323,2017,Kansas,KS,27.25,27.05,24.14,21.56,77.19,6.61,0.97,3.33,11.9,0.45,0.45,0.9,0.09,0.83,0.92,1.01,1.9,12.5,18.1,22.6,28.8,35.1,44.2,50,25.8,45.7,33.6,33.4,13.7,9.1,38.5,65.7,44.3,87,75.3,80.8,65.1,6,9.5,43.5,39.4,51.5,63.8,49.2,71.9,63.1,83.6,87.5,27.9,30.9,57.5,43.9,59.2,54.3,49.1,54,38.5,42.3,61.6,49.5,84,68.9,75.2,60.6,56.7,37.3,27.4,49.3,19.2,30.3,32.6,67.4,30.7,45.9,22.6,67.1,15.4,33.6,66.8,15.3,16.1,65.7,30.6,70.3,18,5.7,56.6,6.2,2.6,1
id_324,2017,Kentucky,KY,25.27,26.24,26.17,22.33,85.64,8.73,0.22,1.72,3.7,0.68,0.7,1.37,0.14,1.29,1.43,1.26,1.59,18.5,17,30,38.1,47.3,50.5,57.4,36.9,57.5,43.2,43.2,13,10.6,42.4,72.9,53.8,90.1,76.9,80.9,67.5,11.3,17.1,54.4,44.2,55.9,65.1,54.8,68.6,50.6,89.7,89.8,32.7,36.6,64.1,34.9,61.2,46.6,53.3,61.2,39.7,45.2,66,49.2,82.3,68.8,78.6,49.9,53.3,39.3,33.7,45,17.2,28.3,34.4,67.7,30.8,47.4,23.2,60.6,24,49.2,58.2,9.3,24.2,57.8,31.6,78,25.5,8,57.3,5.9,3.6,2
id_325,2017,Louisiana,LA,26.16,27.84,24.85,21.15,59.49,32.82,0.69,1.91,5.09,0.7,0.74,1.44,0.17,1.31,1.48,1.26,1.71,18.5,18.9,25.8,31.1,35.9,46.2,55.9,38,56.9,41,41.2,13.9,9,36.2,54,45.6,86.6,80.2,82.9,64.6,8.7,12.8,50.1,33.3,48.7,62.9,41.8,68.4,57.1,81.3,89.5,32.6,37.4,64.9,29.5,54.5,54.6,59.3,68.2,30.4,38.6,56.1,48.6,78.4,69.5,61.6,58.2,46.7,33.6,31.6,45,18.1,28.1,36.2,70.1,28,42.1,18.5,57.7,21.5,46.2,57,12.7,22.3,60.7,30.9,66.6,23.6,6.2,63.5,6.9,3.6,2
id_326,2017,Maine,ME,21.36,23.34,27.59,27.71,94.4,1.81,0.77,1.36,1.66,0.2,0.21,0.41,0.12,0.42,0.53,0.43,1.81,12.3,20.5,26.8,34.2,44.3,46.1,53.5,21.1,42.7,26.8,33.5,14.2,11.2,46.3,69.3,47.3,92.5,82,83.7,74.6,6.6,10.4,43.3,44.8,55.4,66,55.8,72.9,38.5,90.1,88.5,30.2,30.2,54.9,27.9,62.7,56.3,54.7,62.3,43.7,47.5,69,59.5,88.8,79.7,73.7,61.4,58.3,40.9,23.9,52.4,20.7,32.6,28.7,64,34.4,47,27.4,64.2,18.3,40.7,62,12.8,15.1,64.9,35.4,77.1,18.8,3.7,55.5,9.4,3,0
id_327,2017,Maryland,MD,24.86,26.82,27.15,21.17,52.06,30.69,0.3,6.97,9.98,0.9,0.96,1.85,0.15,1.65,1.8,2.01,2.3,9,16,23,31.9,36.3,49.9,53.6,30.1,43.9,33.4,32.9,15.3,9.6,49.1,71.4,44.4,91.2,82,84.2,71,5.4,8.5,34.4,37.7,46.1,54.5,53.6,63.5,25.4,83,93.3,28.5,30,61.1,58.5,64.2,47.7,52.2,59.1,34.5,61.1,73.6,46.6,85.1,67.2,76.1,65.7,61.9,45.4,25.2,50.4,21.7,28.4,31.2,65.9,32.3,47,27.4,68.6,12.1,35.2,65.9,11.2,15,60.5,29.2,71.4,14,1.6,60.9,5.2,2.9,1
id_328,2017,Massachusetts,MA,23.04,27.74,26.74,22.48,73.17,7.66,0.23,7.17,11.77,1.02,1.09,2.11,0.18,1.95,2.13,2.5,2.61,10.5,19.7,21.8,27.5,34.7,43.3,51.3,28,38.3,25.3,29.8,14.2,11.4,42.8,62.4,44,83.4,87.2,84.7,75.8,5.1,8.5,52.1,35.8,52.9,59.5,47.8,66.4,62.1,90.2,90.7,27.6,26.2,59.4,45.8,60.4,46.9,54.4,60.2,27.5,58,60.2,41.3,82.4,71.6,68.4,72.3,66.8,41.2,24.2,50.8,22,30.5,25.8,60.8,36.9,45.1,30.8,74.2,14.4,36.3,66.4,6.2,14.6,63.8,30.8,82.7,14,2.4,58,6.8,2.8,0
id_329,2017,Michigan,MI,24.55,25.81,26.18,23.45,76.11,14.58,0.71,3.49,5.11,1.51,1.56,3.07,0.41,2.89,3.31,2.93,1.79,15,19.3,27.5,34.7,45.8,56.4,54.2,34.3,47.3,35.7,36.2,13.7,10.8,37.7,68.8,41.3,86.7,80.2,83.3,71.1,7.9,12.4,50.6,40.7,51.5,60,47.3,64.3,34.4,78.2,92,29.9,31.7,58.1,28.8,63.6,64.4,59.6,60.6,37.3,42,62.9,50.8,81.9,76.5,78.1,69,63.1,36.3,26.9,49.1,19.3,30.1,32.1,66.7,31.1,43.8,22.9,68.8,13.3,34.5,65.3,10.1,17.5,59.7,29.8,70.5,20.2,4.3,60.1,6.8,3.4,1
id_330,2017,Minnesota,MN,25.86,26.8,25.61,21.73,81.01,7.09,1.21,5.31,5.4,0.85,0.86,1.71,0.17,1.6,1.77,2.16,2.12,10.4,21.2,17.9,23.5,29.9,37.9,50.6,21.4,42,29.9,28.3,16.1,7.3,46.5,70.4,39.1,93.9,81.6,83.3,71.9,4,6.2,39.3,37.5,48,60.9,57.2,64.4,43.1,89.9,90.3,24,24.5,56.1,37.8,69.6,67.2,55.3,56.9,32.7,58.4,69.4,43,87,78.7,69.9,69.2,64.5,44.4,24.2,50.8,20.9,30.5,28.4,64.4,33.8,48.1,29,72.6,10.5,27.6,72.3,10,12.2,67.3,25.9,71.6,14.8,5,53.9,6.9,2.5,0
id_331,2017,Mississippi,MS,26.71,26.59,25.12,21.59,57.23,37.92,0.51,1.15,3.2,0.45,0.47,0.92,0.12,0.83,0.95,0.68,1.44,21.9,13.5,27.5,33.7,44.7,40.6,57.7,43.4,53.4,40.6,44.2,14.1,8.3,40,63.2,42.1,84.8,71.6,81.9,60.8,7.7,11.9,47.1,44.6,52.9,66.9,48.9,66.1,45.2,84.6,88.3,33,38.9,68.3,25,62.6,42.8,57.4,70.7,30.7,31,58.7,42.7,77.3,66.4,69.2,59.6,51,33.8,32.5,45.1,17,26.7,37.7,70,27.6,44.9,17.5,56.5,23.8,51.7,51.4,21,24.4,61.7,26.2,59.4,22.8,7.4,56.1,5.2,3.1,2
id_332,2017,Missouri,MO,25.2,26.56,25.37,22.87,80.62,12.31,0.54,2.34,4.19,0.92,0.96,1.88,0.23,1.78,2.01,1.99,1.77,16,20.4,25.2,32.6,38.9,52,54.6,29.5,48.9,35.1,36.7,12.1,9.4,45.7,74.1,47.6,90.2,75.3,80.2,65.2,7.7,13.2,53.5,44.7,54.6,66.7,51.8,73.7,38.6,85.4,88.4,28.2,29.4,61.1,25.3,68.5,50.9,53.9,54.2,37.2,43.8,70.7,48.2,87,68.8,74.6,54,55.4,41,28.4,47.4,19.4,28.3,32.4,67.7,30.1,49.9,23,61.6,20.3,43.6,61.5,15.9,18,63.5,27.4,75.4,21.7,5.9,51.8,5.9,3,1
id_333,2017,Montana,MT,24.22,26.16,24.31,25.32,87.6,0.85,6.62,1.05,3.87,0.16,0.16,0.32,0.05,0.32,0.37,0.37,1.79,13.2,21,23,29.8,47.5,44.7,56.4,25.8,52.8,31.1,28.9,13.8,9.2,39.7,75.9,46.3,91.5,71.8,79.4,60.4,5.6,8.5,40.9,31.3,58.1,67.1,56.9,77.7,28.5,76,84.5,22.2,26.2,49.7,19,65.8,52.2,47.6,52.8,42.4,59.5,67.2,57.9,82.3,62.3,70.1,55.2,58.7,38.4,23.9,54.9,21.5,36.4,25.4,61.8,36.5,45.4,18.9,63.5,15.5,35.7,66,13,15.2,67.7,30.8,68,18.3,8.5,51.9,8.2,2.7,0
id_334,2017,Nebraska,NE,27.59,27.05,23.98,21.39,79.93,5.45,0.91,2.76,10.95,0.29,0.3,0.59,0.05,0.55,0.6,0.65,1.95,10.6,21.7,22.2,27.2,34.2,41.4,43.6,21.5,40.3,29.1,29.8,13.8,8.2,44.3,63.5,47.8,90.8,75.1,80.8,64.9,5.2,8.7,42.3,40.2,49.7,60.2,57.1,71.5,60.6,87.1,88.4,27.4,28.6,58.6,45.5,69.1,58.6,50.8,48.8,36.7,49.7,69.2,47.8,86.6,66.1,65.5,57.4,62.8,45.4,25,49,19.1,28.2,32.9,69.1,29.1,46.9,25.4,67.5,13,30.5,69.5,14.6,14.5,66.9,32.5,73.6,15.9,5.5,54.9,7.1,2.7,1
id_335,2017,Nevada,NV,25.15,27.6,25.92,21.33,50.98,9.92,0.98,9.51,28.61,0.46,0.46,0.91,0.09,0.82,0.91,0.77,1.85,14.7,18.8,18.6,21.6,23.9,30.6,55.1,31.2,38.9,29.3,33.8,19.2,10.4,35.8,63.2,30.9,87.7,73.6,77.2,61,6.4,10.8,39.8,35.8,50.5,58.7,43.1,55.1,72.3,80.8,90.2,28.5,30,52.1,20.7,62.4,35.9,73.1,66.6,22,46,61.9,34.2,81.1,58.9,63,62.3,54.1,31.1,27.7,46.8,19.7,28.9,26.3,65.1,32.9,40.9,16.5,61.3,14.7,37.1,61.5,19.7,19.8,59.1,32.2,59.6,17.4,3.5,54.6,6.4,3.9,1
id_336,2017,New Hampshire,NH,22.03,24.85,28.34,24.78,91.22,1.66,0.28,3.1,3.74,0.21,0.21,0.42,0.06,0.4,0.46,0.46,2.28,8,21,23,31.9,52.8,49.5,51.6,23.6,43.3,32.7,33.1,16.1,13.5,42,64.7,42.3,93.5,81.9,83.6,73.9,6,8.9,44.1,33.6,56.3,62.5,54.7,64.3,60.2,90.3,90.9,26.4,26.3,58.8,52.7,68.9,59.3,53.8,68.4,32,50.7,64.4,67.2,89.1,81,77.4,61.8,57.3,41.4,23.6,53.7,21.5,33.1,28,64.4,34.2,46.9,27.1,69.7,12.6,33.8,67.3,9.4,13.2,64.8,32.6,78.3,17,2.1,56.6,8,2.5,0
id_337,2017,New Jersey,NJ,24.51,25.6,27.76,22.13,56.3,13.42,0.2,10,20.09,1.34,1.4,2.73,0.24,2.44,2.68,2.65,2.43,11,17.8,20.5,28.3,33.6,39.5,57.8,32.8,49.6,34.6,38.7,15.2,8.4,39.9,68.7,30.4,76.6,79.2,82.2,65.1,5.7,8.2,25.1,34.3,44.7,52.8,46.5,58.9,44.7,79.4,93.7,30.7,30.3,57.1,54.5,68.2,33.8,51.9,55.7,18.7,51.2,70.5,33.5,75.6,62.4,77.6,71.8,67.5,39.7,28.5,49,22.3,28.8,26.9,61.4,37.1,42,22.8,70.6,11.7,33.6,64.6,13.6,17.8,60.8,31.4,67.7,14,2.2,64.5,5.4,2.6,1
id_338,2017,New Mexico,NM,26.01,26.71,24.03,23.25,38.14,2.19,9.03,1.73,48.91,0.32,0.33,0.64,0.08,0.59,0.67,0.6,1.55,21.1,15.7,23.5,27.3,33.9,48.2,59.4,41.1,54.3,24.2,40.9,18.2,10.6,39,53.1,45.2,84.5,72,78.8,60.2,5.5,8.8,41.1,40.3,50.9,64,45.3,63.7,62.8,83.7,86.7,26.9,28.4,55,35.6,57.8,54.2,42,60.4,30.6,48,57.3,56.7,80.8,71.8,62.8,59.7,58.1,38.2,24,53.6,23.4,33.6,29.1,65.6,32.4,42,19.8,62.3,15.4,36.2,63,14.8,20.7,65.7,31.2,72.7,18.1,3.8,58.1,5.7,3.1,1
id_339,2017,New York,NY,23.54,27.91,26.28,22.26,56.59,15.07,0.37,9.04,18.93,2.93,3.1,6.03,0.56,5.51,6.07,5.43,2.45,14.8,18.1,20.7,28.8,29.8,30.3,51.9,30.9,44.3,31.9,34.5,8.7,9.1,45.6,66.2,42,85.4,80.5,81.7,69.3,4.9,7.9,32.8,34.3,49.5,59.7,53.3,68.5,57.3,81.7,91.6,28.8,27.4,55.6,38,60,36.3,48,51.5,27.2,50,60.2,43,81.2,63.2,72.6,61.9,60.5,39.7,26.9,49,20,28.6,25.5,60.7,37,39.7,23.8,67.8,13.8,37.7,61.7,12,16.7,60.6,28.9,68.3,14.3,2.6,59.6,5.8,2.5,1
id_340,2017,North Carolina,NC,25.14,26.49,26.38,22,64.16,22.11,1.19,3.21,9.33,1.54,1.62,3.16,0.4,2.93,3.33,3.1,1.74,15.5,16.6,22.4,29.8,32.2,35.7,53.9,36.5,57.6,39.4,40,21.8,9.1,47.1,77.6,37.3,80.3,79.7,84.2,70.1,7.1,11.7,41.4,41.5,54.3,64,52.7,71.7,84.9,81.8,89.7,30.8,32.1,62.6,44.6,73.5,51.5,66.9,65.3,27.1,42.1,72.3,36.3,85.2,74.5,77.6,66.1,56.8,43.6,25,49,19.1,28.5,32.1,66.7,31.6,51.8,27.3,64.7,19,44.9,61.2,19.1,18.5,63.9,27.8,60.7,17.5,4.5,59.6,6.3,3.9,1
id_341,2017,North Dakota,ND,26.17,30.21,22.62,21,85.53,3.38,5.44,1.85,3.79,0.12,0.11,0.23,0.03,0.22,0.26,0.23,2.04,11.2,23.6,23.9,30,35.4,41,46.4,19.6,40.9,35.7,31.6,12.3,8.6,43.3,65.5,45.5,85.5,77.3,80.4,63.3,4.9,7.9,54.1,45.5,52.5,57.2,54.5,75.6,45.4,91.2,87.1,27.3,28.9,61.8,59.9,68.1,72.6,48.7,60.3,31,51.4,66.9,56.3,89.2,81.8,72.3,69.9,61.1,40.4,27.7,45.1,16.8,25.6,33.9,70.2,28.4,45.7,23.1,66.5,14.2,36.9,67.3,9.8,15.2,64.2,29,75.8,18.8,6.3,55.3,7.4,2.5,0
id_342,2017,Ohio,OH,25.01,25.81,25.91,23.28,79.94,13.42,0.26,2.56,3.82,1.76,1.83,3.59,0.33,3.44,3.78,3.37,1.82,15.8,20.5,26.2,32.8,39.8,54,54.4,31.1,46.6,32.1,35.3,15.5,9.9,44.6,74.6,43.8,90.7,77.8,81.7,65.9,7.5,12.1,47.7,42.6,54.4,60.1,56.4,65.6,41.7,84.8,88.8,27.7,31.8,60,41.5,72.3,60,53.4,64.9,39,47.6,68,49.8,84,71,75.8,68.7,59.3,38.7,28.8,47.7,18.9,29.6,33.9,67.6,30.7,44.1,21.9,66.8,17.9,40.6,63.6,9.8,18.1,59.2,32.3,75.3,22.1,5.6,54.4,7.4,2.6,1
id_343,2017,Oklahoma,OK,27.05,27.41,24.22,21.32,68.58,8.42,9.68,2.61,10.7,0.6,0.61,1.21,0.15,1.1,1.25,1.12,1.73,16.1,14.2,26.1,32.7,36.8,43.6,53.9,32.6,47,36.8,39.3,15.7,9.7,41.9,70.4,45,93.8,71.9,77.1,59.2,8,12.8,43.8,37.8,60.3,68.2,59,73.1,49.4,90.4,85.5,31.1,35.8,62.2,42.8,74.6,62,53.9,68.4,30.8,52.6,76.2,51.2,87,73.3,72.9,51.4,54.6,42.1,31.7,42.5,16.1,24.4,36.9,70.6,28,50.2,20.2,58.7,21.3,44,60,18.8,21,62.2,32.2,79.2,20.7,7.7,57.9,4.3,3.8,2
id_344,2017,Oregon,OR,23.42,27.61,25.23,23.74,77.66,2.46,1.36,5.52,13,0.63,0.64,1.28,0.11,1.18,1.29,1.44,1.88,16,17.1,24,31.3,33.9,42.7,58.9,23.6,49.1,24.8,33.2,15.7,10.8,36.7,61.4,47,92.4,76.2,80,67.9,4.9,7.1,42.4,41.8,56.8,68.4,47.5,76.7,55.2,89.5,87.8,25.9,27.4,51.5,24.8,61.8,62.5,43.5,56.8,40.3,37.1,61.4,51.9,91.3,75.3,66.3,55.2,60.2,34.1,20.8,56.4,22.5,36.5,29,64,33.7,42.9,21.8,66.8,13.8,31.8,67.3,12.5,16.9,61.4,37.1,77.1,16.6,3.6,54.5,7.8,2.3,0
id_345,2017,Pennsylvania,PA,23.52,25.67,26.17,24.64,77.36,11.43,0.18,3.7,7.33,1.93,2.01,3.94,0.39,3.74,4.13,3.88,2.05,14,20,25.8,33.2,38.2,46,51.5,28.7,41.7,34.8,39.2,14.8,10.6,49.4,74.5,49.8,87.6,78.3,80,68.7,5.9,9.7,41.5,34.1,50.9,59.8,55.4,67.2,29.8,85.9,89.5,27.1,29.2,59.1,57.1,68.2,48,57.3,63,34.7,60.4,72,53,82.1,79.5,77.1,63.9,58.3,42,24.2,52.8,21.2,32.8,31.2,66.6,31.3,46.8,25.8,67.7,16.5,40.1,63,8.7,17.6,59.8,30.7,71.1,19.7,4.3,58.1,6.6,2.3,1
id_346,2017,Rhode Island,RI,22.87,27.15,26.48,23.5,73.66,6.68,0.49,3.73,15.43,0.16,0.17,0.32,0.03,0.31,0.35,0.33,1.99,14.2,19.3,25.1,27.9,44.3,34.5,58.7,33.6,53.9,32.5,34.8,23.4,12.3,43.8,70.1,43,91.9,85.2,85,74.1,6.9,9.9,35.7,29.5,55,62.2,49.5,76.5,76.4,90.6,92.2,27.8,30.4,62,53.6,60.6,42.7,69.7,65.8,30.1,53.1,63.3,39.4,79.5,65.4,81.3,70.5,70.5,44.8,25.9,50.2,19.1,30,30,65,33.6,45.7,29.6,73.2,12.9,34.5,66.4,8.9,16.7,61.9,31,66,15.6,2.2,61.8,7,2.6,0
id_347,2017,South Carolina,SC,24.63,26.1,25.57,23.71,64.62,27.45,0.4,1.86,5.66,0.75,0.8,1.55,0.22,1.43,1.66,1.45,1.67,17.9,16.7,25.3,32.3,43.4,52.9,54.6,40.1,48.2,35.6,35.7,11.5,9,36.4,67.4,38,88.8,76.3,80.8,67.8,7.2,11.2,42.1,42.2,54.3,64.4,52.7,62.3,54.1,86.9,90.6,30.4,34.9,66.4,31.7,67.5,61,53.7,69.2,30.6,38.9,65.9,38.3,83.6,75.1,75.5,57,57.6,38,28,48,19.4,29.9,34.5,68.1,30.4,47,21.3,61.4,18.3,42.6,60.2,17.9,18.5,60.4,26.7,72.6,19.6,4.1,60.3,6.9,2.9,2
id_348,2017,South Dakota,SD,27.43,26.4,23.52,22.65,82.85,2.57,8.83,1.71,4.04,0.14,0.13,0.27,0.03,0.25,0.28,0.28,1.95,11.9,18.6,20.4,26.7,44.3,42.5,57,23.4,52.7,27,27.5,17.8,7.2,44.1,80.4,46.8,86.5,79.9,81.8,66.3,4.3,6.2,49.6,41.5,52.5,66.5,62.3,74.2,59,84.3,84.6,23.4,28.2,63.7,35.5,68.2,60.9,50.7,69.6,35.5,27.5,68.4,47.4,86.2,72.5,72.1,69.3,68.8,46.3,24.2,50.6,18.7,29.5,31.6,67.7,30.9,47.1,27.6,70,15.8,37.3,66.3,13.2,13.7,69.3,36.4,69.5,20.5,6.4,55.3,6.3,2.7,1
id_349,2017,Tennessee,TN,24.92,26.7,26.09,22.29,74.95,17.34,0.3,1.99,5.42,1.01,1.06,2.07,0.22,1.94,2.15,2.29,1.75,15.9,14.2,27.7,35.5,45.1,47.1,58.4,34.9,54.8,34.3,36.7,13.8,9.9,40.9,63.8,44.5,93.9,76.8,82.1,66,8.6,13.8,52.2,46.6,55.5,65.5,52.3,67.7,49.3,83.7,91.3,31.2,36,63.1,42.7,53,49,55.1,64.9,48.3,39.6,55.7,32.4,81,67.3,72,58.9,51.4,36.1,29.8,47.3,17.3,29.5,32.9,68.3,29.8,45,21.1,59.4,22.5,45.9,59.4,18,19.9,61.1,28,68.5,23.2,6.2,55,5.4,3.3,2
id_350,2017,Texas,TX,28.79,28.83,24.94,17.44,42.86,12.32,0.37,5.22,39.23,4.32,4.38,8.7,0.79,7.27,8.06,10.03,1.91,16.4,18,21,26.7,29.1,37.2,56.2,32.8,52.8,39.1,39.4,15.4,7.2,42.7,60.9,39.8,74.6,74.9,77.4,60.2,4.7,8.3,31.3,35.3,47.8,61.7,40.8,69.1,43.6,82.1,88.6,30,32.2,54.5,25.5,62.8,51,53,61.9,32.7,42.7,69.2,48.3,83.2,68.3,66.1,54.9,47.4,36.2,32.1,41.7,16.9,24.5,33.3,69.7,28.6,42,19.3,58.8,13.5,32.3,64.7,28.3,20.8,65,30.6,78.9,15.9,4.3,62.8,7.1,2.9,2
id_351,2017,Utah,UT,32.88,30.38,21.43,15.31,79.76,1.42,1.03,3.81,13.98,0.48,0.47,0.95,0.07,0.73,0.8,1.09,1.7,10.5,11.3,20.4,28.1,30.6,38.7,51.7,22.8,38.6,25.4,27.3,13.6,8.8,45.9,65.4,43.8,86.4,73,75.4,69.6,4,6.1,25.4,26,55,63.9,51.4,72.5,39.8,84.2,85.6,25.4,25.8,50.5,38.9,56.8,62.4,49,55.7,39,44.3,59.7,44.6,75.4,61.7,72.3,58.5,64.2,38,21.4,54.1,22.7,33.5,26,61.9,36.1,44,23.5,71.2,11.3,27,70,14.2,14,66.6,27.1,61.9,8.9,2.9,57.2,3.7,3.1,0
id_352,2017,Vermont,VT,22.05,24.97,26.71,26.28,94.02,1.58,0.43,2.03,1.95,0.09,0.1,0.19,0.05,0.19,0.24,0.21,1.97,10.9,19.4,24.3,33.2,39.3,45.2,45.8,21.2,43.4,27,29.7,15.5,12.2,40.4,66.1,50.2,87.8,77.6,82,70.8,5.6,9.3,51.2,43.3,51.9,61.7,48.6,70.1,46.9,92.1,88.6,23.7,26.8,51.8,23.1,61.4,46.3,63.7,44.4,37.5,46.8,65.4,57.6,86.3,73.4,78.6,65.4,61.1,39.7,21,59.5,22.9,39.3,27.7,62.2,36.2,45.8,26.5,70.8,16.7,37.2,68.2,7.6,13.3,67.4,38.1,70.5,17.3,2.8,59.5,8.3,2.1,0
id_353,2017,Virginia,VA,24.74,27.61,26.57,21.08,63.23,19.93,0.3,7.21,9.34,1.28,1.32,2.61,0.22,2.35,2.57,2.49,2.14,12.1,16.8,23.3,31,42,39.8,55.1,29.8,43.6,36.1,34.4,16.8,8.8,44.9,76.1,47.1,95.7,80.2,84,69.4,6.5,9.7,41.8,42.3,48.7,57.8,47.8,68.5,44.3,87.1,90.5,30.5,30.7,56.2,38.5,62.9,59,57.3,61.3,30.8,39.7,69.9,43.8,84,67.4,66.9,60.4,64.1,43.7,25.7,50.8,22,30.6,30,66,32.3,47,26.4,70.2,14.2,35.5,66.9,13.5,16,61.3,29.2,62.8,16.7,4,59.8,5.8,2.5,1
id_354,2017,Washington,WA,24.58,28.68,25.47,21.27,70.7,4.76,1.51,10.32,12.72,1.14,1.14,2.28,0.17,2.08,2.25,2.85,2.24,12.9,16.2,22.4,29,30.9,53.5,55.7,22.4,47.5,23.5,33.9,16,10.7,44.5,72.3,47.1,88.8,75.9,79.1,69.2,5.4,8.4,41.2,36.5,56.8,67.2,56.3,67.3,35.7,86.8,89.4,26.9,27.7,52.9,42.6,66.2,68.7,54.5,58.5,34.6,54.3,68,48.2,85.9,70.2,73,65.8,61.7,43,19,57.6,23.7,36.4,27.6,61.9,36.2,47.4,25.8,68,10.9,29.2,69.5,11,15.7,66,35.4,73.9,13.7,3.5,59.3,6.5,3.4,0
id_355,2017,West Virginia,WV,22.72,24.34,26.35,26.59,93.27,3.98,0.21,0.93,1.6,0.28,0.28,0.56,0.08,0.54,0.63,0.48,1.53,18.5,13.1,34.9,41.4,49.1,70,56,34.1,58.9,38.4,39.2,11.6,12.4,34.5,73.7,47.4,88.9,76.3,80.1,64.5,13.7,19.1,51.8,41.4,59.2,66.8,61.3,68.3,51.3,86.1,88.8,31.6,39.1,58.9,48.1,73.5,53.5,61.3,69.6,37.5,46.4,70.8,48.2,80.1,64,70.7,58.7,51.6,42,29.9,48.9,16.1,31.6,38.1,70.9,27.9,50.5,24,56.9,30,58.8,51.2,11.5,24.1,57.5,27.3,63,28.1,9.3,55.2,3.8,3.6,2
id_356,2017,Wisconsin,WI,24.83,25.89,26.16,23.12,82.07,6.96,0.97,3.12,6.87,0.89,0.9,1.78,0.23,1.73,1.96,2.08,1.91,11.5,24,23.2,31.2,32.1,47.2,52.4,26,48,24.3,32.3,16.1,9.7,41.8,62.7,49.8,94,80.3,83.7,71,4.5,7.1,52.1,42.5,50.6,61,51,76.4,68.9,89.6,87.8,29.3,28.1,55.3,36.1,65.3,61.7,75.4,69.1,28.2,42.1,62,66.9,90.2,88.6,73.6,70.5,72.3,37.2,22,56.4,20.9,34.8,31.9,66.8,32,40,21.8,71,12.2,32.6,70.5,9.4,16.6,65.3,31.1,79.5,16.6,4.4,51,8,2.5,0
id_357,2017,Wyoming,WY,26,27.07,24.15,22.78,85.1,1.43,2.26,1.17,10.04,0.09,0.09,0.18,0.03,0.17,0.2,0.21,2.22,10.3,18.9,23.6,30.5,35,44.9,51.1,21.8,42.8,34.8,31,14.8,9.2,35.1,67.3,44.7,92,66.4,76.7,57.3,6.1,9.9,42.4,32.7,47.2,63.3,54,73.3,63.8,85.9,85.4,25.6,28.9,51.8,45.6,68.7,43.9,56.2,64.4,29.2,50.8,66,53.8,87,67.7,71.5,52.6,65,35.1,25,53.9,23.4,34.3,28.8,64.3,33.7,41.8,17.2,66.1,17.5,35.6,65.3,17.8,15.1,66.6,27.9,68.5,19.4,9.4,56.6,7.8,2.1,0
id_358,2018,Alabama,AL,24.95,26.04,25.59,23.41,66.32,27.05,0.6,1.62,4.4,0.72,0.77,1.5,0.2,1.43,1.63,1.39,1.56,17.8,13.6,31.9,39.4,53.4,55.6,53.1,38.9,51.3,36.2,39.7,14.9,10.4,26.9,67.6,30.7,84,79.9,80.5,68.4,9.3,14.8,39.8,38,55.3,66.3,45.3,64.2,45.2,79.2,85.1,34.6,38.8,68,44.4,60.7,63,56.3,70.5,40.1,28.6,63.8,40.6,73.3,64.1,64.1,63.9,58.2,32.3,29.9,44.5,17,26.3,36.5,69.4,28.6,43.7,17.7,60.7,20.8,43.8,59.6,16.7,21.7,59.2,21.6,69.4,20,6.6,64.3,5.7,3.5,2
id_359,2018,Alaska,AK,27.2,30.37,24.44,17.99,63.5,4.39,16.35,8.51,7.25,0.12,0.11,0.23,0.04,0.19,0.23,0.22,2.23,10.6,15.8,23.8,30.7,31.7,54.2,49.1,24.4,43,21.2,33,19.3,9,30.2,55.2,27.5,70.8,66.4,76.2,59,5.8,9.7,40.8,42.3,50.4,63.8,34.7,46.3,39.4,74.1,79.7,29.9,30.8,49.5,37.7,54.2,62.3,49.7,60.3,24.9,20.5,52.6,44,79.7,72.6,66.6,55.5,57.2,34.1,19.7,57,24.4,37.2,29.4,64.2,33.6,37.6,14.5,69.4,17.5,33.5,66.6,12.4,15.5,65,18.8,58.4,18.7,5.8,56.6,7.2,2.5,0
id_360,2018,Arizona,AZ,25.6,27.03,23.89,23.48,55.53,4.97,4.11,3.87,31.53,1.09,1.1,2.19,0.28,1.9,2.19,2.23,1.71,17.8,16.6,23.2,28.5,24.5,31.2,50.4,31.5,42.9,30,33.9,15.2,10,29.2,57.9,32.5,87.6,72.5,78.8,64.6,6.4,10.5,30.1,40,53,64.6,38.8,59.6,35,84.8,83.3,32,28.5,53.2,20.6,52.7,59.9,57.4,58.9,30.4,26.7,50.7,43,79.8,67.2,64.1,44.6,54,28.9,21.4,52.7,22.8,33,29.8,64.8,33,38.6,17.3,61.6,11.5,31.3,66.7,15.8,18.8,63,25.4,70.9,14.5,2.9,53.9,5.7,3.1,1
id_361,2018,Arkansas,AR,25.98,26.22,24.67,23.13,73.41,16,0.85,2.08,7.66,0.45,0.47,0.92,0.12,0.86,0.98,0.84,1.63,18,16,30.3,36,43.7,48,55.9,39.1,52.8,35.4,40.6,16.4,9.8,31.6,48,40.2,86.8,71.4,79.9,64.3,9.1,14.2,49,43.5,58.7,68.2,39.4,67,39.8,83.3,80.8,33.2,37,65.1,22.1,48.5,50.2,54,66,39.4,34.2,52.4,35.2,80.5,59,61.5,51.7,51.7,29.6,29.8,44.4,16.4,28,37.6,70.3,27.4,35.1,14.4,55.9,21.9,45.8,56.4,15.4,23.5,61.5,29.3,66.7,23.8,6.6,58.7,5.5,3.5,2
id_362,2018,California,CA,25.37,29.12,25.48,20.03,38.29,6.2,0.53,15.93,39.06,6,6.07,12.07,0.69,9.58,10.27,10.5,2.3,13.3,16.5,19.3,25.6,29.4,33.8,48.1,28.5,42.8,20.5,28.9,16.7,8.5,31.4,63.2,36.5,84.7,80.8,79.2,69.9,4.4,6.9,26.2,24.8,47.3,61.8,39.1,60.3,23.9,80.2,85.2,30.7,27.4,51.9,33,56.3,58.9,55.7,55.4,28,35.7,58.8,34.9,71.2,61.2,69.6,57.2,62.3,31.5,20.8,56.1,23.3,34.5,25.7,62.1,36.1,40.1,21.7,67.2,7.7,26.1,66.6,14,17.8,63,21.6,61.3,11.4,1.8,56.5,6,2.8,1
id_363,2018,Colorado,CO,24.76,29.7,25.32,20.22,69.11,4.66,0.76,3.81,21.66,0.88,0.87,1.74,0.17,1.59,1.76,1.98,2.18,11.4,19.6,21.5,29.6,27.9,46.9,45.8,24.2,41.7,19.6,29,16,9.2,35.1,69,39.6,88.6,70.9,76.8,67.2,4.2,6.8,32.3,35.8,54.6,64.4,46.2,71.3,50.6,90.4,84.2,28.3,25,51.3,39.4,60.8,58.9,52.9,52.7,21.8,42.8,62.3,39.8,86.3,71.8,69.3,57,68.1,36.2,16.3,59.4,26.2,37.7,22.8,58.8,39.5,44,20.8,67.5,10.4,25.8,71.2,14,13.8,67.7,22.8,71.2,14.7,3.6,57.9,7.4,2.1,0
id_364,2018,Connecticut,CT,23.48,25.39,27.13,23.99,67.37,10.84,0.27,5,16.51,0.53,0.56,1.09,0.08,1.02,1.1,1.12,2.73,10.3,18.5,23.2,30.9,29.2,36.1,45.2,27,36.4,24.6,25.9,12.9,10.1,32.1,61.9,30.7,81.4,82.4,84.8,73.9,4.7,7.7,30.9,30.1,47.1,57.2,48.2,66,37.4,78.6,87.9,31,27.8,56.9,29,59,45.2,55.2,59.9,32.3,34.4,62.7,24.6,79.3,70,67.7,64,69.4,33.1,21.8,52.3,22.6,31.3,27.4,64.1,34.4,40.8,23.4,76.1,9.6,28.3,71.2,9.6,13.2,63.8,22.6,56.9,12.7,1.9,61.3,6.6,2.3,0
id_365,2018,Delaware,DE,23.74,25.37,25.19,25.7,63,22.9,0.36,4.28,9.45,0.14,0.15,0.3,0.05,0.27,0.32,0.31,1.99,11.8,18.1,22.9,29.1,31.7,58.2,45,33.3,41.9,31,32.9,13.8,10.3,38.8,63.6,37.6,87.9,83.7,82.9,71.4,6.3,9.5,41.8,36.9,47,58.2,49.7,56.2,45.3,78.7,86.7,32.6,32.1,60.6,19.1,61.4,41.2,53.9,64.1,23.9,48.2,66.7,33.2,79.9,75.2,50.5,69.1,60.6,35.4,25.9,48.9,21.4,30,33.4,66.8,31.6,44.2,23.2,65.7,14.9,36.2,64.6,13.6,16.4,61.3,19.9,61.6,17.4,2.8,54.3,6.8,3.3,1
id_366,2018,District of Columbia,DC,21.01,39.82,22.19,16.98,37.74,46.23,0.27,4.66,11.11,0.1,0.11,0.22,0.03,0.22,0.24,0.42,3.11,17.8,22.3,20.4,29.5,29.9,29.2,47.7,35.3,41.2,27.2,30.5,14.5,11.8,38.9,75.6,37,92.6,79.4,81.7,72.7,5.7,8.8,39.3,41.3,48.3,60.5,48.7,64.9,34.7,66.3,89.4,30.8,30,57.7,53.8,61.3,38.2,55.1,57.8,23.2,32.3,60.8,42.9,76.9,73.1,71.2,55.9,50.6,44.8,20.1,56.1,25,34.6,25.4,57.1,40.6,43.5,26.9,73.7,11.2,35.5,70,5.9,14.1,62.8,30.2,57.7,13.7,1.6,71.6,7.7,2.7,1
id_367,2018,Florida,FL,22.16,25.24,25.68,26.92,54.65,16.07,0.28,3.14,25.86,3.18,3.32,6.5,1,5.99,6.98,5.68,1.93,14.4,17.5,22.4,28.2,35.2,36.1,54.7,38.6,47.6,30.7,35.1,19.9,8.7,30.1,67.9,34.1,85.6,80.7,79.9,68,7.3,10.4,32.4,32.9,56.2,67.3,42.7,57.1,24.2,74.7,84.7,32.2,29.9,58.9,21,53.6,53,57.3,58.8,26.5,35.1,56.4,27.9,72.4,60.4,66.8,59.3,54.4,27.2,26,51.1,22.7,32.2,30.7,65.5,32.6,38.9,16.6,64.9,12.5,35.2,63,21.5,19.7,60.2,17.1,60.9,15.1,3.1,58.2,7.8,2.9,1
id_368,2018,Georgia,GA,26.63,27.5,26.24,19.62,53.31,32.25,0.26,4.52,9.66,1.57,1.65,3.22,0.3,2.84,3.13,2.89,1.76,17.9,15.1,24.2,31.7,36.6,45.4,48.8,34.6,43.3,31.8,35.5,16.4,8.9,26.7,61.1,30.5,83.3,79.6,82.1,67.4,7,10.8,40.6,33.9,50.9,61.9,43.9,56,25.9,78.5,85.6,31.8,33.7,63.2,18.3,59.5,49.7,55.7,65.4,27.5,34.6,59.3,36.6,76.6,73.6,75.5,56.7,58.3,28.7,26,48.3,21.1,29.5,32.5,67.1,30.9,39.8,17.7,62.3,16.8,38.3,63.5,21.9,18.6,59.8,18.9,58,16.5,4.2,60.7,5.9,3,2
id_369,2018,Hawaii,HI,23.4,27.48,24.36,24.76,21.71,2.65,0.24,65.08,10.32,0.22,0.22,0.44,0.05,0.35,0.4,0.42,1.95,8.3,20.8,20.1,27.8,33.2,28.7,38.2,23.7,36.1,19.8,32,20.4,9.4,34.1,63.8,23.5,84.3,86.7,82.5,73.5,3.6,5.9,41.7,28.2,39.3,49.1,42.2,57.1,22,72.6,80.9,29.6,27.7,57.4,31.4,61.3,52.9,54.6,60.2,26.4,36.8,64.3,25.8,73.8,74.3,75.6,65.8,65.8,31.8,19.2,56.6,25,36.3,25.6,59.9,37.6,37.5,22.8,74.6,6.4,22.5,65.4,8.2,15.6,54.6,19.7,49.6,14.2,2.9,56.1,9.2,2.6,1
id_370,2018,Idaho,ID,28.1,26.42,23.6,21.88,83.17,1.03,1.24,1.86,12.7,0.27,0.27,0.54,0.06,0.47,0.53,0.57,1.63,13.7,15.8,24.1,30.8,40.2,63.4,49.2,25.8,41.4,23,27,18.6,8.6,36.8,45.5,40.2,77.1,66,71,64.2,5.2,8.6,29.1,30,55.6,66.8,45.6,56.9,31,86,79,29.9,28.6,51.8,18.2,61.6,55.7,53.7,55.1,39,33.7,60.3,53,82,67.6,51.7,47.3,58,30.4,20.1,55.2,21.8,35.6,28.4,63.7,34.3,41.9,19.2,65.2,13.4,33,67.4,19.7,15.2,64.2,16.8,68.5,15.2,4.7,55.1,6.7,2.8,1
id_371,2018,Illinois,IL,25.04,27.24,25.83,21.89,61.89,14.64,0.2,6.03,17.23,1.91,1.98,3.89,0.31,3.58,3.89,3.83,2.12,13.4,20.4,22.8,28.6,33.6,45.5,43.5,26.7,39.1,30,28.9,15.4,8.7,28.1,63.2,32.5,80.7,78.4,79.6,65.6,6.2,9.3,32.7,35.1,42.9,56.5,35.6,59.3,33.8,84.5,83.7,30.1,29.2,59.2,24.5,61.4,51.2,52.1,54.5,25.8,37.1,60.1,47.5,73.4,68.4,64.7,56.7,59,31,24,50.8,21.7,30.5,31.7,66.2,31.9,40.8,16.9,68,11.5,32,67.2,14.5,16.2,64.8,21.6,57.6,15.9,3.1,59.3,7.1,2.6,1
id_372,2018,Indiana,IN,26.25,26.57,25.18,22,79.68,10.3,0.28,2.64,7.1,1.01,1.04,2.05,0.19,1.9,2.09,2.36,1.76,15,17.1,26.2,33.1,40.4,41.7,47.6,29.9,46,36.2,37.4,14.8,9.9,26.5,50.4,45.7,83.9,76.3,80.6,66.4,8.3,13.8,49.6,45.3,56.4,64.5,34.4,63.1,32,80.2,81.7,31.4,31.8,62.1,16.9,47.3,57.1,57.5,58.9,35.8,24.3,50.1,40.5,77.4,68.3,66.3,55.7,61.7,27.3,26.6,45.1,17.5,26.9,34.3,66.2,31.7,35.4,15.4,64.2,19.2,40.1,63.9,13.9,18.4,60,26,64.7,21.7,4.5,57.9,6.4,3.1,2
id_373,2018,Iowa,IA,26.03,26.23,24.2,23.54,86.17,4.47,0.34,2.85,6.18,0.48,0.48,0.96,0.09,0.92,1.01,1.18,1.84,10.7,24.3,22.9,29.6,33.8,52,40.6,22.6,37.4,25.8,26.5,15.5,7.9,39.9,66.5,43.9,90,80.3,81.5,69.7,5.2,8.6,42.1,41.5,52.5,63,54.6,71.5,59.4,87.6,81.6,30.2,28.6,58.5,43.3,64.2,57.1,55.3,56.7,31.3,52.1,65.4,47.7,83.2,80.2,68,64.5,65.5,39.1,22,48.2,19.1,27.8,35.7,69.6,29.1,46.2,23.4,70.9,12.3,31.1,70.1,9.5,13.5,64.8,24.4,71.5,17.4,5.8,51,8.6,2.1,0
id_374,2018,Kansas,KS,27.08,27.08,23.81,22.04,76.92,6.63,0.97,3.4,12.09,0.44,0.45,0.89,0.09,0.82,0.91,1.01,1.9,12.3,16.7,23.9,31.6,40.4,48.4,45.3,27.8,40.6,28,33.2,13.2,9.8,29.7,65,36.9,87.8,73.5,79.4,65.7,6.2,10.1,44.1,36.3,51.5,63.8,44.7,64.7,54.9,84.6,81.4,31.4,30.7,59.3,37,62.6,57.6,54,57.3,38.6,30.2,59.8,32,81,67.2,69.6,64.3,53.4,34.7,22,49.1,19.2,29.5,34.8,68.7,29.9,43.1,19.6,67.8,14.9,32.1,66.6,16.2,16.5,64,23.7,67.7,18,6,54.4,6,2.5,1
id_375,2018,Kentucky,KY,25.18,26.17,25.83,22.81,85.43,8.79,0.22,1.74,3.83,0.67,0.69,1.37,0.14,1.28,1.43,1.25,1.57,18.4,15.7,30.7,36.5,54.5,49.1,53.4,36.4,52.2,37.6,40.9,13,11.3,37.6,61.4,36.6,81.4,78,80.2,68.1,11.1,17.2,45.8,44,55.9,65.1,51.3,59,43.9,80,83.7,34.1,36.9,65.7,34.9,67.5,49.4,58.8,67.3,37,36.2,66.7,35.4,76.6,68.3,73.7,56.7,52.5,33.7,31,43.4,17.1,27.3,36.9,68.3,30.2,45,20.9,61.9,24.8,46.8,59.5,8.9,22.3,55.7,24.9,66,24.4,7.3,54,6.2,3.9,2
id_376,2018,Louisiana,LA,26.04,27.66,24.58,21.72,59.3,32.89,0.69,1.93,5.19,0.7,0.73,1.43,0.17,1.31,1.48,1.26,1.72,18.4,18,27.5,30.2,40.3,38.7,50.1,42.5,47.9,33.9,34.1,13.9,8.9,29.6,51.7,37.5,88.2,82.7,85.4,68.1,9.4,13.4,41.2,35.9,48.7,62.9,36,62.3,41.9,81.3,83.8,34.1,37.9,67.6,30.5,44.5,52.5,59.5,69.4,36.5,26.2,52.2,34.7,73.7,64.7,63.8,60,54.7,25.3,30.5,45.5,18.6,27.6,36.9,69.3,28.9,33,14.5,57.9,17.8,40.8,57.5,11.7,21.4,59.8,25.2,58.8,21.1,5.5,60.3,7,3.5,2
id_377,2018,Maine,ME,21.12,23.46,26.97,28.44,94.26,1.88,0.77,1.38,1.71,0.2,0.21,0.41,0.11,0.42,0.53,0.42,1.8,12.2,19.5,28.2,35,44.9,48.8,50.7,27,44.8,27.7,40,14.2,12.8,29.7,54.4,38.5,86.5,80.7,82.8,73.7,7.1,10.1,50.9,41.1,55.4,66,39.7,65.5,49.9,87.6,81.8,30.7,29.6,56.8,29.1,51.5,59.1,55,61.3,45.7,33,53.6,46.4,83.7,80,74.8,56.6,52.8,30,21.1,52.8,20.3,33.9,30.4,64.5,33.4,38.4,18.8,64.8,18.6,41.1,64.1,13.6,17,63.4,22.1,74.1,19.3,3.8,55.2,8.2,2.5,0
id_378,2018,Maryland,MD,24.76,26.75,26.77,21.71,51.57,30.81,0.3,7.04,10.27,0.9,0.95,1.85,0.15,1.65,1.8,2.01,2.26,9,14.4,24.1,30.9,40.7,41,45.4,30.5,39.5,25.4,28.6,15.3,9.4,35.9,62.9,39.8,84.3,81.2,81.8,71.6,5.2,8.4,40.8,30.9,46.1,54.5,47.1,68.2,36.2,84.4,88.1,31.7,30.8,62,37.3,57.9,51.1,51.6,61.6,26.3,39.2,58.2,35.9,82.4,70.4,76.1,63.1,62.9,38.3,22.4,50.7,22.5,29.3,31,66.2,32,42.9,24.9,66.6,11,33.4,66.2,11.4,15.3,60,24.8,70,12.7,2.2,61.1,4.6,2.9,1
id_379,2018,Massachusetts,MA,22.85,27.85,26.31,22.99,72.57,7.77,0.23,7.32,12.11,1.02,1.08,2.11,0.18,1.95,2.13,2.49,2.61,10.2,20.9,22,28,35.4,37.3,47.2,27.4,39.1,26.8,28.6,14.2,10.2,38.9,55.1,36.6,84.1,86.2,83.7,75.7,4.6,7.2,35.5,38,52.9,59.5,50.3,70.2,26.3,75.8,87.9,29.8,26.9,57.5,31.3,52.4,50.3,54.7,55.7,33.3,39.6,54.3,44.4,79.3,75.2,66.6,74.5,70.1,35.7,21.8,52.3,22.1,31.6,25.7,61.2,36.8,38.5,24.5,73.9,13.2,32.1,67.5,7.9,13.6,63.4,20.9,60.1,13.8,2.7,60.2,8,2.7,0
id_380,2018,Michigan,MI,24.33,25.92,25.73,24.02,75.92,14.59,0.71,3.57,5.22,1.5,1.55,3.06,0.4,2.89,3.29,2.93,1.78,14,19.6,29.2,37.4,44.9,54.5,49.1,30.9,44.6,27,37,12.9,11.4,30.6,51.4,39,90.1,79.9,84.3,72.9,7.8,12.5,46.9,38.1,51.5,60,47.6,66.1,29.3,87,86,32.4,31.7,58.7,27,55.4,60.3,58,63.4,35.7,32.6,54.1,48.3,80.2,75.6,75.3,64.5,63.8,30.2,23.1,51.3,20.4,31.9,32.9,67.1,31.1,40.8,20.2,70.5,12.3,32.3,65.6,9.3,18.6,57.7,29.4,61,20.2,3.1,57.7,6.7,3,1
id_381,2018,Minnesota,MN,25.75,26.81,25.19,22.26,80.54,7.33,1.21,5.41,5.51,0.85,0.86,1.72,0.17,1.6,1.77,2.16,2.12,10.2,21.6,19.9,25.5,31.8,42,44.7,22.5,37.2,26,27,16.1,8.3,37.6,63.6,39.7,79.9,82.2,83,72.4,4,6.3,44.2,38,48,60.9,48.8,65.6,43.4,83.4,84.1,27.3,25.5,57.1,28.2,65.5,69.1,53.6,52.4,27.4,43.6,65.4,45.5,81.2,80.5,71.9,69.6,67.8,38.2,20,53.9,22.2,32.3,29.9,65.3,32.9,44,26.2,73.5,9.7,25.4,73.5,9.6,13,68.2,22.3,56.1,15.7,4.4,54.5,7,2.2,0
id_382,2018,Mississippi,MS,26.48,26.48,24.92,22.12,57.05,37.98,0.51,1.18,3.28,0.44,0.47,0.91,0.12,0.83,0.94,0.68,1.42,22,13.5,30.3,34.9,46.7,48.8,52.3,44.8,48.2,34.8,36.9,14.1,9.6,30.9,71.9,28.7,79.4,70.2,82.2,60.7,9.1,13.8,44.7,37.1,52.9,66.9,49.3,59.7,37.4,79.4,82.3,34.1,39.8,68.9,29.3,67.5,38.4,55.3,68.3,38.1,25,69.1,27.5,74.5,68.6,74.5,55.5,43.3,30.6,31.2,40,16,23.5,39.9,73.3,24.9,44,15.6,54.4,23.6,51.5,54,20.5,22.5,60.4,16.9,61.6,21,7.4,62.6,5,2.3,2
id_383,2018,Missouri,MO,25.08,26.55,25.01,23.37,80.44,12.33,0.55,2.4,4.29,0.92,0.95,1.87,0.23,1.77,2,1.99,1.76,15.5,18.8,28.4,35.4,34.3,43.5,50.1,29.8,44.3,29.3,36.3,12.1,9.5,33.5,62.3,46.5,79.6,74.4,80.5,68.1,8.5,12,52.3,41.4,54.6,66.7,43.7,71.2,51.4,84.1,82.5,31.3,30.7,62.4,25,66,56.7,53.9,62.5,28.3,25.2,61,41.4,82.2,62.7,65.1,62.1,68.5,34.5,25.2,47.5,18.2,28.8,35.4,66.9,31.5,46.3,19.6,63.5,19.1,41.3,63,15.5,19.6,62.4,25.3,65.3,20.2,5.7,54.7,8.5,2.2,1
id_384,2018,Montana,MT,24.01,26.16,23.93,25.9,87.49,0.86,6.59,1.07,3.98,0.16,0.16,0.32,0.05,0.32,0.37,0.37,1.78,13.3,19.6,25.2,32.9,38.9,45.6,48.2,24,43.7,25.9,25.8,16.3,10.1,32.8,64.7,41.9,82.2,72.6,77.4,61.3,5.1,8.6,47.5,35.2,58.1,67.1,41.4,64.7,52.2,83.4,79.9,26,26.7,54.8,19.8,66.5,59.2,47.8,56,38,41.6,68.6,37.7,86.9,69.8,68.7,58.1,57.5,33.1,21.6,58.3,24.6,39.6,27.1,62.7,35.2,45.3,16.9,66,14.3,35.6,67.6,13.5,14,66.5,24.2,62.5,19,7,50.5,7.8,1.7,0
id_385,2018,Nebraska,NE,27.52,27.03,23.67,21.78,79.5,5.54,0.91,2.84,11.21,0.29,0.3,0.59,0.05,0.55,0.6,0.65,1.94,10.4,22.4,23.3,30.1,33,43.1,41.9,22.9,35.5,30,28.3,13.8,8.8,32,63.2,37.5,88.7,74.7,81.2,66.6,5.8,9.4,37.1,32.5,49.7,60.2,51.4,66.7,42.4,86.9,81.8,29.7,28.5,58.5,41,61.6,62,54.7,55.9,33.1,39.4,62.1,45.2,84.7,69.7,67.6,59.9,62,38.2,23.2,49.4,20.1,28.9,34.2,68.9,29.9,43.9,21.7,67.6,12.7,29.7,69.6,14.5,13.9,65.9,22.4,70,16.6,5.4,57.2,7.4,2.5,0
id_386,2018,Nevada,NV,24.93,27.63,25.7,21.73,50.38,10.15,0.98,9.61,28.88,0.47,0.46,0.93,0.08,0.82,0.91,0.77,1.86,14.4,15.9,22.6,26.1,32.2,51,48.8,31.5,44,20.8,34.9,19.2,8,39.6,62.2,34.1,90.7,72.6,78.3,58.9,6.7,10.7,35.1,34.6,50.5,58.7,52.8,55,43.5,64.8,82.8,32.1,29.4,53.5,43.5,64,59,62.6,61.5,32.4,41.4,66.4,30.5,78.1,62.1,62.8,59.9,60.7,30.8,24.3,51,22,32.1,29.3,67.5,30.5,43.3,16.1,64.9,14.3,40.4,63.6,16.8,19.8,60.4,28.6,69.1,15.9,3.5,53.4,5.9,3.6,1
id_387,2018,New Hampshire,NH,21.71,25.02,27.73,25.54,90.96,1.73,0.28,3.14,3.9,0.21,0.21,0.41,0.06,0.4,0.46,0.46,2.28,8,18.2,26,32.6,43.1,50.6,49.6,27.6,40,27.5,30.9,16.1,12.4,28.7,55.4,40.4,94,82.3,82.4,73.6,7.2,10.5,50.8,38.7,56.3,62.5,43.2,73.5,54.9,86.1,86.5,29.7,27.2,55.4,40.2,53.6,53,60.8,56.2,45.1,46.4,57.9,53.6,86.1,78,72.6,64.8,60.3,31.3,20.6,55.5,23.7,35.5,29.9,64.8,33.8,39.5,20.4,68,13,33.5,67.9,9.8,12.9,62.6,29.7,80.9,16.4,2.5,61.3,7.5,2.2,0
id_388,2018,New Jersey,NJ,24.38,25.6,27.37,22.64,55.81,13.42,0.2,10.13,20.44,1.33,1.39,2.72,0.24,2.44,2.68,2.64,2.43,10.8,14.3,20.5,30.4,27.9,45.1,46.9,31.3,40,25.5,31.7,15.2,8.4,30.1,63.7,27.5,77.5,79.7,78.7,66.3,5.2,6.7,32.4,28.5,44.7,52.8,55.2,54.5,38,83.6,86.6,32.7,28.7,58.4,38.7,64.1,38.1,59.1,53.4,22.9,50.2,71.8,24.5,73.9,53.9,62.6,56.3,72.7,35.9,27.9,49.1,21.6,29.6,25.5,61.6,36.2,46.2,22.6,71.3,8.1,28.3,69.3,14.5,15.9,59.8,17.7,53.2,13.4,1.4,65.1,5.2,2.8,1
id_389,2018,New Mexico,NM,25.71,26.7,23.71,23.88,37.73,2.22,8.98,1.76,49.32,0.32,0.32,0.64,0.08,0.59,0.67,0.61,1.55,20.8,15.6,24.5,28.6,29.6,48.5,52.1,36.5,46.9,24.8,34.2,18.2,9.6,39.1,70.3,42.1,90.7,70.9,77.3,61.7,5.6,9.7,27.5,32,50.9,64,41.4,63.2,51.9,77.5,79,29.4,28.4,56.9,33.7,58.3,54.3,48.1,58,33.4,40.4,57.5,36.3,78.9,69.5,65.3,56.6,65.8,32.4,21.4,54.5,24,34.5,33,67.6,30.1,40.1,17.5,64.6,15.8,36.7,64.9,13,20.7,65.2,22.3,59.6,15.6,4.8,54.9,5.4,2.7,2
id_390,2018,New York,NY,23.39,27.87,25.92,22.82,56.35,15.05,0.37,9.15,19.08,2.9,3.08,5.98,0.56,5.5,6.06,5.41,2.43,14.3,17.2,20.7,27.6,30,34.2,46.4,31.8,42.2,27.7,33.8,11,10.1,24.7,55.7,33.8,75.4,82.1,81.2,68.7,5.4,8.3,34.6,33.1,49.5,59.7,37.3,57.7,26.8,66.7,86.7,31.9,28,58.7,31.6,47.5,35.8,58.6,56.5,24.5,26.2,49.6,33.4,67.5,67.4,75.1,64.9,61,26.9,23.4,48.4,20.9,29.3,27.6,62.2,35.3,30.7,17.4,69.8,13.8,36.6,64.5,12.8,16.5,59,19.6,54.7,13,2,60.6,5.9,2.5,1
id_391,2018,North Carolina,NC,24.95,26.48,26.08,22.48,63.85,22.12,1.18,3.29,9.56,1.55,1.63,3.18,0.4,2.94,3.34,3.11,1.74,14.8,15.7,25.1,31.7,34.8,49,50.4,35.3,46.7,31.5,32.1,21.8,9.4,35.8,74.4,40.8,84.3,78.6,82.2,69.6,7.4,11.9,40.2,38.7,54.3,64,56.3,60.4,48.2,79.9,85.4,32.4,32.3,63.2,42.3,67.5,55,55,59.6,33.2,48.3,73.2,41.3,82.1,74.7,75,64.8,56.9,39.6,23.3,48.9,19.8,28.5,32.8,67.8,30.1,49.9,26.4,65.5,18,44.3,63.4,18.5,18.2,61.9,23.8,67.4,17.9,4.8,57,6.7,2.8,2
id_392,2018,North Dakota,ND,26.29,30.06,22.21,21.43,85.1,3.58,5.44,1.88,3.99,0.12,0.11,0.23,0.03,0.23,0.26,0.23,2.08,11,22.7,25.3,31,44.2,41.6,42.6,22.1,37,25.3,30.1,12.3,8.3,41.6,73.3,40.5,91.6,78.9,79.3,66,4.9,7.5,48.3,40.8,52.5,57.2,51.9,64.2,50.6,82.1,81.3,28.7,28.8,61.4,30.9,65.3,59.8,53.9,63.7,34.7,52.5,64.8,45.5,84.9,81.5,69.8,71.9,63.5,39,22.1,46.1,17.6,26.4,35.8,71.8,27.1,44.3,23.1,67.6,13.4,35,70.5,10.5,13.7,65.4,26.1,66,19.9,6.5,52.6,7.7,2.3,0
id_393,2018,Ohio,OH,24.86,25.9,25.45,23.79,79.62,13.53,0.26,2.64,3.95,1.75,1.82,3.57,0.33,3.44,3.76,3.36,1.81,15.4,17.1,27.8,34.7,36.9,54,47,31.1,43.1,32.7,34.1,15.5,9.6,33,66.4,35.5,86.3,77.1,79.7,65.8,7.7,11.9,53.4,40.5,54.4,60.1,47.8,68.1,39.9,83.8,83.2,30.4,31.4,60.1,30.7,62.6,52.9,57.6,63.5,41.1,37.1,61.4,42.8,78.7,69.4,71.4,60,56.8,33.2,24.5,48.9,19.6,30.6,34,67.9,30.4,43.4,19.1,67.5,17.5,39.8,63.5,8.8,17.8,57.6,24.4,62.3,21.4,4.5,54.2,6.5,2.5,1
id_394,2018,Oklahoma,OK,26.93,27.39,23.95,21.74,68.22,8.45,9.72,2.67,10.95,0.6,0.61,1.21,0.15,1.1,1.25,1.12,1.74,15.8,13.6,26.7,33.7,33.9,55.1,53.3,34.2,49,30.8,38.7,15.7,10.4,36.4,70.7,40.5,90.5,74.1,75.6,60.5,7.9,12.8,44.6,37.4,60.3,68.2,47,67.2,36.9,87.8,80.6,33.3,35.5,62.9,25.9,72.3,49.7,60,68.2,32.5,41.5,73.8,49.6,82.9,52.8,61.2,43.9,57.9,36.6,26.6,42.7,16.1,25,35.1,69.8,28.2,49.3,18.5,60.2,20.7,42.7,60.8,18.2,21.1,60.6,25.8,69,20,6.9,54.1,4.3,2.7,2
id_395,2018,Oregon,OR,23.14,27.68,25.02,24.17,77.31,2.5,1.36,5.61,13.23,0.63,0.65,1.28,0.1,1.18,1.29,1.43,1.9,15.4,17,26.2,31.6,44.6,59.4,53.1,26.2,43.1,27.8,36.2,17.9,11.7,35.4,50.4,47.6,93.9,77.7,79,70.6,6.2,9.7,34.9,36.4,56.8,68.4,40,73.5,48,88.9,82.4,29,28,53.1,28.5,47.3,62.5,53.4,57.9,44.4,34.9,55.6,48.5,86.1,75.3,66.3,55.2,57.2,28.9,18.6,59,23.7,38.1,29.7,63.6,34.4,41.2,18.4,67.8,14.1,31.4,66.7,12,18.3,64.8,32,80,16,4.4,53.6,8.5,2.6,1
id_396,2018,Pennsylvania,PA,23.4,25.75,25.68,25.17,76.89,11.48,0.18,3.8,7.65,1.92,2,3.92,0.39,3.73,4.11,3.86,2.06,13.6,18.6,25.3,33.9,39.8,35.8,45.8,29.3,38.6,31.6,34.9,12.5,10,39.1,63.8,39,83.3,77.9,78.4,69.9,6.3,9.9,33.5,32.2,50.9,59.8,56.2,67.2,30.8,80.5,84,29.8,29.6,59.8,42.6,60.6,52.4,52.5,61.1,39.6,43.3,66.1,36.8,84.4,74.7,72.8,66.6,61,37.8,23.1,50.3,20.4,30.6,31,65.6,32.6,45,26.1,69.4,16.5,38,63.9,9.5,17.9,58.6,24.6,73.7,17.8,4.9,56.9,6.4,2.8,1
id_397,2018,Rhode Island,RI,22.7,27.31,25.98,24.01,72.95,6.81,0.5,3.79,15.94,0.16,0.17,0.32,0.03,0.31,0.35,0.33,1.97,13.9,17.7,25.6,31.4,33.4,38.8,46,32.1,41.2,27.2,29.4,14.8,11.9,32.5,62.6,40.5,89.1,86.4,83.7,75.1,6.3,10.3,29.4,35.6,55,62.2,45.8,66.3,31.4,87.1,87.8,30.8,30.5,61.8,28.9,52.2,49.6,60.7,59.8,31.9,42.9,50.6,45.9,79.3,73.4,75.6,66.2,62.2,35.8,24.7,49.7,20.6,29.9,27.5,64.2,33.9,39.8,24.6,72,13.5,34.5,67.6,9.9,16.5,61.3,28.4,65.1,15.1,1.8,55.7,6.9,2.2,1
id_398,2018,South Carolina,SC,24.44,26.01,25.3,24.24,64.55,27.3,0.4,1.92,5.83,0.76,0.8,1.56,0.22,1.44,1.66,1.45,1.66,17.5,16.2,27.2,32.8,42.2,49.6,49.2,36.3,45.2,36.7,36,14.1,9.1,33.8,67.6,35.6,87.2,76.5,81.1,68.5,7.4,11.4,44.7,38.2,54.3,64.4,47,62.1,29.4,81,84.9,33.3,34.9,66,29.8,60.9,48.2,56.3,66.2,34.8,36.1,65.9,31.2,78.9,70.1,70.3,54.7,55.7,33.1,25.8,48.5,20.2,30,34.5,69.6,28.5,44.9,18.8,61.6,17.7,41.9,62.2,18.6,18,59.6,20.1,66.8,18.7,4.5,62.9,6.7,2.9,2
id_399,2018,South Dakota,SD,27.35,26.27,23.16,23.21,82.68,2.62,8.81,1.69,4.21,0.14,0.13,0.27,0.03,0.25,0.28,0.28,1.95,11.6,22.2,22.4,29,39.7,46.1,47.4,24.1,42,25.5,25,17.8,7.8,38.3,52.4,37.2,83.8,81.1,75.9,67.3,4.1,6.9,41.7,45.7,52.5,66.5,31,60.6,47.5,83.2,80.2,27.8,28.8,58.4,31.8,49.7,59.6,53.9,59.4,29.8,33.6,50.4,42.9,82.4,70.1,74.9,67.2,74.9,34,22.9,50.8,19.6,31.1,30.2,67.7,30.7,38.4,21.5,67.7,13.2,31.4,69,14.4,13.6,67.9,19.8,77,20.1,7.3,50.9,8.7,2.4,0
id_400,2018,Tennessee,TN,24.77,26.78,25.78,22.67,74.71,17.33,0.3,2.06,5.59,1.01,1.06,2.07,0.21,1.94,2.15,2.29,1.76,15.3,15.6,29.6,37,48,41.2,51.9,38.2,50.6,35.5,44.8,13.8,9.6,24.2,51.2,35.9,88.3,76.1,81.3,66.9,9.8,15.1,49.6,50.6,55.5,65.5,40.3,65.7,46.8,89.9,86.4,33.2,36.1,64.2,17.6,53.7,52,58.6,69.4,43.3,22.8,50.4,31.8,81,56.6,68.7,50.4,46.2,26.8,29.8,44.4,17.5,26.7,34.3,67.3,31.2,35.6,14.5,58,23.1,44.4,62.2,15.2,21.5,57.2,24.1,77.5,21,5.9,57.8,6.4,3.5,2
id_401,2018,Texas,TX,28.58,28.8,24.78,17.84,42.45,12.42,0.37,5.33,39.44,4.35,4.41,8.76,0.79,7.34,8.12,10.03,1.94,15.9,17.4,21,27,31.7,32.5,49,33,44.2,31.6,37,15.4,7.4,28.2,47.9,32.6,88.3,74.4,77.7,58.9,6,10.6,39.2,37.4,47.8,61.7,37.8,65.3,25.1,78.1,82.1,33.3,31.3,58.8,26.9,45.9,50.7,55.9,57.1,32.7,19.3,54.3,28.3,75.6,54.4,67.2,54.5,49.5,25.9,25.5,44.3,19.4,25.6,35,69.7,29.1,32.6,13.4,60.6,13.7,32.6,67.3,27,19,64,18.2,51.7,14.3,3.8,53.7,6.2,3.7,2
id_402,2018,Utah,UT,32.5,30.29,21.57,15.64,79.46,1.45,1.03,3.89,14.17,0.49,0.48,0.97,0.07,0.74,0.81,1.1,1.72,10.1,10.4,22.8,28.6,39.3,38.8,47.3,23.4,37.6,21.8,27.1,15.4,9.2,37.4,63.7,37.8,89.3,71.7,72.4,68.5,4.3,7,23.6,27.4,55,63.9,50.3,65.5,27.8,82.8,80.5,29.4,26.2,51.6,29.4,53.3,61.2,52.7,52.8,36.4,32.3,51.1,36.2,79.5,67.8,67.6,59.1,62.6,33,17.8,55.1,23.3,33.6,28.3,63.1,34.9,41.4,20.5,72.2,11.1,26,71.2,14.8,14.8,66.2,24.6,68.8,9.1,2.9,61.3,3.8,2.7,0
id_403,2018,Vermont,VT,21.81,25.08,26.12,27,93.9,1.61,0.43,2.05,2.01,0.09,0.1,0.19,0.05,0.19,0.24,0.21,1.95,10.4,18.3,24.7,32.4,32.8,39.6,47.5,23.3,39,28.7,27.4,15.5,12.1,31.8,62.1,38.9,86.6,75.8,78.9,69.1,5.1,9.2,41.4,41.1,51.9,61.7,44.3,66.7,44.2,86.3,84,26.9,26.8,53.2,41,53.5,48.4,53.5,54.2,30.1,35.1,59.7,46.1,88.3,75,75.2,66.2,61.9,34.8,17.7,59.6,24.3,39.5,27.5,60.7,37.8,42.1,21.4,72.8,16,35.4,69.6,8.2,12.9,67.7,32,70.6,14.6,2.8,57,7.8,1.7,0
id_404,2018,Virginia,VA,24.63,27.53,26.24,21.61,62.86,19.97,0.3,7.32,9.55,1.28,1.32,2.6,0.22,2.36,2.57,2.49,2.12,11.8,16.3,24,32,41.5,38.9,47.9,29,40.5,26.8,30.9,16.8,8.5,35.5,63.8,35.7,86.6,80.8,84.5,68.7,5.9,9.3,38.1,35.1,48.7,57.8,46.9,66.1,34.5,78.9,86.2,32.2,31.2,60.5,28.1,61.2,54.4,59.1,64.3,26.9,43.7,62.1,35.5,78.9,67,63.4,70.9,64.5,37.6,21.3,50.7,22.3,30.7,30.2,66.1,32.1,45.8,23.8,71.5,12.2,32.1,67.9,14.5,16.7,59.6,19.7,66.1,15.2,3.8,56.1,5.9,2.7,1
id_405,2018,Washington,WA,24.36,28.87,25.11,21.66,70.11,4.86,1.5,10.63,12.9,1.15,1.15,2.3,0.17,2.09,2.26,2.87,2.26,12.6,15.4,22.6,29.7,33.2,41.3,51.5,23.4,42.4,20.7,29.7,16,9.4,39.1,67.6,42.2,88.9,74.1,76.2,70,4.6,7.9,37.6,38.2,56.8,67.2,44.9,66.4,24.7,86.4,82,30.1,28.3,52,39.2,61.2,65.2,52.3,56.2,36.4,43.4,64.4,43.7,84.7,70.5,71.3,62.8,63.8,37,17.1,57.4,23.4,36.6,28.5,63,35,46.2,23.8,69,9.7,27.1,70,11,15.2,65.4,26.6,77.2,12.3,3,51.9,6.2,2.5,1
id_406,2018,West Virginia,WV,22.62,24.21,25.99,27.17,93.19,4.01,0.21,0.92,1.67,0.27,0.28,0.55,0.08,0.54,0.62,0.48,1.55,18,13.9,35.2,42.5,53.7,55.7,53.7,36.2,50.6,35.9,39.7,11.6,12.1,38.1,71.4,41.3,86.8,74.3,79.8,66.4,13.6,20.7,51.7,45.1,59.2,66.8,50.8,61.5,31.6,79.7,85.1,34,37.8,64.6,24.3,64.3,53.5,59.9,68.8,43.3,44.7,65.7,54.5,77.9,64,70.7,58.7,52.8,39.4,26,48.5,15.4,31.9,39.8,71.7,26.6,48.6,22.5,55.9,27,55.9,52.6,10.3,23.9,55.5,27.3,66.2,26.9,8.5,52.4,4.5,3.9,2
id_407,2018,Wisconsin,WI,24.65,25.91,25.74,23.7,81.79,7,0.98,3.16,7.07,0.88,0.89,1.78,0.22,1.73,1.95,2.08,1.91,11.2,25.7,23.6,28.7,46.7,42,49.2,27.6,43.4,26.4,30.9,16.1,9.1,31.1,56.5,38.2,92.7,77.3,84,73.3,4.8,7.3,47,43.3,50.6,61,39.3,71.2,43.6,77.5,82.9,30.3,28,56.9,50.4,46.4,48,56.8,59.8,28.1,31.4,49.8,55.5,81.9,73.1,77.7,75.4,69.1,28.7,21,55,21.2,33.7,32.3,68,30.2,35.7,16.7,70.6,10.6,30.1,70.6,11.1,14.8,64.8,23.5,62.2,17.1,3.7,57.1,7.7,2.4,0
id_408,2018,Wyoming,WY,25.76,26.89,23.81,23.54,84.94,1.43,2.28,1.21,10.14,0.09,0.09,0.18,0.03,0.17,0.19,0.21,2.24,10.3,18.6,23.5,32.5,43.1,47.8,44.3,23.2,38.6,25.5,32.5,14.8,8.7,28.1,51.7,38,83.6,67.2,77.1,56.1,5.9,9.5,48,40.1,47.2,63.3,46,62.9,20.8,82.9,81.2,28.1,27.9,53.4,18.9,56.1,54.1,52.7,56.4,32.3,31.5,62.4,34.1,81.3,66.2,66.2,56.4,55.9,29.4,21,54.1,22.9,35.1,29.3,64.2,34.2,41.1,14.8,67.7,16.3,32.7,66.3,18.2,15.5,64,20.4,60.3,19.3,9.3,54.3,7.2,2.2,0
id_409,2019,Alabama,AL,24.8,25.99,25.32,23.9,66.19,27.05,0.61,1.65,4.5,0.72,0.77,1.49,0.2,1.43,1.63,1.39,1.56,17.1,13.4,30.8,39.7,42.1,52.1,47.5,42.1,53.5,33.7,38.2,16.9,9.4,30.9,76.1,33.7,82.1,79.2,80.8,68.1,9.3,12.7,43.5,37.3,55.3,66.3,55.6,59.3,49.6,76.5,91.1,32.7,39.4,67.2,38.8,70.1,58.9,57.5,69.4,27.9,34.5,72.9,32.1,78.1,69.5,80.7,67.4,53.8,39.5,30.8,45.9,17.9,27.2,36.3,70.1,27.7,45.2,20.3,60.6,21.2,47,56.4,18,21.6,59.4,25,65.1,21.3,6.6,61,6.1,3.1,2
id_410,2019,Alaska,AK,26.9,30.32,24.14,18.65,63.25,4.38,16.43,8.64,7.31,0.12,0.11,0.22,0.04,0.19,0.23,0.22,2.2,9.8,16,21.5,27.1,33.9,41.9,42.8,25.1,46.5,33.4,34.6,20,9.7,38.6,76.9,39.5,83.7,69.4,77.2,61.6,4.6,8.2,54.4,41.3,50.4,63.8,43.7,55.5,39.4,86.6,85.4,27.1,32.8,43.5,43.4,52.1,61.5,44.6,52.7,37.7,36.2,63.5,50.3,83.5,81.2,55.6,66.3,61.9,37,21.6,57.4,25.4,38.7,30.7,66.9,31.9,38.2,19.1,65.8,15.2,33.1,65,11.7,15.5,64.2,26.8,66.8,17.6,7.2,60.6,7.9,1.8,0
id_411,2019,Arizona,AZ,25.25,27.07,23.69,23.99,55.2,5.07,4.07,3.94,31.72,1.1,1.12,2.22,0.28,1.91,2.19,2.25,1.73,16.8,16,21.3,26.5,32.2,48.9,51.7,35.1,48.9,27.8,40,14.8,9.8,38,68.9,32,83.4,74.6,78.2,62.2,6,9.7,43.8,39.7,53,64.6,58.7,62.3,51.8,77,89.9,30.5,29.9,52.4,34.7,60.6,53.9,50.8,59.4,25.7,40.1,60.4,36.4,78.5,65.2,63.7,59.1,56.6,37.1,23.6,54,25.4,34,31.9,66.1,31.5,41.6,18.9,60.5,12.9,32,64.4,19,18.5,64.1,25.4,61.5,15.5,3.3,57.7,5.6,3.6,1
id_412,2019,Arkansas,AR,25.82,26.18,24.44,23.56,73.17,16.02,0.85,2.13,7.83,0.45,0.47,0.92,0.12,0.86,0.97,0.84,1.59,17.7,14.6,28.9,34.4,34.4,55.9,50.9,42,53.5,38.7,42.1,14.3,9.3,41.5,61.9,34.3,82.2,70.8,78.3,62.2,9.7,15.2,52.3,45.4,58.7,68.2,46.2,64.4,38.7,82.8,85.9,33,38.2,63.2,19,64.5,50.2,47.6,66.9,29.3,34.2,62.4,35,77.3,59,61.5,51.7,53.5,40.1,30.4,46.8,19.3,31.6,38,70.9,27.6,40.3,20.2,56.4,22.8,46.2,55.7,17.2,24.1,61.5,23.9,63.2,21.2,6,57.3,6.2,3.7,2
id_413,2019,California,CA,25.13,29.07,25.28,20.52,37.87,6.21,0.52,16.13,39.27,5.97,6.04,12.01,0.67,9.59,10.26,10.57,2.33,12.9,17.3,18.7,24.4,26.2,41.3,47.5,31.6,47,23.4,32.4,21.3,7.8,45.2,69.6,43.4,85.3,80.8,82,66.1,4.2,6.6,22.6,22.8,47.3,61.8,59.2,58.7,35.5,81.5,91.2,28.2,26.6,51.3,45,60.6,57.7,51.5,55.6,19.1,36.2,67.4,45,71.2,60.3,58.5,54.9,59.4,40.7,22.3,54.8,22.5,33,26.2,62.7,35.2,43.1,22.6,66,8.9,27.8,66,15.2,17.8,64.4,23.4,50.4,10.2,1.9,60.1,6.2,2.8,1
id_414,2019,Colorado,CO,24.4,29.84,25.06,20.69,68.91,4.69,0.76,3.85,21.79,0.88,0.87,1.75,0.17,1.6,1.76,1.99,2.22,11,18.8,21.3,26.5,27,37,41.5,24.8,40.3,20.2,27,17.8,9.7,53.2,71.9,42.8,89,72.6,80.7,67,4.3,6.9,37.8,31.5,54.6,64.4,54.5,66,31.3,85.4,88.9,27.3,24.6,49.6,42.5,69.1,58.9,49.2,54.3,22.3,46.5,77.2,43.7,83,71.8,69.3,57,58.3,45.6,18.7,59.2,27.2,37.3,23.6,58.8,39.2,50.1,25,66.7,10.9,28.4,69.9,15.2,13.7,69.6,26.3,71.7,13.7,3.9,57,6.6,1.7,0
id_415,2019,Connecticut,CT,23.25,25.48,26.7,24.58,66.79,11,0.27,5.08,16.86,0.53,0.56,1.09,0.08,1.01,1.09,1.12,2.69,10.3,17.1,20.5,26.9,27.2,30.8,41.9,27.2,40.3,26.9,33,13.1,10.8,47.4,74.6,35.9,84.1,83.5,86,73.6,4.6,7.1,36.6,37.3,47.1,57.2,56.2,58.9,23.4,77.7,91.5,31,27.6,53.7,47,74.5,33.9,48.1,53,21.4,48.4,73.3,40.5,75.9,62.9,65.9,66.5,71.1,47.1,23.3,53.7,25.7,31.8,29.1,65.5,32.8,46,29,75.3,10.7,31,68.6,10.6,14.4,63.7,22.2,61.3,12.6,1.7,60.9,6.2,2.1,0
id_416,2019,Delaware,DE,23.52,25.25,24.81,26.42,62.55,23.07,0.36,4.38,9.64,0.14,0.15,0.3,0.04,0.27,0.32,0.31,1.95,11.7,18.6,23.9,29.4,24,37.8,38.6,41.1,40.8,31.3,27.1,14.4,9.8,43,71.6,44.8,90.3,82.6,83.3,70.9,7.3,11.3,41.9,36.5,47,58.2,44.6,58,43.1,91.2,90.7,30.1,32.4,58.8,51.8,71.3,56.4,43.7,76.4,22.4,45.1,63.6,57.2,85.1,78.3,72.7,67,60.2,40.9,25.3,51.7,24.1,32.2,34.2,68.1,30.1,47.1,26.8,66.2,16,38.8,64.6,13.5,17.9,61.3,30.7,71.6,16.5,2.6,59.3,7.5,3.7,1
id_417,2019,District of Columbia,DC,21.04,39.67,22.15,17.14,38.1,45.62,0.27,4.74,11.27,0.1,0.11,0.22,0.03,0.22,0.25,0.42,3.03,17.3,23,18.6,25.6,34.7,37.3,39.8,33.8,36.8,32.4,25.2,10.3,11.1,42.7,61.9,43,95.6,82.2,84,70.1,4.9,7.6,26.1,23.9,48.3,60.5,50.8,67.5,34.7,79.8,93.7,29.1,29.1,55.6,30.9,68.9,49.2,55.3,64.6,31.4,41.4,67,38.2,73.1,65.4,73.2,69.3,63.8,48.7,19.3,56.5,27.5,34.2,24.4,56.7,41.5,41.9,26.6,72,12.4,36,69.1,8.6,14.3,64.6,28.1,48.8,12.8,1.2,64,8,2.2,1
id_418,2019,Florida,FL,21.96,25.15,25.43,27.46,54.3,16.08,0.28,3.19,26.16,3.2,3.35,6.55,0.97,6.03,7,5.7,1.95,14,17.7,21,28.4,32.9,33.6,42.3,39.6,42.9,29,32.1,20.9,7.3,38.8,59.7,37.4,80.4,78.7,79.4,66.4,6.6,10.3,35.5,40.2,56.2,67.3,48.6,56.2,44.8,80,90.2,28.8,28.8,59.1,27.5,61.3,53,50.5,58.8,26,31.8,60.6,29.4,70.4,60.4,66.8,59.3,53.4,33.3,25.9,54.3,27,36.1,26.3,63.4,34,40.5,16.9,61.7,14,36,60.8,21.3,18.2,61.9,19.8,57.8,15.4,2.4,60.1,7.9,3.4,1
id_419,2019,Georgia,GA,26.38,27.52,26.01,20.09,52.88,32.43,0.26,4.62,9.81,1.57,1.66,3.24,0.29,2.85,3.14,2.89,1.76,17.4,16.4,22.4,28.2,31.4,41.5,35.9,31.6,40.1,30.3,33.1,17,7.6,34.6,68.3,40.5,82.7,79.6,81.9,66.3,7,11.3,50.3,36.3,50.9,61.9,48.7,60,31.8,80.3,91.3,29.8,33,61.2,35.6,54.7,53.6,48.7,57.6,19.9,39.3,61.5,37.2,75.2,67.3,68.2,61.7,54.9,34.9,27.4,49.1,24.3,30.4,33.4,66.9,30.7,43.1,20,62.1,18.8,42.9,62.1,23.1,19.4,60.6,20.7,60.2,16.7,4.7,63.8,5.8,3.6,2
id_420,2019,Hawaii,HI,23.26,27.25,24.19,25.31,21.7,2.66,0.24,64.95,10.45,0.22,0.22,0.43,0.05,0.35,0.4,0.42,1.96,8.2,18.7,18.4,27.9,26,39.4,33.5,26.8,39.8,24.9,26.6,24,9.7,49.3,65.6,36.8,80.2,84.1,80.5,70.4,4,5.3,26,26.4,39.3,49.1,54.6,61.1,26,74.2,86.1,26.6,27.7,53.4,49.1,59,52.9,48.1,56.7,25.3,46.7,64.2,34.6,72.3,74.3,75.6,65.8,65.9,42.1,23.9,55.4,24.9,35.2,25.5,58.5,38.5,40.7,26.6,72.3,6.3,23.7,65.4,8.8,15.4,55.8,21.1,49.4,12.9,2.2,57.7,8.5,2.6,1
id_421,2019,Idaho,ID,27.73,26.42,23.51,22.35,82.97,1.05,1.23,1.88,12.87,0.27,0.27,0.54,0.06,0.48,0.53,0.57,1.67,13,17.5,23.4,31.1,32,40.7,43.1,32.8,43.2,26.5,36.1,19.5,9.9,42.1,67.2,32.1,76.8,67.7,73.3,61.3,4.7,8,36.6,36.2,55.6,66.8,54.7,68.1,30,76.7,84.1,28.1,28.7,53.2,34.8,61.6,55.7,49.2,56.4,36.3,32.5,61.4,37.8,74.4,67.6,51.7,47.3,53.8,36.5,23.3,57.2,21.9,40.1,29.5,64.3,34,41.3,18.2,65.4,14.8,33.2,66.8,20.8,15.5,66.8,24.2,61.3,16,5.4,49.3,7.6,2.7,1
id_422,2019,Illinois,IL,24.83,27.15,25.56,22.46,61.59,14.66,0.21,6.12,17.42,1.9,1.96,3.86,0.31,3.57,3.88,3.81,2.09,13,21,22.7,28.6,24,47.3,38,28.5,36.8,27,33.9,14.2,8.3,43.6,64.7,41,82.4,78.3,80.7,63.6,5.3,8.5,39.7,34.7,42.9,56.5,44.8,54.9,41,78.7,89.6,28.3,29.7,53.2,43.1,65.9,50.6,55.7,62.6,32.8,37.3,66.8,47.1,72.1,68.2,69.9,58.4,57.2,37.3,25.1,50,23.1,30.6,31.5,65.4,33,41.2,21.4,66.4,14.8,36.9,66.5,16,17.1,64.7,23.7,55.8,14.8,2.8,63.3,7.9,2.4,1
id_423,2019,Indiana,IN,26.09,26.61,24.87,22.43,79.3,10.41,0.28,2.74,7.28,1.01,1.04,2.05,0.19,1.9,2.08,2.36,1.75,14.5,16.5,25.1,31.9,37.1,49.3,44.9,34.2,47.6,40.5,38.4,16.3,9.8,42.9,71.2,39.9,88.4,72.8,78.1,63.9,8.3,11.9,50.5,43,56.4,64.5,52.8,59.8,61.8,84.5,86.9,29.8,32.4,63.1,45.2,73,53.1,54.6,64.4,27.4,39.8,68.6,46.4,77,67.6,67.2,59.6,55.4,40.3,30.6,46.6,21.1,28.5,35.4,69,28.9,41.6,19.1,62.5,19,40.3,61.2,13.6,19.2,60.8,24,66.2,20,4.9,52.5,5.6,3.1,2
id_424,2019,Iowa,IA,25.89,26.21,23.94,23.96,85.77,4.6,0.34,2.94,6.34,0.48,0.48,0.96,0.09,0.92,1.01,1.18,1.8,10.5,23.3,23.2,29.1,36,40.8,37.9,24.3,37.9,28.8,28.7,17,8.1,48,74.6,43.1,87.5,79.7,82.7,68,5.5,8.7,42.1,39.8,52.5,63,58,65,39.5,83.7,86.1,28.3,29.2,60,43,69.7,60.2,52.3,63.2,27.7,47.5,73.3,41.5,84.7,77.6,78.5,66.3,62.2,46.7,26.1,48.5,19.7,28.4,34.3,68.6,29.8,49.6,28.5,70.1,14.4,34.5,69.2,9.8,13.8,66.6,24.7,67.8,17.3,4.7,51.7,7,1.9,1
id_425,2019,Kansas,KS,26.89,26.98,23.55,22.58,76.69,6.65,0.97,3.43,12.26,0.44,0.45,0.89,0.09,0.82,0.91,1.01,1.89,11.8,18.5,23.8,30.2,37.6,47.9,42,33.2,45.6,28.7,35,14.9,10,46.3,73.6,44.4,88,75.3,80.8,65.1,6,9,42.8,38.9,51.5,63.8,60.7,68.6,43.8,85.7,87.1,30.9,31.6,56.8,46.1,73.2,51.4,51.6,56.9,33.3,49.4,66.4,39,77.8,57.8,73.9,71.5,56.7,44.6,26.7,48.9,20.7,29.3,35.6,70,28.1,45.9,22.6,67.1,15.4,33.6,66.8,15.5,17.2,65.7,26.9,66.8,16.9,5.3,56.4,6.5,2.5,1
id_426,2019,Kentucky,KY,25.06,26.13,25.52,23.29,85.2,8.88,0.22,1.79,3.92,0.67,0.69,1.36,0.14,1.28,1.42,1.25,1.58,18,16.8,31.7,36.3,39.5,65.3,47.6,33.4,52.4,38.9,36.6,12.6,9.3,42.4,73.7,41.6,83.2,76.9,80.9,67.5,9.7,16.6,52.8,48.2,55.9,65.1,55.3,68.4,51.1,80.8,91,33,38,68.2,33.4,65.6,48.9,57.4,71.4,48,45.5,67.9,40.4,81.6,64.9,73.6,63.7,53.3,40.2,31.6,36.9,16,24.1,36.4,71.5,26.6,47.4,23.2,60.6,24,49.2,58.2,10.4,22.3,57.8,27.4,64.4,24.4,6.9,51.2,6.8,3.5,2
id_427,2019,Louisiana,LA,25.89,27.49,24.32,22.3,59.07,32.95,0.69,1.96,5.32,0.69,0.73,1.42,0.17,1.3,1.48,1.25,1.71,18,19.8,25.7,31.3,30.3,44.4,48.8,46.3,46.4,35.1,37.7,14.3,7.8,35.5,75.5,41.7,82.4,80.2,82.9,64.6,8.2,11.7,44,43,48.7,62.9,53,58.1,52,84.9,90.2,34.6,37.7,60.4,38.4,68.4,57.1,59.9,73,35,44.8,66,49.4,79.5,68.3,66.2,69.4,46.7,36.8,31.5,45.9,19.8,27.3,36.2,70.9,27.2,42.1,18.5,57.7,21.5,46.2,57,14.5,22,60.7,21.2,55.3,22.6,5.9,61.7,7.7,3.8,2
id_428,2019,Maine,ME,20.93,23.59,26.43,29.04,94.05,1.97,0.77,1.42,1.79,0.2,0.21,0.41,0.11,0.42,0.53,0.42,1.81,12.1,19.4,27.7,33.4,42,44.4,45.9,28.4,46.9,35.6,37.4,13.3,12.4,37.5,76,41.7,87.4,82,83.7,74.6,7.8,12,56.6,41.6,55.4,66,59.9,63.8,46,83.8,88,28.3,31.5,52.1,33.8,67.9,47.6,49.1,62,46.2,47.7,71.6,41.9,84.9,76.1,67.2,61.6,58.3,42.6,29.5,51.7,20.4,33.4,31.4,64.2,33.6,47,27.4,64.2,18.3,40.7,62,14.1,17.3,64.9,28.1,64.3,19.1,3.3,52.5,9.3,2.5,0
id_429,2019,Maryland,MD,24.67,26.67,26.42,22.25,51.08,30.95,0.3,7.13,10.54,0.89,0.95,1.84,0.15,1.65,1.8,2.01,2.24,8.9,14.6,21.7,29.4,32.8,38.1,40.9,30.5,44.5,24.6,25.9,19.3,9.1,50,72.1,39.8,84.7,82,84.2,71,4.9,7.9,32.8,34.9,46.1,54.5,63,66.4,40.3,85.3,93.2,31.6,31.7,60.8,38.7,73.9,53.9,50,59.8,28.5,55.2,69.2,57.2,81,77,73.6,68.3,61.9,47.9,23,51.7,23.9,30.4,32,66.2,31.8,47,27.4,68.6,12.1,35.2,65.9,12,14.2,60.5,26.8,75.5,13,2.3,61.4,5.3,2.5,1
id_430,2019,Massachusetts,MA,22.63,27.95,25.93,23.49,72.06,7.89,0.23,7.5,12.33,1.02,1.08,2.1,0.18,1.95,2.13,2.48,2.63,10.1,20.2,22.2,29.3,35,33.7,41.7,25.8,35.1,29.5,26.9,15.5,10.3,47.5,72.8,44.4,85.2,87.2,84.7,75.8,4.4,7.3,44.8,37.8,52.9,59.5,61.2,61.8,67.7,79.4,91.7,27.2,25.6,54.5,37.5,64.2,46.9,51.8,59.1,33.1,61.8,72.6,43.8,77.7,71.6,68.4,72.3,66.8,48.9,26,53.4,22.4,31.8,25.4,59.7,38.3,45.1,30.8,74.2,14.4,36.3,66.4,7.5,13.4,63.8,29.8,69.5,12.4,2.2,55.9,7.9,2.1,0
id_431,2019,Michigan,MI,24.12,25.97,25.33,24.58,75.74,14.61,0.71,3.6,5.34,1.5,1.54,3.04,0.39,2.88,3.27,2.92,1.76,13.7,19.4,27.7,33.1,36.6,62.4,43.5,34.2,45.6,27.7,33.4,14.8,11.3,40.1,63.5,40.6,87.5,80.2,83.3,71.1,7.3,12.2,48.8,41.8,51.5,60,48.3,64,50.3,80.4,92.1,30.3,31.9,56.8,34.9,59.8,58.4,51.1,59.7,32.4,36.1,62.4,38.6,79.9,78.5,81,71.2,63.1,38.2,24.6,51.8,23.4,31.8,35.8,69.9,28.5,43.8,22.9,68.8,13.3,34.5,65.3,11.1,18.3,59.7,31.4,62.8,19.6,4,59.5,6.5,3,1
id_432,2019,Minnesota,MN,25.62,26.75,24.85,22.78,80.13,7.57,1.2,5.5,5.6,0.86,0.86,1.72,0.17,1.6,1.77,2.14,2.1,10,22.1,19.5,24.6,24.5,34.5,40.4,22.1,36.7,23.8,26.5,18.2,8.3,51,77.6,39.9,85.2,81.6,83.3,71.9,4,6.4,42.8,37.1,48,60.9,56.3,66.9,36.1,79.3,88.3,26.1,26.3,54.3,39.4,64.1,63.9,49.1,53.7,31.5,53.1,69.5,43.3,79.3,72.9,69.1,72.3,64.5,44.5,19.7,58,25.3,35.8,30,65.1,33.1,48.1,29,72.6,10.5,27.6,72.3,10,13.3,67.7,27.2,66.6,15,4.3,52.6,7.1,2.2,0
id_433,2019,Mississippi,MS,26.26,26.36,24.72,22.66,56.95,38,0.52,1.2,3.34,0.44,0.47,0.91,0.12,0.83,0.94,0.68,1.42,21.7,14.5,26.8,32.2,45,47.7,48.5,45.4,47.4,41.5,40.5,20.4,9.8,36.6,72.2,32.3,79.3,71.6,81.9,60.8,8.8,12.9,44,41.5,52.9,66.9,51.1,56,31.7,74.1,90,32.7,41.2,67.4,37.9,67.1,42.8,56.7,68.4,37.3,42.8,65.1,35.1,69.4,66.4,69.2,59.6,51,37.3,36.9,39.8,16.2,23.5,41.2,73,25.2,44.9,17.5,56.5,23.8,51.7,51.4,22,22.4,61.7,25.6,59.2,21.2,7.3,60.1,6.4,2.7,2
id_434,2019,Missouri,MO,24.94,26.51,24.67,23.87,80.25,12.33,0.55,2.47,4.39,0.92,0.95,1.87,0.22,1.77,1.99,1.99,1.76,15.3,18.1,24.1,30.1,37.1,43.9,40.3,34.7,45.8,34.6,33.9,13.3,10.2,50.2,75.7,42.1,91.4,75.3,80.2,65.2,7.9,12.8,54,47.4,54.6,66.7,55.8,63.8,58,86.2,87.9,30.6,28,57.3,55.4,71.1,66.1,51.3,60.9,34.9,56.2,69.8,46.3,83.6,66.3,66.9,63.2,55.4,43.8,29.6,45.1,17.4,26.4,34.6,67.8,30.7,49.9,23,61.6,20.3,43.6,61.5,16.8,17.7,63.5,23.3,72.1,20.5,5.2,54.6,6.8,2.8,1
id_435,2019,Montana,MT,23.81,26.18,23.57,26.44,87.37,0.89,6.56,1.13,4.06,0.16,0.16,0.33,0.05,0.32,0.37,0.38,1.8,12.9,22.4,25.8,34.1,41.1,58.6,40.1,21.4,43.7,22.6,30.9,16.9,10,45.7,69.3,46.8,85.8,71.8,79.4,60.4,5.9,8.8,49.1,49.5,58.1,67.1,60.1,66.4,59.4,83.5,84.5,25.5,26.1,51.8,29.4,67.4,52.1,48,58.7,28.8,47.7,68.8,35.3,84,68.6,60.9,66.2,58.7,40.6,18.6,63.2,28.5,45.4,28,64,34.6,45.4,18.9,63.5,15.5,35.7,66,12.3,14.4,67.7,38.5,62.4,17.5,7.9,56.9,9.6,2.1,0
id_436,2019,Nebraska,NE,27.41,26.95,23.39,22.25,79.16,5.6,0.91,2.89,11.44,0.29,0.29,0.59,0.05,0.55,0.6,0.65,1.94,10.2,22.1,21.2,27.1,31.8,40.5,40.1,23.8,38.1,29,25.6,15.4,8.1,52.6,77.9,43.8,85.8,75.1,80.8,64.9,5.2,8.7,33.1,39.7,49.7,60.2,65.5,64.3,39.7,83.7,86.4,27.2,28.9,56.3,37.5,68,56.9,47.5,52.5,26.6,54.3,68.9,39.6,83,67.3,61.5,68.1,62.8,47.6,26.6,48.3,20.8,28.8,34.3,69.1,29.5,46.9,25.4,67.5,13,30.5,69.5,17.5,14,66.9,29,65.2,15.2,5.6,52,6.5,2.2,1
id_437,2019,Nevada,NV,24.67,27.7,25.52,22.11,49.75,10.32,0.97,9.79,29.17,0.47,0.47,0.94,0.08,0.83,0.91,0.78,1.88,14,17.9,20.9,28,28.3,44.9,37.3,31.2,47.2,31.3,42.5,16.9,9.3,26.1,73.6,37,83.3,73.6,77.2,61,7.3,11.6,40.4,38.9,50.5,58.7,52.4,60.8,36,79.7,89.2,32,30.5,49.5,29.6,68.2,59,54.2,55.8,19.6,36.1,70.3,39.5,70.4,62.1,62.8,59.9,54.1,30.7,25.6,50.3,20,30.2,30.5,67.4,30.1,40.9,16.5,61.3,14.7,37.1,61.5,20.7,20.6,61.2,20.6,72.9,15.6,3.1,55,6.6,2.7,1
id_438,2019,New Hampshire,NH,21.42,25.21,27.09,26.28,90.68,1.8,0.28,3.19,4.05,0.21,0.21,0.41,0.06,0.4,0.46,0.46,2.32,7.9,18.5,23,29.3,33.4,38.7,43.8,29.1,39.7,33.8,28.9,14.7,11.3,46.7,79.5,40,94.3,81.9,83.6,73.9,5.4,8.3,42.2,38.9,56.3,62.5,58.4,66.4,29,82.1,88.7,28.8,28.1,53.9,35.3,69.4,44.6,50.2,55.7,36.7,58.7,74.1,49.6,80.5,78.5,74.8,68.9,57.3,45.4,21.1,56.7,26.3,38.4,32.1,67,31.5,46.9,27.1,69.7,12.6,33.8,67.3,10.7,14.3,64.8,36.7,67.4,16.8,2.5,53.9,7.1,2.4,0
id_439,2019,New Jersey,NJ,24.25,25.6,27,23.14,55.32,13.46,0.2,10.26,20.77,1.32,1.38,2.71,0.24,2.44,2.68,2.63,2.45,10.6,17,20.3,27.5,31.2,36.2,46.9,31.3,40,29.6,30,15.2,8.5,40.1,68.7,32.3,76.5,79.2,82.2,65.1,5.1,7.6,33.1,31.7,44.7,52.8,52.2,57.5,38,73.9,86.6,32.7,28.7,58.4,41.2,65.1,42.2,59.1,53.4,21.3,44.3,66.7,33.2,71.4,63.3,66.9,62.7,67.5,37.9,25.6,49.1,21.6,29.6,26,62.4,35.8,42,22.8,70.6,11.7,33.6,64.6,15.5,15.4,60.8,22.5,56.7,14.3,1.8,65,5.4,2.3,0
id_440,2019,New Mexico,NM,25.4,26.73,23.44,24.43,37.45,2.27,8.98,1.8,49.5,0.32,0.32,0.64,0.08,0.59,0.67,0.61,1.57,19.7,15.9,23.5,26.3,33.2,44.5,43,35.8,44.6,28.7,32.6,17.6,8.3,40.4,75,43.7,88.8,72,78.8,60.2,5,7.6,34.5,39.1,50.9,64,63.6,70,23.9,80.3,84.6,27.5,28.9,56.7,22.5,67.3,54.6,47.9,58.7,31.8,43,72.5,53.2,77.2,67,65.2,56.2,58.1,40.7,24.8,54.1,25.9,35.1,32.2,66.4,32.2,42,19.8,62.3,15.4,36.2,63,14.3,20,65.7,24.1,56.2,16.6,5.3,56.5,6.1,3.3,2
id_441,2019,New York,NY,23.24,27.8,25.58,23.38,56.12,15.05,0.37,9.27,19.19,2.88,3.05,5.93,0.55,5.5,6.05,5.38,2.41,14.2,17.5,20,28.4,30.8,29.4,40.1,29.3,41.3,27.7,31.5,12.3,9.3,49.6,67.8,39.6,80.5,80.5,81.7,69.3,5.2,8.5,37.1,30.1,49.5,59.7,58.1,59.8,18.8,77.7,91.6,29.2,27.1,61.4,36,67.7,35.8,51.7,56.2,23.4,48.5,65.2,37.8,68.7,67.4,75.1,64.9,60.5,43.5,27,50.7,24,31.9,27.2,62.9,35.3,39.7,23.8,67.8,13.8,37.7,61.7,13.6,16.6,60.6,28,61.3,13,2.5,56.1,5.9,2.3,1
id_442,2019,North Carolina,NC,24.73,26.51,25.8,22.96,63.57,22.13,1.18,3.38,9.74,1.56,1.64,3.2,0.39,2.95,3.35,3.1,1.75,14.4,14.6,24.5,31.5,39.6,46.6,40.6,33,40.8,28.6,32.6,21.7,8.2,48.2,78.6,40.8,96.2,79.7,84.2,70.1,7,11.1,45.9,38.8,54.3,64,60.6,70.4,40.4,76.6,90.1,31.3,32.4,57.1,45.1,69.9,50.3,46.8,62.7,37.4,49.3,81.5,35.4,83.2,79.7,68.2,68.3,56.8,47.1,25.9,50.4,21.9,29.3,34,69.6,28.6,51.8,27.3,64.7,19,44.9,61.2,19.4,18.6,63.9,26,69.5,19.2,5.1,57.1,5.8,3.6,1
id_443,2019,North Dakota,ND,26.38,29.92,21.87,21.83,84.76,3.69,5.47,1.89,4.18,0.12,0.11,0.23,0.03,0.23,0.26,0.23,2.05,10.8,22.9,24.6,31.4,29.4,39.2,33.4,21.5,32.5,27.7,25.7,13.5,8.2,47.2,69.8,44.6,88.8,77.3,80.4,63.3,4.9,8.4,28.3,35.8,52.5,57.2,47.7,59.8,61.1,84.4,85.8,25.4,28.4,58.7,42.1,68.5,42.4,52.9,72.4,23.5,32.6,72.2,57.1,81.9,60,56.7,67.4,61.1,46.1,27.9,47.4,20,28,35.8,71,27.8,45.7,23.1,66.5,14.2,36.9,67.3,9,13.3,66.4,30.9,62.9,17.5,6.8,54.2,7.4,2.5,0
id_444,2019,Ohio,OH,24.71,25.95,25.06,24.28,79.32,13.62,0.26,2.73,4.06,1.75,1.82,3.56,0.32,3.43,3.75,3.34,1.79,14.8,19.2,27.7,33,40.9,54.6,40.4,31,42.9,34.6,35,14.9,11.3,40.3,71.9,46.9,85.2,77.8,81.7,65.9,8.1,12.6,47.3,42,54.4,60.1,52.9,69.9,57.6,84,86.7,28.9,31.5,56.4,33.6,64.9,57.4,53.5,67.3,35.3,40.8,61.6,40.9,80.7,68.5,67.9,62.7,59.3,40.4,27.6,48.8,21,30.6,34.6,69,29.3,44.1,21.9,66.8,17.9,40.6,63.6,11.9,18.3,59.2,29.8,63.5,21.8,5.1,54.8,6.9,2.8,1
id_445,2019,Oklahoma,OK,26.76,27.37,23.73,22.14,67.91,8.49,9.72,2.72,11.16,0.6,0.61,1.21,0.15,1.09,1.25,1.13,1.75,15.4,13.5,25.1,31.1,37.7,39.6,50.3,34.6,55.9,28.6,38.9,15.4,10.3,42.2,73.4,43.1,82.1,71.9,77.1,59.2,8.1,13.2,42.7,43.1,60.3,68.2,58,67,52.4,83.8,87.5,32.8,35.5,60.8,43.1,71.8,58.4,65.3,67,33.1,38.7,73.6,45.2,83.9,72.4,64.1,58.3,54.6,42.9,33.4,38.5,15.7,20.9,37.1,71.5,26.2,50.2,20.2,58.7,21.3,44,60,19.3,21.3,62.2,29.9,66,19.4,7.6,57.6,4.4,3.6,2
id_446,2019,Oregon,OR,22.86,27.69,24.86,24.59,76.97,2.55,1.36,5.68,13.44,0.64,0.65,1.28,0.1,1.19,1.29,1.43,1.89,14.8,18.9,23.6,29.6,38,40.5,49.4,24.8,41,23.6,32.1,20.8,11.2,47.4,70.4,51,84.2,76.2,80,67.9,5.5,8.2,39.6,36.6,56.8,68.4,52.1,71.2,63.4,78.7,89,26.4,27.6,53.9,42.8,66.7,62.5,55,56.9,37,52.9,73.9,49,82.3,75.3,66.3,55.2,60.2,40.6,23.5,56.8,24.7,35.6,28.8,63.3,34.5,42.9,21.8,66.8,13.8,31.8,67.3,13.1,17.5,65.5,32.1,57.4,14.9,3.4,55.8,8.8,2.7,0
id_447,2019,Pennsylvania,PA,23.25,25.76,25.28,25.7,76.54,11.54,0.18,3.88,7.86,1.91,1.99,3.9,0.38,3.72,4.1,3.85,2.04,13.4,18.6,25.3,32.6,38,43.4,36.5,30.4,38,29.4,33.8,11.6,11.2,53.8,74.1,46,79.3,78.3,80,68.7,6.3,10,40.8,47.4,50.9,59.8,58.7,71.5,83.6,82.8,89,29.1,29.5,58.3,44.2,78.8,57.6,46.7,56.2,40.4,53.7,76.9,58.7,77.8,77.2,79.1,70.6,58.3,45.2,24.6,50.8,21.8,30.5,33.1,67.9,30.3,46.8,25.8,67.7,16.5,40.1,63,10.8,17.7,59.8,30.2,65.5,18,4.9,58.1,6.4,2.6,1
id_448,2019,Rhode Island,RI,22.48,27.36,25.57,24.59,72.47,6.91,0.5,3.79,16.33,0.16,0.17,0.32,0.03,0.31,0.34,0.33,2,13.4,19.8,24.1,31.1,25.3,33.9,39.6,34.3,42.2,30.2,28,14.9,11.2,53.2,73.9,43.1,86.4,85.2,85,74.1,6.2,9.6,29.8,31,55,62.2,55.9,65.3,29.7,80.1,93,29.1,30.3,59.5,24.7,72.5,49.6,57.9,62,27,43,72.5,40,77.4,73.4,75.6,66.2,70.5,48.8,26,49.9,23.9,30.8,30.1,64.3,34,45.7,29.6,73.2,12.9,34.5,66.4,10.8,16.4,61.9,42,59.7,13.8,1.5,64.5,6.2,2.2,1
id_449,2019,South Carolina,SC,24.25,25.92,25.06,24.77,64.47,27.14,0.4,1.99,6,0.76,0.81,1.57,0.21,1.45,1.66,1.44,1.67,17,17.2,25.4,32.8,46.2,55.8,40.3,35.4,46.7,37.3,38.3,12.6,9.6,39.4,61.9,38.3,87.9,76.3,80.8,67.8,7.4,10.8,46.5,37.7,54.3,64.4,54.1,61.4,36.5,86.6,88.8,32.5,34.6,63.6,44.8,66.9,55,58.6,65,31.2,36.9,69.9,39.8,79.6,69.4,71.1,56.1,57.6,40,28.5,47.5,23.1,29.9,35.5,68.9,29,47,21.3,61.4,18.3,42.6,60.2,17.5,17.9,60.4,22,70.9,18.4,4.7,60.7,9.6,2.6,2
id_450,2019,South Dakota,SD,27.23,26.19,22.85,23.73,82.46,2.72,8.74,1.76,4.33,0.14,0.13,0.27,0.03,0.25,0.28,0.27,1.97,11.3,22.5,24.1,28.6,38.8,50.5,42.9,26.1,36.2,33,36.3,17.9,8.5,45,74.3,42.1,88.8,79.9,81.8,66.3,5.2,7.9,50.1,37.4,52.5,66.5,48.9,57.1,39.1,74.4,86.1,25.7,28.2,53.5,40.7,72,60.9,44.1,57.5,30.8,42.8,67.7,46.3,79.4,72.5,72.1,69.3,68.8,47,28.9,46.5,21.8,28.2,33.1,70.6,28.2,47.1,27.6,70,15.8,37.3,66.3,15.1,15.2,69.3,28.8,69.1,19,6.9,49.6,7.2,2.6,1
id_451,2019,Tennessee,TN,24.58,26.8,25.53,23.1,74.54,17.33,0.31,2.1,5.73,1.01,1.07,2.08,0.21,1.95,2.16,2.28,1.77,14.9,15.7,28.4,35.1,39.6,58.2,42.2,35.6,51.7,38.3,37.6,15.5,8.8,38,68.1,42.6,88.2,76.8,82.1,66,8.9,14.3,51.5,43.8,55.5,65.5,52.3,64.4,62.6,81.8,91.9,32.3,36.4,61.2,28.1,66.6,49,51.2,78.2,45.9,51.3,69.9,56.2,80.4,67.3,72,58.9,51.4,38.8,29,47.7,22,29.6,36.6,69.1,28.9,45,21.1,59.4,22.5,45.9,59.4,18.1,20.4,60.5,29.4,65.2,20.8,6.9,55.5,6,3.3,2
id_452,2019,Texas,TX,28.35,28.8,24.65,18.2,42.05,12.5,0.37,5.43,39.64,4.38,4.44,8.83,0.78,7.4,8.19,10.08,1.93,15.5,18.3,20.2,26.2,23.7,31.4,40.9,37,45.3,27.9,37,12.9,7,37.7,69.9,40.1,93.8,74.9,77.4,60.2,5.1,8.2,32.9,40.3,47.8,61.7,50.7,60.4,28.5,78.6,88.9,33,31.2,60.4,40.6,66.8,47.4,59.6,58,32.1,42.4,69.4,36.1,77.4,64.3,57.8,61.5,47.4,39.4,26.9,49.4,24.3,28.5,34.1,69.9,28.4,42,19.3,58.8,13.5,32.3,64.7,28.3,21,65,24.5,68.7,14.9,3.6,54,6.1,3.3,2
id_453,2019,Utah,UT,32.07,30.21,21.72,15.99,79.2,1.49,1.03,3.95,14.33,0.49,0.48,0.98,0.07,0.74,0.81,1.1,1.75,10.1,11,24.1,29.9,27.5,43.4,44,22.6,39.1,20.2,25.1,17.5,9.8,47.5,73.7,41.6,88.7,73,75.4,69.6,4.3,6.5,22.7,20.9,55,63.9,53,65.4,32.9,84.7,86,28.9,26.9,49.7,45.4,69.3,60.7,52.7,55.7,30.8,45.8,69.7,45.3,84,73.7,69.2,64.7,64.2,41.8,18.7,55.9,24.9,33.5,29.9,64.8,33.6,44,23.5,71.2,11.3,27,70,14.7,14.7,66.6,26.4,71.1,7.9,3.4,56.2,4.3,2.6,0
id_454,2019,Vermont,VT,21.59,25.18,25.59,27.64,93.74,1.67,0.43,2.09,2.07,0.09,0.1,0.19,0.04,0.19,0.24,0.21,1.97,10,20.4,23.3,29.7,24.8,38.8,45.5,24.1,40,24.9,25.1,15.9,12.1,48.4,76.9,47.9,86.4,77.6,82,70.8,5.7,9.3,53.1,39,51.9,61.7,59,62.3,26.4,77.1,84.8,25.4,26.8,52.4,39.4,67.4,48.4,46.5,62.7,30.9,53,73.6,56.4,85.5,75,75.2,66.2,61.1,44.8,19.3,61.7,28.2,42.3,27.1,59.3,38.3,45.8,26.5,70.8,16.7,37.2,68.2,7.3,12.7,67.4,33,58.7,16.2,3.1,51.7,10,2,0
id_455,2019,Virginia,VA,24.5,27.49,25.92,22.09,62.48,20.01,0.3,7.45,9.76,1.28,1.32,2.61,0.21,2.36,2.57,2.47,2.12,11.6,16.1,24.2,32.7,43.6,44.4,43.4,31,38.2,27.9,33.9,16.9,8.8,46.4,76.6,43.1,89.5,80.2,84,69.4,6.1,8.7,35.6,36.5,48.7,57.8,60.4,62.4,40.4,86.3,90.9,29.6,31.3,59.6,45.3,69.1,47.5,54.1,66.7,36.7,48.6,69.2,48.3,81,63.1,64.3,54.9,64.1,46.8,24.8,49.8,22.7,30.5,31.8,66.1,32.4,47,26.4,70.2,14.2,35.5,66.9,13.3,16.3,61.3,28.4,66.1,14.3,3.6,58.9,5.8,2.4,1
id_456,2019,Washington,WA,24.14,29,24.83,22.03,69.51,4.95,1.49,10.91,13.15,1.16,1.16,2.32,0.17,2.11,2.27,2.88,2.3,12.2,14.9,22.6,29.3,30.2,35.7,44.7,20.5,43.3,21.5,29.9,16.4,9.9,53.4,75.4,43.4,89.9,75.9,79.1,69.2,4.8,7.8,41.8,34.2,56.8,67.2,50.5,74.8,52.1,87.9,86.5,28.4,28.3,50.6,36.1,68.6,65.2,52.1,56.6,36.2,58,72.3,52.5,82,70.5,71.3,62.8,61.7,46.7,18.9,58.7,25.9,37.8,28.2,63.6,34.6,47.4,25.8,68,10.9,29.2,69.5,12,15.7,66,33.6,72.5,12.9,3.3,56.3,5.6,2.4,0
id_457,2019,West Virginia,WV,22.48,24.1,25.72,27.69,93.06,4.04,0.22,0.94,1.74,0.27,0.28,0.55,0.08,0.53,0.61,0.48,1.55,17.7,13.9,36.9,45.1,52.5,67.2,49,37.2,49.2,32.8,41,11.6,11.6,46,68.9,44.9,81.4,76.3,80.1,64.5,10.7,16.8,46.4,41.1,59.2,66.8,51.6,68.1,46.9,83.9,89,34,39,64.7,26.8,66.3,53.5,60.8,76.9,47.3,44.9,67.9,37.5,81.5,64,70.7,58.7,51.6,40.9,29.5,49.1,18.2,32.1,39.7,71.2,26.5,50.5,24,56.9,30,58.8,51.2,11.7,24.5,57.5,26.3,63.6,25.9,8.7,54.2,5.6,3.5,2
id_458,2019,Wisconsin,WI,24.45,25.88,25.37,24.31,81.58,7.02,0.98,3.23,7.18,0.88,0.89,1.77,0.22,1.73,1.95,2.08,1.9,11,23.4,24.6,30.9,33.2,63.2,49.1,26.8,48,27.8,29.9,20.9,10.2,46.5,66.9,39.1,87,80.3,83.7,71,4.9,8,46.8,42.2,50.6,61,53.2,65.8,23.2,82.7,86.2,29.6,27.9,53.8,42.2,60.6,68.7,43.7,55.3,37.3,60.2,69.9,45.8,82.4,84,64.5,73.5,72.3,44.3,22.3,55,24.5,34.7,34.3,69.3,29,40,21.8,71,12.2,32.6,70.5,11.5,15,65.3,31.3,75.9,16.2,3.4,58.2,8.4,2.5,0
id_459,2019,Wyoming,WY,25.51,26.68,23.6,24.21,84.83,1.44,2.26,1.21,10.26,0.09,0.09,0.18,0.03,0.17,0.19,0.21,2.24,10,19,22.8,32,21,37.9,38.1,26.1,35.9,24.6,32.1,10.4,9.5,31.2,65.8,33.9,81.8,66.4,76.7,57.3,6,10.7,67,37.6,47.2,63.3,54.4,68.9,45,84.5,88,25.2,28.2,46.9,62.9,68.4,46.2,40.1,53,31.9,41.9,66.8,45.1,78.3,64.5,62.5,70.3,65,34.7,24,54.8,24.4,35.5,29.6,65.1,33.3,41.8,17.2,66.1,17.5,35.6,65.3,19.9,15.9,66.6,24.5,53.3,18.9,9.7,52.4,6.8,2.1,0
id_460,2020,Alabama,AL,24.62,25.94,25.08,24.36,66.05,27.06,0.61,1.67,4.6,0.72,0.77,1.49,0.2,1.43,1.63,1.39,1.56,18.1,14.5,30.1,34.7,37.7,44.8,53.1,38.9,51.3,34,34,14.9,9,41.8,66.8,31.7,81.4,78.4,79.2,75,8.9,13.5,48.4,38.4,55.3,66.3,53.1,57.1,28,78,85.1,34.6,38.8,68,32.9,68.4,57.2,56.3,70.5,36.9,42.7,73.5,40.1,75.6,65.3,69.8,59.5,59.9,39.7,27.8,44.5,17,26.3,39.3,72.6,25.6,47.5,25.7,61.3,19.5,42.5,59.7,17.9,18.9,58.8,19.3,56.3,19.5,5.8,64.6,5.6,3.6,2
id_461,2020,Alaska,AK,26.71,30.16,23.87,19.26,63.07,4.37,16.51,8.72,7.32,0.12,0.11,0.22,0.04,0.19,0.23,0.23,2.11,11,18.1,21.1,26.2,29.3,61.1,49.1,24.4,43,21.6,28.1,19.3,8.8,52.7,52.4,40.3,68.3,69.5,69.2,69.1,4.6,7.2,39.1,40.7,50.4,63.8,49.5,52,39.4,77.7,79.7,29.9,30.8,49.5,37.7,75.2,62.3,49.7,60.3,38.2,48.1,62.7,32,73.1,72.6,66.6,55.5,78,39.1,21.1,57,24.4,37.2,31.8,67,31.7,40.3,21.2,62.6,13,27.5,67.3,12.8,12.2,65.1,21.1,58.7,18,7.3,55.3,9.7,1.9,0
id_462,2020,Arizona,AZ,24.84,27.05,23.58,24.52,54.91,5.16,4.03,4,31.89,1.12,1.13,2.25,0.27,1.93,2.19,2.3,1.77,18,15.3,20.3,25.3,28,34.8,50.4,31.5,42.9,26.8,31.5,15.2,9.7,40.3,68.6,32.4,81.3,74.4,75,66.4,5.4,8.6,26.6,31.2,53,64.6,52.9,64.4,45.8,87.6,83.3,32,28.5,53.2,52.7,66.6,53.9,57.4,58.9,26.6,51.1,67.2,29.8,73.9,65.2,63.7,59.1,59,39.9,21.6,52.7,22.8,33,31.5,66.5,31.4,49.5,22.4,60.6,13.5,27.6,67.1,18.7,14.5,64.7,18.3,64,13.7,3.2,54.3,6.6,3.4,1
id_463,2020,Arkansas,AR,25.64,26.11,24.29,23.96,72.91,16,0.86,2.2,8.02,0.45,0.47,0.92,0.12,0.85,0.97,0.84,1.61,19,15.8,26.8,33.4,37.3,44.5,55.9,39.1,52.8,32.5,33.5,16.4,8.9,45.3,72.9,43.2,83.7,73.7,77.1,69.3,8.1,13.8,48.3,45.9,58.7,68.2,62.3,65.3,64.8,82.9,80.8,33.2,37,65.1,64.6,72,50.2,54,66,50.4,59.9,76.3,55.5,79.2,59,61.5,51.7,63.6,45.4,28.8,44.4,16.4,28,37.2,67.4,30.9,49.8,26.4,57.1,22.3,43.3,58.3,15.1,19.4,62,22.7,70.4,21.6,7,49.1,7.4,3,2
id_464,2020,California,CA,24.89,28.95,25.15,21.01,37.39,6.22,0.52,16.31,39.55,5.94,6.01,11.95,0.65,9.59,10.24,10.59,2.39,15.1,16.3,18.2,22.2,21.6,36.6,48.1,28.5,42.8,20.1,31.1,16.7,9.3,46.5,86,36.2,85.6,75.8,79.3,61.8,5.1,8.2,22.8,22.2,47.3,61.8,55,48.6,43,77.7,85.2,30.7,27.4,51.9,37.8,69.4,58.9,55.7,55.4,18.1,55.5,72.5,22.3,72,61.2,69.6,57.2,61.6,45.5,21.1,56.1,23.3,34.5,30.2,63.6,33.9,46.8,25.9,64.3,9.4,24.5,68.9,13,14.4,67,17.6,62.6,9,1.9,59.1,6.3,2.6,1
id_465,2020,Colorado,CO,24.06,29.92,24.88,21.14,68.67,4.73,0.76,3.9,21.94,0.89,0.87,1.76,0.17,1.61,1.77,2,2.21,11.7,18.4,19.7,28,36.3,40.8,45.8,24.2,41.7,20.1,22.3,16,9.6,54.6,80.1,38.8,83.1,71.8,75.5,71.7,4.3,6.9,39.6,27.8,54.6,64.4,56.1,67.1,31.3,84.6,84.2,28.3,25,51.3,49.7,72.8,58.9,52.9,52.7,27.8,57.9,75.6,43.8,82,71.8,69.3,57,53.1,48.7,16.5,59.4,26.2,37.7,24.2,58.9,38.5,54.6,29.8,67,10.1,25.2,71.5,14.6,10.2,70.7,25.5,60.5,12.6,3.7,56.9,7.9,2.1,0
id_466,2020,Connecticut,CT,23.01,25.54,26.31,25.14,66.2,11.16,0.27,5.14,17.23,0.53,0.55,1.08,0.08,1.01,1.09,1.12,2.65,10.5,15.5,19.3,25.8,29.9,31.6,45.2,27,36.4,31.8,26.3,12.9,10.9,57.5,76,27.3,81.5,81.5,83.3,75.7,4.6,7.8,35.9,26.4,47.1,57.2,62,64.3,30.4,84.9,87.9,31,27.8,56.9,49.6,79.9,45.2,55.2,59.9,25.8,56.1,75.8,48.5,76.7,70,67.7,64,66.6,51.6,20.2,52.3,22.6,31.3,29.5,64.2,33.6,55.5,36.3,72.5,9.6,27.5,69.8,11.6,11,65.4,22.4,48.9,12.6,1.8,64.9,6,1.8,0
id_467,2020,Delaware,DE,23.29,25.08,24.47,27.15,62.18,23.23,0.35,4.39,9.84,0.14,0.15,0.3,0.04,0.28,0.32,0.3,1.9,13,16,22.9,29.7,29.4,37.3,45,33.3,41.9,28.8,29.2,13.8,10.8,40.1,69.5,34.5,89.3,78.5,77.6,73.7,5.2,8.5,32.5,31.7,47,58.2,58,60,58.3,83.2,86.7,32.6,32.1,60.6,53.3,68.9,46.4,53.9,64.1,23.5,43.6,70.3,35.7,73.3,58.6,62.2,53.1,64.8,45.4,23.6,48.9,21.4,30,36.2,67.7,30.1,50.6,31.9,63.9,13.6,31,67.1,13.3,12.8,64.1,23.6,57.5,15.8,2.6,60.3,6.2,2.9,1
id_468,2020,District of Columbia,DC,21.09,39.45,22.18,17.28,38.44,45.09,0.26,4.83,11.38,0.1,0.11,0.22,0.03,0.22,0.25,0.42,3.06,17.5,20.7,17.8,25.6,29.5,47.3,47.7,35.3,41.2,23.7,23.8,14.5,10.7,57,77.8,29.9,77.3,81.7,79.9,77.5,4.6,6.7,24.9,30.3,48.3,60.5,64.8,64.2,34.7,85.9,89.4,30.8,30,57.7,50.7,81.6,51.3,55.1,57.8,26.3,48.6,76.8,25.2,77.7,70,46.2,52.9,57.7,56.1,18.5,56.1,25,34.6,25.3,58.5,39.5,52.1,32.8,68.1,11,33.6,74.4,5.6,11.2,67.2,30.1,48,11.7,1.7,63.6,8.1,2.7,0
id_469,2020,Florida,FL,21.76,25.02,25.23,27.99,53.98,16.06,0.28,3.22,26.46,3.22,3.37,6.6,0.95,6.07,7.02,5.64,1.93,15.9,15,20.1,26.5,29.2,35.4,54.7,38.6,47.6,30,25.1,19.9,7.3,33,63.8,32.8,78.1,78.9,77.4,72.2,6.2,10.4,44.5,35.6,56.2,67.3,45.5,52.6,28.6,71.4,84.7,32.2,29.9,58.9,40.4,63.4,55.7,57.3,58.8,21.9,47.5,58.8,33.8,66,63.1,69,53.8,61,34.7,25.8,51.1,22.7,32.2,28.3,63.4,34.8,44.9,17.5,60.7,14,34.7,61.7,23.2,13.3,63.9,16.1,47.2,15.5,2.3,56.6,7.3,3.1,1
id_470,2020,Georgia,GA,26.08,27.48,25.86,20.57,52.46,32.59,0.26,4.71,9.97,1.58,1.67,3.25,0.28,2.86,3.14,2.87,1.75,18.3,14.5,22.6,30.6,35,46.8,48.8,34.6,43.3,31.9,30.3,16.4,8.9,44.1,69.2,32.1,84.1,77.9,77,69.5,6.2,9.7,39,41.1,50.9,61.9,52.1,58.5,28.3,78.1,85.6,31.8,33.7,63.2,34.3,67.4,50.8,55.7,65.4,29.4,48.1,69.4,32.5,77.1,61.2,58.5,51.7,54.5,40,24.5,48.3,21.1,29.5,34.3,67.4,30.9,49.4,24,60.5,18.1,42.2,64.3,22.4,15.1,61.8,19.3,67.9,16.3,3.6,59.3,6.1,3.2,1
id_471,2020,Hawaii,HI,23.1,26.93,24.1,25.88,21.74,2.66,0.24,64.85,10.51,0.21,0.21,0.43,0.05,0.35,0.4,0.4,1.94,8.6,17.1,18.1,25,23.6,28.7,38.2,23.7,36.1,26,21.8,20.4,8.6,46.7,76.6,29.7,79,83.1,76.5,74.7,3.2,5.3,26.9,27,39.3,49.1,48.7,44,44,66,80.9,29.6,27.7,57.4,44.9,69.2,52.9,54.6,60.2,23.8,54.8,70.7,27.7,65.5,74.3,75.6,65.8,61.8,44.8,18.4,56.6,25,36.3,25,58.3,39.1,42.6,31.1,74,5.7,19.8,67.8,8.2,10.3,58.1,15.2,48.8,12.2,2.5,54.8,8,2.5,1
id_472,2020,Idaho,ID,27.3,26.37,23.46,22.87,82.78,1.08,1.24,1.91,12.99,0.28,0.28,0.55,0.05,0.48,0.54,0.57,1.69,14.1,15.2,20.8,25.1,35,37.1,49.2,25.8,41.4,30.1,23.5,18.6,9.3,42.1,68.2,30.1,83.2,71.4,71.8,64.3,5.2,9,30.9,32.8,55.6,66.8,53.6,56.7,30.1,82.5,79,29.9,28.6,51.8,44.3,68.3,55.7,53.7,55.1,34.9,42.1,70.2,40.4,87.7,67.6,51.7,47.3,55.2,40.9,19.7,55.2,21.8,35.6,31.3,66.4,32.1,48.2,21,67.4,12.8,29.3,69.8,17.4,11.8,68.5,22.6,65.1,14.2,5.4,52.6,7.2,2.8,0
id_473,2020,Illinois,IL,24.61,27.02,25.37,22.99,61.25,14.71,0.21,6.2,17.63,1.88,1.94,3.82,0.3,3.56,3.86,3.68,2.1,13.7,13.7,21.9,30.2,30.2,36.9,43.5,26.7,39.1,31,23.2,15.4,8.7,59.6,75.9,31.4,67,79.1,72.6,68.3,5.7,8.3,32.3,36.7,42.9,56.5,61.9,54.9,40.5,82.3,83.7,30.1,29.2,59.2,21.2,78.6,51.2,52.1,54.5,15,45.9,77.2,35.7,65.3,68.4,64.7,56.7,67.3,47.7,24.4,50.8,21.7,30.5,32.5,67.6,31.2,48.6,28.1,68.4,15.7,31.9,71.7,11.4,12.3,66.5,20.2,58.3,12.8,1.9,54.5,6,2.2,1
id_474,2020,Indiana,IN,25.89,26.6,24.64,22.87,78.96,10.5,0.28,2.81,7.44,1.01,1.04,2.05,0.18,1.9,2.08,2.32,1.76,15.2,16.7,24.6,31,35.6,40.3,47.6,29.9,46,33,28.8,14.8,9.7,47.9,76,36.5,85.9,72.6,76,69.3,7.6,12,48.1,41.3,56.4,64.5,61.9,62,28.9,84.8,81.7,31.4,31.8,62.1,28.5,68.4,51.4,57.5,58.9,36.8,48.2,72.9,42,79.8,64.6,62.1,58.6,58.4,44.1,25.6,45.1,17.5,26.9,37.2,69.4,29.2,50.6,24.1,62.8,18.5,37.3,63.6,14.2,15.1,62.1,23.2,67.3,20.2,4.8,53.1,6.8,2.9,1
id_475,2020,Iowa,IA,25.73,26.12,23.73,24.42,85.46,4.69,0.34,3,6.51,0.48,0.48,0.96,0.09,0.92,1.01,1.2,1.79,10.8,23.1,21.8,27.4,36.7,44.6,40.6,22.6,37.4,28.5,24.7,15.5,9.3,49.1,77.6,40.3,88.1,80.3,77.5,72.1,5.6,9,47.2,40.8,52.5,63,59.5,66.8,35.7,87.1,81.6,30.2,28.6,58.5,37.5,71.9,58.6,55.3,56.7,35.8,58.7,70,37.9,80.1,78.6,74.7,65.2,58.6,49.3,22.7,48.2,19.1,27.8,37.2,72,26.4,53.5,31.4,67.8,12.2,30.1,69.4,9.6,12,66.2,26.4,67.7,16.8,4.6,52.8,8.7,2.2,1
id_476,2020,Kansas,KS,26.67,26.91,23.38,23.05,76.45,6.68,0.98,3.46,12.43,0.44,0.44,0.88,0.09,0.82,0.91,1.02,1.87,12.1,18,22.7,29.7,39.1,48.5,45.3,27.8,40.6,28.3,26.5,13.2,9.9,47.5,68.5,34.3,87.8,72.7,78,67.9,5.8,9.3,49.5,40.3,51.5,63.8,58.4,62.9,39.4,82.2,81.4,31.4,30.7,59.3,51.8,68,57.6,54,57.3,32.6,54.2,69.6,48.9,79.5,67.2,69.6,64.3,59.9,45.7,21.4,49.1,19.2,29.5,35.8,70.2,28.1,51.3,26.3,67.2,12.6,30.1,68.6,14.9,12.8,65.5,23.2,64,17.2,5.4,52.2,6.8,3,1
id_477,2020,Kentucky,KY,24.92,26.05,25.28,23.75,84.99,8.96,0.22,1.83,4,0.67,0.69,1.36,0.14,1.28,1.42,1.28,1.6,18.5,15.4,29.2,37,47,52.9,53.4,36.4,52.2,30.6,40.8,13,11.3,44.6,80.2,44.4,87,75.7,81.1,74,11.1,18,52.4,39.9,55.9,65.1,54.9,62.5,52.7,84,83.7,34.1,36.9,65.7,43.8,76.5,49.4,58.8,67.3,31.8,47.4,73.5,38,82.3,68.3,73.7,56.7,46.8,44.2,29.3,43.4,17.1,27.3,37,70.1,27.9,53,27.2,57.6,23.4,44.9,59.4,10.3,19.5,59.5,24.9,62.4,22.2,6.2,46.6,6.7,3.5,2
id_478,2020,Louisiana,LA,25.71,27.29,24.15,22.85,58.88,33,0.7,1.99,5.44,0.69,0.72,1.41,0.17,1.3,1.48,1.18,1.71,18.7,19.8,25.3,31.6,46.1,44.5,50.1,42.5,47.9,35.7,39,13.9,7.9,38.6,74.8,29.6,84.5,82.4,78.7,71.2,8,11.3,39.1,40.7,48.7,62.9,48.9,59.5,29.7,81,83.8,34.1,37.9,67.6,36,69.2,52.5,59.5,69.4,32.5,48.8,68,42.3,81.8,64.7,63.8,60,50.1,39.7,28.2,45.5,18.6,27.6,38.3,70.3,27.8,47.7,21.6,59.3,18.2,40.3,60.1,13.8,19,61.6,23.5,63.5,18.9,5.6,57.7,8,3.5,2
id_479,2020,Maine,ME,20.7,23.66,26,29.64,93.89,2.01,0.78,1.45,1.87,0.2,0.21,0.41,0.11,0.41,0.53,0.44,1.85,12.5,16.5,24.2,30.1,35.8,38.6,50.7,27,44.8,21.1,26.1,14.2,10.9,52.4,76.3,45.2,87.9,82.2,80.3,79.5,6.9,10.8,40.7,37,55.4,66,66.9,66.3,73.1,80.3,81.8,30.7,29.6,56.8,49.1,76.6,50.3,55,61.3,44.8,50.4,77.3,40.7,80.2,75,72.9,67.4,61.1,49.8,19.7,52.8,20.3,33.9,31.3,64.4,33.2,55,34.8,65.9,17.3,36.5,65.9,12,11.1,66.9,25.2,65,18,3.2,48.5,8.5,2.6,0
id_480,2020,Maryland,MD,24.53,26.53,26.16,22.77,50.62,31.07,0.3,7.2,10.81,0.89,0.95,1.84,0.15,1.65,1.8,2.04,2.21,9,12.9,20.7,27.8,35.3,43.1,45.4,30.5,39.5,23.7,21.8,15.3,9,53.2,87.2,37.1,86.4,80.7,79.8,75,4.4,6.8,30.9,32.3,46.1,54.5,64,63.2,38.4,78.8,88.1,31.7,30.8,62,40.7,74,51.1,51.6,61.6,27.4,59.7,77,37.8,79,70.4,76.1,63.1,58.4,48.3,20.6,50.7,22.5,29.3,30.9,66.2,32.1,55.2,33.1,65.7,9.3,27.7,69.3,11.6,10.6,63.5,23.3,64.2,11.1,1.8,56.2,5.2,2.3,1
id_481,2020,Massachusetts,MA,22.4,27.97,25.61,24.01,71.58,7.96,0.23,7.64,12.58,1.02,1.08,2.09,0.18,1.96,2.13,2.48,2.64,10.2,16.6,21,27.5,27.5,37.8,47.2,27.4,39.1,23.7,22.4,14.2,10.6,59.1,80,36.6,86,86.5,78.1,79.9,4,6.8,34.1,44.2,52.9,59.5,59.2,72.4,51,79,87.9,29.8,26.9,57.5,67.5,74.8,47.7,54.7,55.7,28.2,52.9,77.4,27.7,79.8,62.8,67,67.2,60.7,54.7,19.4,52.3,22.1,31.6,24.5,60.1,37.9,56.3,39.2,72.9,12.1,31.7,69.6,6.3,10.8,66.1,23.4,71.5,11.4,1.6,57.4,6.9,2.4,0
id_482,2020,Michigan,MI,23.91,25.96,25,25.13,75.6,14.62,0.71,3.63,5.44,1.49,1.54,3.02,0.38,2.88,3.25,2.95,1.8,14.2,18.8,26.5,32.2,39.7,49.1,49.1,30.9,44.6,25.5,31.5,12.9,11,42.4,74.9,36.4,81.5,79,79.9,76.4,7.5,11.5,38.8,36,51.5,60,55,64.3,65.7,83.4,86,32.4,31.7,58.7,45.6,76.1,60.3,58,63.4,23.4,49.5,71.8,43.5,79,75.6,75.3,64.5,57.7,43.8,20.2,51.3,20.4,31.9,35.3,69.6,28.6,53.7,27.9,68.6,13.2,32.1,65.9,8.5,14.7,62.7,22.5,71.1,19.3,3.1,56.3,7,2.8,1
id_483,2020,Minnesota,MN,25.47,26.62,24.58,23.33,79.78,7.75,1.21,5.58,5.69,0.86,0.86,1.72,0.16,1.6,1.77,2.13,2.09,10.3,19.7,19.7,25.8,25.7,43.7,44.7,22.5,37.2,22.5,24.8,16.1,8.5,55.5,79.1,39.2,86.9,78.5,77.2,75.3,4.1,6.5,40,36,48,60.9,65.1,63.5,23.9,83.2,84.1,27.3,25.5,57.1,49.2,71.6,69.1,53.6,52.4,29.6,54.8,74.1,38.8,80.5,80.5,71.9,69.6,58.7,49.9,18.7,53.9,22.2,32.3,30.6,66.9,31.5,52,32,69.2,9.2,24.4,72.7,10.1,10,69.9,26,59.7,14.3,3.9,51.1,7.4,2.3,0
id_484,2020,Mississippi,MS,26.02,26.16,24.59,23.23,56.86,38.03,0.52,1.21,3.37,0.44,0.46,0.9,0.12,0.82,0.94,0.67,1.45,22.5,14.4,28,34.8,44.9,46.7,52.3,44.8,48.2,31.5,33.4,14.1,8.8,40,77.7,36.8,78.1,73.5,81.9,68.8,8,11.6,42.5,41.1,52.9,66.9,55.5,61.6,34.7,79.2,82.3,34.1,39.8,68.9,48.6,71,38.3,55.3,68.3,38.9,47.7,68.7,40.9,70.9,66.8,65.3,64.1,59.7,39.2,28.9,40,16,23.5,39.9,72.7,25.6,48.8,22.7,58.3,20.1,45,55.4,22.2,18.7,62.5,16.3,60,20.7,7.1,60.8,6.3,2.6,2
id_485,2020,Missouri,MO,24.79,26.42,24.41,24.38,80.1,12.33,0.55,2.53,4.49,0.92,0.95,1.87,0.22,1.76,1.98,2.04,1.77,16.1,18.1,25.4,31.6,39.5,41.8,50.1,29.8,44.3,33.3,32.1,12.1,9.5,47.7,72.9,34.4,85.9,76,78.3,70.1,7.5,11.7,45.8,39.4,54.6,66.7,55.2,60.6,31.3,86,82.5,31.3,30.7,62.4,47.6,73.7,54.6,53.9,62.5,40.9,42,73.3,45,85,66.8,61.3,59.3,53.3,44.8,24.9,47.5,18.2,28.8,34.2,69.6,28.7,53.3,26.1,63,18.2,37.6,63,16.2,15.2,63.8,23.7,66,18.6,5.2,53.3,7.5,2.9,1
id_486,2020,Montana,MT,23.63,26.13,23.33,26.9,87.23,0.91,6.54,1.16,4.16,0.17,0.16,0.33,0.05,0.32,0.37,0.38,1.82,13.5,21.6,23,30.7,36.5,46.4,48.2,24,43.7,26.2,29.9,16.3,10.8,48.9,75.5,38.5,88.7,71.6,75.2,66.6,5.7,9.3,44.4,31.6,58.1,67.1,64.2,69.8,54.5,81.6,79.9,26,26.7,54.8,43.1,71,59.2,47.8,56,39.7,56.1,67.2,40.1,78.6,69.8,68.7,58.1,54.7,43.9,18,58.3,24.6,39.6,28.9,64.1,34.7,51.3,23.1,63.9,13.6,32.7,67.5,11.6,12.1,68.4,23.9,64,17.5,8.6,50.4,9.9,2.3,0
id_487,2020,Nebraska,NE,27.27,26.84,23.23,22.66,78.83,5.68,0.92,2.92,11.64,0.29,0.29,0.59,0.05,0.55,0.6,0.64,1.93,10.5,21.7,20.8,25.4,31.4,39.3,41.9,22.9,35.5,25.3,22.4,13.8,7.8,49.3,76.7,40,81.5,76.2,78.3,70.5,4.7,7.8,38,34,49.7,60.2,72.4,73.8,19.9,85.7,81.8,29.7,28.5,58.5,61.5,75.6,62,54.7,55.9,24.3,58.8,76.7,47.8,81.5,69.7,67.6,59.9,65.8,51.7,21,49.4,20.1,28.9,34,69.9,28.7,54.3,32.6,67.8,11.1,25.4,71.9,15.2,10.2,68.9,24.6,67.1,14.5,5.5,52.6,7.7,2.4,1
id_488,2020,Nevada,NV,24.38,27.64,25.38,22.6,49.12,10.47,0.97,9.97,29.46,0.48,0.48,0.95,0.07,0.84,0.91,0.76,1.86,15.4,18.3,22.7,29.1,29.4,35.8,48.8,31.5,44,26.5,33.6,19.2,9.2,36,75.5,27.7,89.1,76.2,75.9,69.6,6.5,11,28.2,39.9,50.5,58.7,70.2,55.1,36,87.3,82.8,32.1,29.4,53.5,47.7,75.1,59,62.6,61.5,32.2,44.3,58.9,28.4,67.1,62.1,62.8,59.9,45.2,36.2,24.9,51,22,32.1,28.1,63.7,35,49.3,21.8,60.7,12.9,31.4,63.3,19.2,16.7,62.6,19.2,67.2,14.1,3.1,49.6,7.4,3,1
id_489,2020,New Hampshire,NH,21.11,25.29,26.56,27.03,90.45,1.83,0.28,3.23,4.21,0.21,0.21,0.41,0.06,0.4,0.45,0.47,2.31,8.3,17.6,21.4,29.6,35.4,33.5,49.6,27.6,40,27.3,22.2,16.1,11.9,53.3,67.9,41.4,86.3,77,79.2,75.6,5.7,8.9,51.5,37.6,56.3,62.5,59,69,20.1,76.3,86.5,29.7,27.2,55.4,31.2,74,53,60.8,56.2,28.6,59.3,76.4,57.9,80.1,78,72.6,64.8,63,50.4,18.6,55.5,23.7,35.5,30.5,65.6,33.1,54.7,31.4,68.7,11.4,29,70.1,9.8,10.8,66.9,24.8,62.2,14.7,2,54.7,8.4,1.6,0
id_490,2020,New Jersey,NJ,24.12,25.56,26.7,23.62,54.82,13.51,0.2,10.37,21.11,1.32,1.38,2.7,0.24,2.44,2.68,2.59,2.42,11.1,16.3,18.3,24.2,27.5,29.9,46.9,31.3,40,22.3,23,15.2,8.6,48.8,73.2,31.9,76.9,78.5,79.6,69.9,4.4,6.6,33.5,34,44.7,52.8,53.1,56.8,30.8,72.5,86.6,32.7,28.7,58.4,56.5,65.2,42.2,59.1,53.4,18.6,52,67.5,29.2,68.6,63.3,66.9,62.7,55.8,44.2,20.2,49.1,21.6,29.6,27.7,64,34.2,42.6,27.5,67.8,10.8,30.2,66.7,14.6,10.8,65.2,21.4,48.6,11.1,1.6,62,6.9,2.3,0
id_491,2020,New Mexico,NM,25.06,26.72,23.24,24.98,37.2,2.31,8.98,1.85,49.66,0.32,0.32,0.64,0.08,0.59,0.67,0.62,1.59,23.2,15.6,23,25.7,33.9,42.4,52.1,36.5,46.9,26.7,27.1,18.2,10.1,48.3,67.2,33.8,84,74.2,75.3,65.9,4.3,7.6,32.4,31.4,50.9,64,59.1,57.1,20.8,80.5,79,29.4,28.4,56.9,42.6,72,54.3,48.1,58,24.2,53.3,76.5,33.4,80,69.5,65.3,56.6,55.1,43.7,22.5,54.5,24,34.5,31.7,68.2,29.5,51.2,25.3,63.3,13.2,31.8,65.5,14.6,13.8,67.3,23.3,58.5,16.9,3.8,57.6,7.1,2.5,2
id_492,2020,New York,NY,23.1,27.66,25.3,23.93,55.86,15.07,0.37,9.37,19.34,2.85,3.02,5.87,0.55,5.49,6.04,5.4,2.38,14.9,15.5,18.7,26.5,28.2,37.1,46.4,31.8,42.2,31.8,26.1,11,9.5,48.5,70.7,34.9,75.7,81.7,80.3,75.2,4.4,7.6,30.7,33.1,49.5,59.7,60.9,55.1,31.8,77.5,86.7,31.9,28,58.7,39.1,69.8,35.8,58.6,56.5,28.1,52.4,70.8,39.2,68.7,67.4,75.1,64.9,55.8,45.5,25.2,48.4,20.9,29.3,26.5,63.1,34.4,46.3,29.9,66.3,12.3,35.3,65.2,12.7,11.8,65.4,22.8,59,12.3,2.2,59.4,6.7,2.6,1
id_493,2020,North Carolina,NC,24.48,26.5,25.57,23.44,63.31,22.11,1.17,3.48,9.93,1.56,1.65,3.22,0.39,2.96,3.35,3.14,1.76,16,15.2,22.6,28.8,30.6,40.1,50.4,35.3,46.7,25.2,25.6,21.8,7.9,49,76.2,32.5,81.2,79.9,82,73.7,5.7,9.7,35.5,45.9,54.3,64,56.7,63.4,45.4,84.5,85.4,32.4,32.3,63.2,40.3,80.5,55,55,59.6,30.3,49.3,76.6,39.7,77.5,74.7,75,64.8,61.2,47.4,21.9,48.9,19.8,28.5,33.6,68.9,29.5,57.6,29.8,65.7,16.4,39.9,64.1,19.3,13.5,65.8,18.6,68.8,17,4,53.3,5.9,2.6,2
id_494,2020,North Dakota,ND,26.45,29.71,21.63,22.21,84.5,3.77,5.51,1.87,4.35,0.12,0.11,0.23,0.03,0.23,0.26,0.23,2.08,11,21.6,21.3,28.4,33.7,63.6,42.6,22.1,37,28.5,22.2,12.3,8.8,58.1,73.3,41.3,84.5,78.5,75.9,70.3,5.4,7.3,43.7,40.3,52.5,57.2,71.5,70.9,26.4,79.5,81.3,28.7,28.8,61.4,34,69.3,52.3,53.9,63.7,43.2,56,74.9,42.2,78.4,77.2,75.1,67.3,69,49.8,24.6,46.1,17.6,26.4,33.6,71.2,27.6,51.6,29.4,66.4,12.3,31.7,70,10.3,11.6,67.3,22.9,64.1,17.9,6.6,49.3,8.2,2.7,1
id_495,2020,Ohio,OH,24.53,25.96,24.76,24.75,79.07,13.7,0.26,2.8,4.17,1.74,1.81,3.55,0.31,3.42,3.73,3.39,1.8,15.7,17.5,25.3,31,39.5,45.2,47,31.1,43.1,29.2,28.1,15.5,10,43.8,69.4,38.1,84.5,77.4,77.9,71.8,7.1,11.5,50.1,44.6,54.4,60.1,58.5,64.9,48.3,81.7,83.2,30.4,31.4,60.1,42.1,70.7,60.7,57.6,63.5,31.6,55,71.1,51.1,78.9,69.7,68.5,62.8,57.4,42.9,23.5,48.9,19.6,30.6,35.8,68.7,29.5,49.1,25.9,65.2,16.1,35.1,65.7,11.7,14.5,61.8,24.4,63.3,20.2,4.5,52.7,6.6,3.1,2
id_496,2020,Oklahoma,OK,26.59,27.32,23.57,22.52,67.61,8.56,9.7,2.76,11.37,0.6,0.61,1.21,0.15,1.09,1.24,1.13,1.71,17,12.4,24.1,30,37.8,56.3,53.3,34.2,49,33.6,33.3,15.7,11,47.8,71.1,38.2,85.3,71.2,73.1,63.5,7.9,12.7,41.1,46,60.3,68.2,55.2,63.3,41.8,89,80.6,33.3,35.5,62.9,49.2,73.4,57,60,68.2,32.3,49.3,74.7,35,83,64,67.3,53.9,48.4,45.3,27.9,42.7,16.1,25,37.1,69.9,28,52.4,23.2,59.7,19.7,39.4,59.5,19.7,17.3,64.3,26.1,69.4,19.6,7.2,55.5,4.9,3.6,2
id_497,2020,Oregon,OR,22.58,27.62,24.8,25.01,76.63,2.59,1.36,5.75,13.67,0.64,0.65,1.29,0.1,1.19,1.29,1.44,1.92,16.8,17.5,20.6,26.4,30.1,40.9,53.1,26.2,43.1,25.2,28.2,17.9,10.7,50.1,74.1,45.3,90.8,78.7,78,72.6,5.1,9.1,37.8,35.1,56.8,68.4,49.1,65,34.1,84.7,82.4,29,28,53.1,36.9,62.3,62.5,53.4,57.9,34.3,50.7,67.4,44.3,76.8,75.3,66.3,55.2,68,44.3,17.6,59,23.7,38.1,28.3,64,33.9,50.7,28.9,67.9,11.8,28.4,69.1,11.5,12.7,68.4,24.6,74.7,13.6,3.9,49.4,8.3,2,0
id_498,2020,Pennsylvania,PA,23.1,25.77,24.96,26.17,76.18,11.58,0.18,3.97,8.08,1.9,1.98,3.88,0.38,3.71,4.09,3.82,2.05,14.5,18.5,24.6,31.6,30.1,49.2,45.8,29.3,38.6,27.7,24.9,12.5,10.5,51.9,73.7,41.5,78,80.6,79.1,75.6,6.4,9.9,45.5,37.9,50.9,59.8,58.9,64.9,23.3,88.7,84,29.8,29.6,59.8,49.4,75.4,52.4,52.5,61.1,34.8,64.7,71.6,49.4,80.4,74.7,72.8,66.6,62.1,47.7,23.4,50.3,20.4,30.6,31.6,66.6,31.9,51.5,31.4,67.7,14.8,36.8,67.5,10.5,13.1,60.7,26.4,59.3,16.7,4.4,55.7,8,2.6,1
id_499,2020,Rhode Island,RI,22.25,27.37,25.24,25.14,72.03,6.99,0.49,3.79,16.69,0.16,0.16,0.32,0.03,0.31,0.34,0.31,2.01,14.8,16.3,21.5,26.2,31.5,31,46,32.1,41.2,25.7,22.5,14.8,12.2,54.3,75.1,40.4,84.9,83.9,80.2,79,6.2,10.1,56.9,35.5,55,62.2,62.6,63.3,18.5,86.8,87.8,30.8,30.5,61.8,58.7,73.9,49.6,60.7,59.8,26,57.5,69.4,38.7,80.2,73.4,75.6,66.2,70,52.8,22.9,49.7,20.6,29.9,30.6,64.6,33.7,54.8,38.4,73.7,12,29.1,68.6,8.7,11.8,64.9,27.2,64.9,14.1,0.8,58.6,6,2.4,1
id_500,2020,South Carolina,SC,24.01,25.81,24.85,25.34,64.43,26.98,0.4,2.05,6.13,0.77,0.82,1.58,0.21,1.46,1.67,1.44,1.66,18.4,17.1,27.2,33.9,40.8,42.4,49.2,36.3,45.2,30.3,31.6,14.1,9.4,41.3,65.7,33.3,81.6,78.6,78.6,74.6,7.2,11,39.5,39.3,54.3,64.4,61.8,67.8,19.2,81.4,84.9,33.3,34.9,66,27.5,71.6,55,56.3,66.2,31.9,36.3,72.8,34.1,79.9,69.4,71.1,56.1,68,40.9,25.6,48.5,20.2,30,36.7,69,28.9,52,25.7,67.7,16.6,36.2,63.6,18.2,15.9,63.1,25.6,68.1,19.1,3.9,56.7,8.2,3.2,2
id_501,2020,South Dakota,SD,27.1,25.96,22.63,24.31,82.28,2.8,8.67,1.82,4.44,0.14,0.13,0.27,0.03,0.25,0.28,0.28,2.03,12.4,19.3,22.3,28.2,32.9,36.6,47.4,24.1,42,22.2,22.2,17.8,8,59.7,79.2,42.1,87.2,80.2,80.1,73.6,5.7,8.2,56.4,44.1,52.5,66.5,58.4,60.5,42.3,81.3,80.2,27.8,28.8,58.4,72.2,74.1,60.2,53.9,59.4,22.8,69.1,79.9,35.1,77.2,67.4,59.4,68.3,66.9,53.1,21.6,50.8,19.6,31.1,33.4,69.6,29.1,55.5,30.8,69.4,13.8,32.6,67.4,12.9,10.4,68.6,20.4,67.8,19,6,53.1,6.6,2.1,0
id_502,2020,Tennessee,TN,24.36,26.79,25.3,23.54,74.39,17.29,0.31,2.13,5.87,1.02,1.07,2.09,0.21,1.95,2.16,2.27,1.77,16.1,15.3,26.7,32.7,40.3,48.8,51.9,38.2,50.6,29.9,27.6,13.8,10.3,41.6,65.7,30.3,83.3,76.2,78.2,72.5,8.6,14.5,43.9,45,55.5,65.5,46.1,61,29.3,82.6,86.4,33.2,36.1,64.2,36,66.2,49,58.6,69.4,36.7,35.6,62,33.1,76.7,67.3,72,58.9,51.7,40.4,23.6,44.4,17.5,26.7,35.8,69.8,28.6,46.2,24.1,59.6,19.5,39.1,63.8,16.4,15.7,63.7,23.6,68.1,19.7,6.7,49.9,5.9,3,2
id_503,2020,Texas,TX,28.07,28.75,24.58,18.59,41.67,12.6,0.37,5.54,39.82,4.43,4.49,8.91,0.78,7.47,8.25,10.11,1.88,16.5,16.8,20.2,25.4,29.3,28.7,49,33,44.2,34.2,31.3,15.4,7.4,52.8,74,38.1,78,77.2,74.9,65.2,4.9,8.2,32.7,38.7,47.8,61.7,59,70.4,56.1,82.5,82.1,33.3,31.3,58.8,48.9,75.8,49.1,55.9,57.1,23.3,45.5,67.7,33.2,76.2,63.8,58.8,57.1,38.8,42.8,25.4,44.3,19.4,25.6,35.8,70.2,28,51.2,25.7,57.3,13.7,32.5,66.5,29,15.7,64.9,21,61.1,13.3,3.3,55,6.7,2.6,2
id_504,2020,Utah,UT,31.59,30.11,21.94,16.36,78.91,1.53,1.03,4.01,14.51,0.5,0.49,0.99,0.07,0.75,0.82,1.11,1.76,11,11,21.9,28.3,33.9,41.8,47.3,23.4,37.6,21.4,26.8,15.4,10.8,52.3,69.6,38.3,88.9,70.4,71.6,72.5,4.3,6.7,21.4,18.6,55,63.9,59.2,67.3,23.6,85.1,80.5,29.4,26.2,51.6,58.3,76.1,61.2,52.7,52.8,29.8,52.9,75.5,34.2,84.7,67.8,67.6,59.1,63.5,48.3,16.3,55.1,23.3,33.6,29.3,63.7,34,51.4,28.2,73.1,10.2,24.1,69.5,13.7,10.9,66.6,26.2,68,8.3,2.6,55.2,4.4,2.7,0
id_505,2020,Vermont,VT,21.36,25.19,25.19,28.26,93.59,1.72,0.43,2.12,2.14,0.09,0.1,0.19,0.04,0.19,0.24,0.21,1.97,10.9,19.4,22.5,31,36.3,45.6,47.5,23.3,39,28.5,24.1,15.5,11.5,57.7,75.6,42.6,85.1,73.9,75.4,75.8,5.2,8.2,53.5,37.9,51.9,61.7,61.4,62.1,42,84.2,84,26.9,26.8,53.2,45.1,66.2,48.4,53.5,54.2,40.1,62.9,75.7,55.4,87.1,75,75.2,66.2,60.2,51,17.1,59.6,24.3,39.5,26.3,61.8,36.7,50.7,30.9,68,17,34.6,71,8.6,10.6,69.5,35.1,67.7,14.4,2.9,52.6,10.2,1.8,0
id_506,2020,Virginia,VA,24.34,27.41,25.69,22.56,62.13,20.04,0.3,7.57,9.96,1.28,1.32,2.61,0.21,2.36,2.58,2.52,2.09,12,15.5,22.4,29.8,37.3,44.3,47.9,29,40.5,23.9,25.2,16.8,8.4,47.8,75.9,39,83.4,78.9,80,74.1,5.3,8.5,39.6,37.5,48.7,57.8,59.7,58.1,30.1,84.5,86.2,32.2,31.2,60.5,53.6,68.9,44.7,59.1,64.3,29.7,42.6,68.1,33.1,80.9,74.9,67.4,58.1,67.8,49.3,20.4,50.7,22.3,30.7,32.4,67.4,30.8,52.3,31.5,69.7,11.3,29.8,69.6,14,12.4,63.4,23.6,56.8,13.9,3.5,57.8,5.8,2.5,1
id_507,2020,Washington,WA,23.91,29.06,24.64,22.38,68.93,5.05,1.48,11.19,13.36,1.17,1.17,2.34,0.16,2.12,2.28,2.8,2.31,13.4,16.3,21.5,27.3,34.1,46.1,51.5,23.4,42.4,23.6,25.2,16,9.6,51.6,76.1,40.2,89.5,74.3,73,72.3,4.9,7.8,33,33.8,56.8,67.2,58.2,64.4,26.3,81.8,82,30.1,28.3,52,39.7,70.1,65.2,52.3,56.2,37.6,61.4,78.9,41.2,82.4,70.5,71.3,62.8,60.6,48.7,17.5,57.4,23.4,36.6,28,63.5,34.3,55.5,30,69.2,10.3,26.2,71.9,11.4,11.8,67.8,29,67.8,11.6,2.7,53.8,7.2,2.5,0
id_508,2020,West Virginia,WV,22.33,24.03,25.54,28.1,92.91,4.11,0.22,0.96,1.79,0.27,0.27,0.54,0.08,0.53,0.61,0.49,1.54,18.5,12.7,32.8,37.5,39.5,53.8,53.7,36.2,50.6,33.2,33.9,11.6,12.5,43.7,65.9,44.1,87.4,77,79,67.9,11.9,18.4,48.4,47.1,59.2,66.8,55.9,65.5,43.5,83.4,85.1,34,37.8,64.6,44.8,68.8,53.5,59.9,68.8,41.6,51.1,69.7,47.4,83.1,64,70.7,58.7,54.1,43.4,27.4,48.5,15.4,31.9,39.6,70.5,27.4,53.4,23.4,58.1,23.1,50.2,55,10.6,20,57.2,27.7,68.2,24,9.1,49.4,4.8,3.8,2
id_509,2020,Wisconsin,WI,24.2,25.81,25.06,24.92,81.39,7.03,0.99,3.29,7.3,0.88,0.89,1.77,0.21,1.73,1.94,2.14,1.89,11.7,24.3,22.3,27.8,34.5,29.7,49.2,27.6,43.4,26,27.3,16.1,10.3,48,70.5,35.8,92.7,80.4,78.1,66.7,4.7,7.7,40.2,41.8,50.6,61,48,57.1,46.6,72.9,82.9,30.3,28,56.9,37.7,62.6,61.7,56.8,59.8,33.7,55.8,75.2,36.5,83.6,90.3,74.3,73.9,76.9,47,19.8,55,21.2,33.7,32.7,68.1,30.4,46.4,25.6,71.3,11.8,32.6,73,9.5,12.4,67,24.6,70.8,16.1,4.1,51.3,10.5,2.6,0
id_510,2020,Wyoming,WY,25.31,26.44,23.47,24.79,84.72,1.44,2.28,1.2,10.35,0.09,0.09,0.18,0.03,0.17,0.19,0.2,2.23,10.3,17.6,21,28.2,35.5,40.6,44.3,23.2,38.6,24.8,35.7,14.8,10.3,36.7,71.3,34.2,90.7,65.3,72.6,61.3,5.5,8.9,34.7,38.5,47.2,63.3,55,64,32.8,77.1,81.2,28.1,27.9,53.4,27.2,64.1,54.1,52.7,56.4,32.4,60.7,65.7,59.4,81.8,66.2,66.2,56.4,73,39.6,21.6,54.1,22.9,35.1,30.6,67.2,31.5,43.6,21.6,65.5,16.6,31.7,67.5,18.4,11.5,65.7,25.9,56.5,19.4,9.5,51,6.7,2.1,0
id_511,2021,Alabama,AL,24.44,25.9,24.84,24.82,65.91,27.07,0.62,1.68,4.71,0.72,0.77,1.49,0.19,1.43,1.63,1.38,1.57,18,13.6,29.6,37,39.6,44.1,47.8,32.2,38.3,37.6,35.7,20.5,10,36.7,65.2,26,74.4,79.2,80.8,68.1,8.6,12.6,43.7,39,55.3,66.3,48.6,56.7,19.1,77.8,88.4,33.8,39.4,69,44.5,72,57.2,47.2,73.9,33.3,44.3,67.5,29.9,77.3,65.3,69.8,59.5,53.8,38.6,29.9,44.5,17,26.3,40.6,71.8,26.5,45.2,20.3,60.6,21.2,47,56.4,13.4,17.8,59.4,21.9,66,17.9,5.8,63.2,5.3,3.5,2
id_512,2021,Alaska,AK,26.51,30.01,23.6,19.88,62.9,4.36,16.6,8.8,7.34,0.12,0.11,0.22,0.04,0.19,0.23,0.22,2.06,10.9,17.7,22.9,26.8,54.1,50.4,50.3,22.6,44.8,21.2,31.7,18.6,8.9,45.9,57.3,35.2,79.7,69.4,77.2,61.6,5.5,9.1,36.1,37.6,50.4,63.8,52.3,54.1,25.2,73.4,83.3,28.4,29.9,51.4,35.7,63.7,58.3,43.4,60.3,32.7,38.9,61.6,45,77,61.1,67.9,50.1,61.9,41.3,20,57,24.4,37.2,33.4,67.7,31,38.2,19.1,65.8,15.2,33.1,65,10.8,14.3,64.2,20.2,63.2,17.2,6,59.1,8.6,2.4,0
id_513,2021,Arizona,AZ,24.45,27.03,23.47,25.04,54.64,5.26,3.99,4.06,32.06,1.13,1.15,2.28,0.26,1.94,2.2,2.31,1.77,17.6,17.1,21.5,27.1,30.1,44.4,39.2,27.9,36.8,32,29.7,15.6,9.5,36.6,66.8,34.7,82.3,74.6,78.2,62.2,5.1,7.6,29.9,31.8,53,64.6,48.3,55.4,24,81.2,88.8,30.8,28,55.4,31.6,68,55.7,65.1,61.9,35.4,33.6,67.3,32.2,73,65.3,54.7,60,56.6,37.9,22.1,52.7,22.8,33,31.8,68.2,29.6,41.6,18.9,60.5,12.9,32,64.4,12.9,15.7,64.1,22.1,63.2,13.5,2.8,58.9,6.4,3.5,1
id_514,2021,Arkansas,AR,25.46,26.04,24.14,24.36,72.66,15.98,0.87,2.28,8.22,0.45,0.47,0.92,0.12,0.85,0.97,0.85,1.62,19.3,13.9,28.8,33.4,38.3,66.2,50.9,33.9,45.6,33.2,36.4,18.4,9.1,36.5,64.1,32.9,82.8,70.8,78.3,62.2,8.7,13.7,47.6,52,58.7,68.2,52.2,64.5,36.2,81.5,87.3,31.8,37.6,65.6,38.7,62.9,50.2,46.3,64.7,25.9,55,70.6,54.3,75.1,67.3,75.1,54,53.5,40,29.5,44.4,16.4,28,39.3,70.8,27.4,40.3,20.2,56.4,22.8,46.2,55.7,11.1,20.4,61.5,21.7,66.3,21.9,4.4,59.7,6.4,3.2,1
id_515,2021,California,CA,24.64,28.83,25.02,21.51,36.92,6.23,0.52,16.5,39.83,5.91,5.97,11.89,0.64,9.6,10.23,10.37,2.42,15.2,15.5,18.7,25,21.5,37.3,45.6,25.8,44.8,22.5,26.5,20.2,8.8,39.1,68.4,34.7,74.8,80.8,82,66.1,4.4,6.1,20.3,28,47.3,61.8,55,52.7,39.6,83,91.1,31,26.3,54.8,46.9,61.2,58.9,52.8,50.1,23.8,39.1,62.1,32.8,66.5,61.2,69.6,57.2,59.4,42.5,19.9,56.1,23.3,34.5,27.8,64,33.8,43.1,22.6,66,8.9,27.8,66,10.3,15.8,64.4,24.1,59.8,8.8,1.8,60,6.1,2.3,1
id_516,2021,Colorado,CO,23.72,29.99,24.7,21.59,68.43,4.77,0.76,3.96,22.08,0.89,0.88,1.77,0.16,1.62,1.78,1.99,2.26,11.4,19.4,22.3,30.2,36.8,38,43.7,24.3,41.3,18.5,27.3,14.1,10.4,52.7,76.3,38.9,88.7,72.6,80.7,67,4.8,7.3,34.8,34.9,54.6,64.4,57.5,68.3,36.3,86.6,87.5,28.3,24.7,52.8,47.2,74.9,58.9,52.2,52.3,38.4,46.3,76.6,33.7,79.9,71.8,69.3,57,58.3,48.1,16.5,59.4,26.2,37.7,25.1,60.3,37.4,50.1,25,66.7,10.9,28.4,69.9,12.1,12.8,69.6,29.2,67.9,12.1,3.5,60.4,7.4,2.4,0
id_517,2021,Connecticut,CT,22.76,25.6,25.93,25.71,65.6,11.31,0.27,5.2,17.61,0.52,0.55,1.07,0.08,1.01,1.09,1.13,2.55,10.5,14.8,21.3,30.1,27.4,39.2,40.4,29.7,36.1,26,23,12.6,10.7,52.4,64.7,30.2,86,83.5,86,73.6,4.5,7.5,30.9,32.9,47.1,57.2,61.8,51.7,34,80.9,91.8,30.9,28.2,62.1,48.5,72.6,45.2,50.2,65.2,20.4,38.9,73.3,25.4,78.2,70,67.7,64,71.1,48.3,22.3,52.3,22.6,31.3,30.6,65.5,31.7,46,29,75.3,10.7,31,68.6,7.6,11.8,63.7,22.9,68,11.5,0.8,64.6,5.5,2.1,1
id_518,2021,Delaware,DE,23.07,24.92,24.14,27.87,61.82,23.4,0.35,4.41,10.03,0.15,0.16,0.3,0.04,0.28,0.32,0.3,1.85,12.9,14,23.6,32.4,23.3,48.5,42.9,30,43.4,27.7,27.9,13.2,10.2,47.7,77.7,28.5,85.7,82.6,83.3,70.9,5.3,8.7,36.6,38.4,47,58.2,54.7,60.4,43.1,79.7,91.2,32.2,32,59.2,40.8,69.4,47.3,51.2,60.7,21.3,58.8,74.5,24.6,78.9,64.7,52.9,61.1,60.2,45.8,26.2,48.9,21.4,30,33.8,67.8,30.3,47.1,26.8,66.2,16,38.8,64.6,10.1,14,61.3,19.1,75,14.3,2.2,50.4,5.1,3.3,1
id_519,2021,District of Columbia,DC,21.14,39.23,22.21,17.41,38.78,44.57,0.25,4.91,11.49,0.1,0.11,0.22,0.03,0.22,0.25,0.42,3.06,17.5,20.6,19.1,26.5,22.7,47.9,41.3,34.3,29,20.8,30.7,18.7,11.8,50.4,71.7,24.2,79.1,82.2,84,70.1,4.8,7.4,24.8,28.3,48.3,60.5,66,55.5,34.7,89.1,92.7,30.5,29.7,53.3,60.4,64.8,52.5,53.2,54.4,19.5,56.7,64.9,23.7,75.9,56.4,72.4,58.2,63.8,52.2,16.4,56.1,25,34.6,25.2,55.7,42.8,41.9,26.6,72,12.4,36,69.1,3.5,13.9,64.6,15.7,64.6,9.5,1.5,67.6,8.1,2.2,0
id_520,2021,Florida,FL,21.56,24.9,25.04,28.51,53.66,16.05,0.28,3.26,26.75,3.25,3.4,6.65,0.93,6.11,7.04,5.63,1.98,15.9,17.1,22,28.4,34.1,40.9,54.7,38.6,47.6,31.4,35.2,19.9,7.7,33.2,62.3,35.7,81.1,78.7,79.4,66.4,6.7,10.1,38.6,37.6,56.2,67.3,43.9,58.8,35.6,74.5,84.7,32.2,29.9,58.9,29.9,59,53,57.3,58.8,29.6,35.2,58.7,34.4,71.1,60.4,66.8,59.3,53.4,30.4,25.9,51.1,22.7,32.2,27.2,63,35,40.5,16.9,61.7,14,36,60.8,24.2,17.9,61.9,21.6,55.9,17,2.9,64,7.1,3,1
id_521,2021,Georgia,GA,25.79,27.44,25.72,21.04,52.05,32.75,0.27,4.8,10.14,1.58,1.68,3.26,0.27,2.87,3.14,2.85,1.76,18.1,15.1,23.3,29.4,35.4,41.7,49.6,38.8,49.3,27.9,32.6,15.7,9.5,38.9,65.1,34.7,79.7,79.6,81.9,66.3,6.2,9.4,37.5,34.4,50.9,61.9,46.1,58.4,33,78.5,90,33.1,34.8,66.3,22.6,62.6,55.5,57.5,68.7,31.3,41.9,66.9,36.1,74.6,62.2,74.8,58.9,54.9,36.4,23.1,48.3,21.1,29.5,34.2,68.3,29.7,43.1,20,62.1,18.8,42.9,62.1,17.3,17.6,60.6,15.7,61.9,15.6,3.4,60.3,6.5,3.9,2
id_522,2021,Hawaii,HI,22.94,26.6,24,26.45,21.78,2.65,0.25,64.75,10.57,0.21,0.21,0.42,0.05,0.35,0.4,0.4,1.93,8.3,18.1,18,24.2,23.8,33.6,34.5,21,34.7,23,18.9,16.8,8.1,43.4,71.9,28.2,72.4,84.1,80.5,70.4,3,5.1,19.5,29.6,39.3,49.1,54.8,48,28.7,57.8,83.2,29.7,26.4,59.8,51.6,68.1,52.9,64,71.7,15,46.9,73.1,25.5,68.4,74.3,75.6,65.8,65.9,44.7,19.3,56.6,25,36.3,25.9,60.7,37,40.7,26.6,72.3,6.3,23.7,65.4,3.5,11.2,55.8,16.9,47.7,10.4,2.1,46.6,7.4,2.4,0
id_523,2021,Idaho,ID,26.9,26.33,23.4,23.37,82.61,1.11,1.24,1.94,13.1,0.28,0.28,0.56,0.05,0.49,0.54,0.57,1.7,13.8,15,22.8,27.5,30.3,42.7,40.1,23,40.4,24.7,22.3,17.7,9.7,36.1,70.8,31.7,83.7,67.7,73.3,61.3,5.2,8.5,32.8,41.2,55.6,66.8,53.9,64.7,28.3,78.7,83.1,28.2,28.2,55.5,34,65.7,55.7,51.3,53.7,38.5,41.7,66.9,43.6,75.3,67.6,51.7,47.3,53.8,39.3,20,55.2,21.8,35.6,32.1,67.8,30.5,41.3,18.2,65.4,14.8,33.2,66.8,9.7,13,66.8,19.7,59.1,13.8,4.7,56.8,7,2.7,0
id_524,2021,Illinois,IL,24.39,26.89,25.19,23.53,60.91,14.75,0.21,6.28,17.85,1.86,1.92,3.78,0.3,3.55,3.85,3.74,2.11,13.6,16,19.4,24.7,35.5,62.7,37.8,27.2,43.7,28.4,29.4,16.5,8.8,44.3,81.2,38.8,85.2,78.3,80.7,63.6,4.9,8.2,39.8,27.4,42.9,56.5,58.2,66.5,40.5,76,87.6,27.9,27.5,62.3,42.6,72,42,39.3,51.3,25.9,51.1,76.7,25.4,74.9,65.6,55.7,52.4,57.2,48,26.4,50.8,21.7,30.5,34.3,68.1,30.2,41.2,21.4,66.4,14.8,36.9,66.5,7.9,14.4,64.7,21.8,59.1,12.6,2.5,54.5,5.1,2.2,1
id_525,2021,Indiana,IN,25.7,26.58,24.41,23.31,78.62,10.6,0.29,2.89,7.6,1.01,1.04,2.05,0.18,1.9,2.08,2.34,1.79,15.4,16.6,25.8,32.6,34.6,41.3,44.4,29.4,47.8,32.8,29.7,13.2,10.4,40.6,70,34.1,86.2,72.8,78.1,63.9,7.8,12.1,42.4,44.1,56.4,64.5,57.6,64.3,43.4,81,86.6,30.3,31.9,63.5,42.1,69.4,55,55.3,58.7,36.4,38.1,71.1,33,79,71.2,64.6,55.5,55.4,41.3,25.1,45.1,17.5,26.9,36.7,69.8,28.5,41.6,19.1,62.5,19,40.3,61.2,9.3,16.1,60.8,20.5,68.3,18,3.9,51,6.2,3.3,1
id_526,2021,Iowa,IA,25.57,26.03,23.51,24.88,85.14,4.78,0.34,3.05,6.68,0.48,0.48,0.96,0.09,0.92,1,1.19,1.82,11,21.7,23.3,28.9,30.2,63.3,35.2,20.8,35.5,26,20.1,14,9.3,49.8,77.2,44.7,87.5,79.7,82.7,68,5.9,9.5,40.1,45.7,52.5,63,60.4,64.4,46.7,79,84.2,28.9,28.6,59.5,36.4,75.5,52.7,53.7,60.3,29.2,52.7,80.9,41.9,81,77.6,66.5,63.9,62.2,48.4,23.8,48.2,19.1,27.8,36.9,71,27.4,49.6,28.5,70.1,14.4,34.5,69.2,7.5,12.5,66.6,25.3,64.2,15.5,4.5,55.4,7.4,2.2,0
id_527,2021,Kansas,KS,26.44,26.83,23.2,23.53,76.22,6.7,0.99,3.49,12.61,0.44,0.44,0.88,0.09,0.82,0.91,1.01,1.84,12.3,18.8,24.5,30.8,37.4,36,40.6,25.9,36.7,30.3,25.8,14.3,10.7,45.3,74.3,38.3,82.4,75.3,80.8,65.1,5.8,9.5,37.6,43.9,51.5,63.8,54.8,64.7,40.1,83.2,85.5,33.2,32,63,43.9,72.4,48.2,57.1,59.2,36.1,46.4,73.6,40.2,80.9,69.8,66,55.1,56.7,44.9,22.8,49.1,19.2,29.5,36.7,70.9,27.8,45.9,22.6,67.1,15.4,33.6,66.8,11.3,14.2,65.7,23.7,64.9,16.4,5.4,57.1,6.3,2.4,1
id_528,2021,Kentucky,KY,24.77,25.97,25.04,24.21,84.77,9.04,0.22,1.88,4.09,0.67,0.69,1.36,0.14,1.28,1.42,1.26,1.62,18.4,13.8,28.3,34.4,42.5,53.1,47.5,35.9,48.3,34.1,36.2,13.7,11.6,36.8,70,32.8,75.5,76.9,80.9,67.5,10.1,15.1,41.9,40.9,55.9,65.1,50.5,55.6,41.6,73.8,86.8,32.4,37.1,67.5,26.1,67.8,49.1,57.8,66.9,43.7,36.4,76,53,74.7,77.5,80,49.2,53.3,38.3,29.5,43.4,17.1,27.3,40.6,72.1,25.6,47.4,23.2,60.6,24,49.2,58.2,5.7,21.1,57.8,24.3,60.2,20.4,6.1,41.2,4.6,3.4,2
id_529,2021,Louisiana,LA,25.52,27.08,23.99,23.41,58.68,33.05,0.71,2.01,5.56,0.68,0.72,1.4,0.17,1.3,1.47,1.21,1.71,18.8,18.2,27.3,33.1,38.1,46,42.8,42.2,43.7,32.5,33.8,13.4,9.8,34.2,78.2,31.7,86.1,80.2,82.9,64.6,8.2,11.6,41.2,46,48.7,62.9,52.1,63.8,32.4,84.2,88.8,33.4,37.7,70.2,22,67.5,52.5,61.8,72.6,33.7,47.4,70.2,26.2,77.5,64.7,63.8,60,46.7,37,28.3,45.5,18.6,27.6,38.7,70.8,27.2,42.1,18.5,57.7,21.5,46.2,57,7.6,19.3,60.7,18.1,59.4,20.1,4.8,62.4,7.4,3.1,2
id_530,2021,Maine,ME,20.47,23.72,25.57,30.24,93.73,2.06,0.78,1.48,1.95,0.2,0.21,0.41,0.11,0.41,0.52,0.43,1.84,12.4,17.7,26.5,35,46.3,44.9,47.9,28,42.8,27.2,28,15,12.9,45.6,79,38.8,86.5,82,83.7,74.6,7.6,11.3,49.5,41.8,55.4,66,50,63.7,39,79.3,67.4,27.7,28.6,56.8,32.9,72,50.2,45.6,56.8,38.7,45.5,72,48.7,80.2,73.1,68.4,64.7,58.3,45.6,24.8,52.8,20.3,33.9,32.1,64.9,33.1,47,27.4,64.2,18.3,40.7,62,7.7,13.7,64.9,26.4,60.9,16.9,2.7,48.8,8.8,2.8,0
id_531,2021,Maryland,MD,24.39,26.4,25.91,23.29,50.17,31.19,0.3,7.27,11.07,0.89,0.94,1.83,0.15,1.65,1.8,2.01,2.17,8.9,14,22.3,28.4,28.5,35.6,41.6,29.9,35.1,30.4,26.3,11.2,9.4,45.5,74.4,32.1,85.1,82,84.2,71,4.4,6.9,31.7,30.1,46.1,54.5,56.4,60.9,33.1,83.1,91.6,33.3,31.5,61,39.5,73.7,51.1,53.9,56.8,26.4,44.1,80.6,32.1,83.3,70.4,76.1,63.1,61.9,47.4,21.2,50.7,22.5,29.3,34.2,67.8,30.7,47,27.4,68.6,12.1,35.2,65.9,9.4,13.1,60.5,23.6,68.8,10.2,1.4,61.7,5,2.6,1
id_532,2021,Massachusetts,MA,22.18,27.99,25.3,24.53,71.11,8.03,0.23,7.79,12.83,1.01,1.07,2.08,0.18,1.96,2.13,2.48,2.62,10.1,17.3,22.1,28.3,33.3,34,44.9,26.6,43.9,27.1,23.6,12.8,11.7,59.7,75.6,32.9,90.8,87.2,84.7,75.8,5.3,8.1,39.7,30.8,52.9,59.5,63.8,61,37.1,78.4,90.1,31,26.8,56.6,44.2,77.3,46.9,51.3,53.4,28.2,62,74.7,38.9,78,71.6,68.4,72.3,66.8,55.4,20.6,52.3,22.1,31.6,27.5,60.7,37.2,45.1,30.8,74.2,14.4,36.3,66.4,3.5,11.4,63.8,22.5,68.1,10.8,1.7,50.8,6.4,2.6,0
id_533,2021,Michigan,MI,23.69,25.95,24.66,25.69,75.46,14.63,0.72,3.65,5.54,1.48,1.53,3.01,0.36,2.87,3.24,2.95,1.78,14,17.4,26.5,33.5,32.7,48.9,45.7,30,44,28.4,27.6,14.1,11.8,43.9,71.7,39.8,85.6,80.2,83.3,71.1,7,10.4,38,39.9,51.5,60,56,65.8,35.6,77.2,89.4,31.6,32.1,61.6,40.9,70.3,54.6,66.9,69.3,37.9,46.2,72.2,42,74.4,69.8,63.9,58.2,63.1,44.8,22.2,51.3,20.4,31.9,34.6,68.4,29.4,43.8,22.9,68.8,13.3,34.5,65.3,6.4,15.2,59.7,29.4,66.5,17.9,2.8,61.8,6.7,2.9,1
id_534,2021,Minnesota,MN,25.33,26.48,24.31,23.88,79.44,7.92,1.21,5.66,5.77,0.86,0.86,1.72,0.16,1.61,1.77,2.18,2.1,10.2,19.2,20.4,26.7,29.3,45.4,41.5,22.6,35.4,23,26.5,17.3,8.9,52.9,75.2,37.8,87.5,81.6,83.3,71.9,4.2,6.6,37.3,41.6,48,60.9,58.8,56,32.5,80.7,87.3,26.2,26.9,58.3,51.3,69.4,64.6,45.4,47.1,34.6,53.5,78.8,41.1,80.2,78.3,75.5,64.6,64.5,48.1,19.6,53.9,22.2,32.3,32.4,66.9,31.5,48.1,29,72.6,10.5,27.6,72.3,6.4,11.7,67.7,25.8,65.7,13.9,3.5,41.9,7.2,2.5,0
id_535,2021,Mississippi,MS,25.78,25.95,24.46,23.8,56.77,38.07,0.53,1.23,3.4,0.43,0.46,0.89,0.11,0.82,0.94,0.68,1.46,22.7,13.5,27.8,33.2,43,64.8,43.7,45,44.7,31.6,41.3,9.9,9.9,33.2,68,24.7,71.2,71.6,81.9,60.8,8.4,11.6,43.8,45.4,52.9,66.9,49,52.7,25.3,71.5,86.9,32.8,40.7,70.1,29.6,63.7,42.8,46.9,71.1,35.1,35.8,63.3,23.3,68.3,66.4,69.2,59.6,51,35.3,30.2,40,16,23.5,39.4,72.9,25.2,44.9,17.5,56.5,23.8,51.7,51.4,13.5,20.9,61.7,15.4,60.7,20.3,6.2,56,6.3,2.4,2
id_536,2021,Missouri,MO,24.64,26.33,24.15,24.88,79.96,12.32,0.56,2.58,4.58,0.91,0.95,1.86,0.22,1.76,1.98,2,1.76,16.2,18.1,26.2,31.5,32.9,50.3,44.9,30.4,42.8,28,33.6,13.9,9.7,43.4,70.4,38.7,83.4,75.3,80.2,65.2,7.7,11.7,39.9,37.6,54.6,66.7,53.7,65.4,37.8,80.8,87,30.7,32.1,63.2,37.9,71.7,56.7,50.8,64.3,40.4,44.1,73.6,37,81.3,62.7,65.1,62.1,55.4,42.9,24.2,47.5,18.2,28.8,37.6,69.1,29.5,49.9,23,61.6,20.3,43.6,61.5,12.4,16.4,63.5,24.6,58.4,18.1,4.5,54.7,7,2.5,1
id_537,2021,Montana,MT,23.46,26.09,23.1,27.35,87.09,0.93,6.53,1.19,4.26,0.17,0.16,0.33,0.05,0.32,0.37,0.38,1.83,13.2,22.8,24.2,31.5,31.8,44.7,43.2,22.4,39.8,23.6,23.5,18.8,10,41.6,75.6,39.8,90.1,71.8,79.4,60.4,5,8.2,46.5,39.3,58.1,67.1,56.2,64.7,32.3,81.7,82.9,24.8,27.2,59.2,38.5,67.5,59.5,43.6,51.9,39.3,48.1,72.4,35,79,68,69,60.5,58.7,39.2,19.9,58.3,24.6,39.6,31.8,66.3,31.9,45.4,18.9,63.5,15.5,35.7,66,9.4,13.7,67.7,30.5,52.9,15.3,8.7,48.1,8.7,2.2,0
id_538,2021,Nebraska,NE,27.13,26.72,23.07,23.07,78.52,5.75,0.93,2.96,11.84,0.29,0.29,0.59,0.05,0.55,0.6,0.65,1.97,10.4,20.7,22.1,28.9,36.1,51.1,40.6,26.7,36,30.9,26.4,12.1,8.3,54,70.5,39,87.5,75.1,80.8,64.9,5.1,8,43.4,35.4,49.7,60.2,61,61.8,21.6,83.5,84.8,29.3,29.4,60.4,49.4,72.8,57.4,53.5,59.4,36.9,44.5,73.8,40.7,79.2,78.4,73.3,48.9,62.8,49.2,23.5,49.4,20.1,28.9,36.3,71.1,27.4,46.9,25.4,67.5,13,30.5,69.5,10.5,13.3,66.9,25.4,73.5,13.9,5.1,49.1,7.1,2.3,0
id_539,2021,Nevada,NV,24.09,27.59,25.25,23.07,48.51,10.61,0.97,10.15,29.75,0.48,0.48,0.96,0.07,0.85,0.91,0.78,1.92,14.7,13.6,21.5,28.5,37.5,52.3,43.3,29.6,46.2,31.6,30.5,21.5,9.2,36.5,64.3,31.2,77.1,73.6,77.2,61,6.1,9.9,37,37,50.5,58.7,45.6,53.9,36,80.2,86.6,32.1,29.9,54.7,43.1,62.4,59,58.3,66.7,32.7,34.7,58.5,28,62.5,62.1,62.8,59.9,54.1,36.1,23.4,51,22,32.1,31.5,67.1,30.9,40.9,16.5,61.3,14.7,37.1,61.5,14.5,17.8,61.2,11.6,60,15.3,2.5,45.1,5.2,3.3,1
id_540,2021,New Hampshire,NH,20.8,25.38,26.04,27.78,90.23,1.86,0.29,3.26,4.36,0.21,0.21,0.41,0.06,0.4,0.45,0.46,2.27,8.2,16,23.9,30.3,40.9,36.2,51.1,30.9,36.4,26.9,26.3,17.4,12.3,50,82.8,33.4,85.7,81.9,83.6,73.9,6.3,9.5,39,37,56.3,62.5,59,64,37.1,82.2,88.8,27.4,26.5,55.1,59.8,79.1,55.5,62.6,55.2,32.2,53.8,76.2,44.5,78.5,65.4,55.6,56.5,57.3,50.2,19.2,55.5,23.7,35.5,31.2,65.7,31.9,46.9,27.1,69.7,12.6,33.8,67.3,6.7,11.2,64.8,21.4,60.6,12.7,1.6,59.6,7.3,2.3,0
id_541,2021,New Jersey,NJ,23.99,25.51,26.4,24.1,54.32,13.56,0.2,10.47,21.45,1.31,1.37,2.68,0.24,2.44,2.68,2.64,2.39,11,15.6,20,27.2,27.9,32.2,36.4,27.5,40.5,29.2,23.3,15.2,9.1,52,70.6,31.6,77.3,79.2,82.2,65.1,4.8,7.7,30.2,28.5,44.7,52.8,61,54.1,37.8,70.4,92.1,33.2,27.6,61,48.2,67.1,42.2,56.2,54.6,26.8,44.5,68,20.9,73.6,63.3,66.9,62.7,67.5,44.1,23.4,49.1,21.6,29.6,28.3,65.1,33.2,42,22.8,70.6,11.7,33.6,64.6,11.4,14,60.8,24.9,57.2,10.8,1.7,62.9,5.4,2.4,0
id_542,2021,New Mexico,NM,24.73,26.71,23.04,25.52,36.95,2.35,8.97,1.9,49.83,0.32,0.32,0.64,0.08,0.59,0.67,0.61,1.61,22.7,14.7,22.4,26.5,25.4,47.3,51.8,38.6,47.3,26.9,33.2,18.7,10.6,44.4,73.4,42.4,87,72,78.8,60.2,4.8,8,47.3,30.6,50.9,64,55.8,58.8,43.1,81.3,83,30.4,30.2,59.8,42.3,74.5,45.3,52.5,57,35.1,38.1,74.2,36.2,74.2,60.4,50.6,48.2,58.1,41.8,22.2,54.5,24,34.5,35.4,70.4,27.7,42,19.8,62.3,15.4,36.2,63,10.1,18.1,65.7,23.3,60.5,14.2,3.5,60.6,5.1,3.4,2
id_543,2021,New York,NY,22.96,27.53,25.02,24.49,55.59,15.09,0.37,9.47,19.48,2.82,2.99,5.81,0.55,5.49,6.03,5.43,2.38,14.6,15.9,20.9,28.2,27.7,38.9,41.6,32.8,40,27.6,27,12.1,9.9,44,66.4,32.3,69.4,80.5,81.7,69.3,4.9,7.7,33,37.1,49.5,59.7,56.2,55.9,32,73.8,90.7,32.1,27.4,60.2,38,73.1,35.8,59.7,54,28.7,42.5,71,24.4,71.8,67.4,75.1,64.9,60.5,44.4,25.3,48.4,20.9,29.3,29,63.3,34.4,39.7,23.8,67.8,13.8,37.7,61.7,7.7,13.9,60.6,21,56.8,12.4,1.9,56.3,5.6,2.5,1
id_544,2021,North Carolina,NC,24.23,26.5,25.36,23.92,63.05,22.1,1.17,3.57,10.11,1.57,1.66,3.24,0.39,2.97,3.36,3.08,1.78,15.6,16.7,24.5,32.2,33.8,45.1,43.2,31.9,41.9,26.7,26.6,21.8,8.6,43.5,66.6,38.4,87.3,79.7,84.2,70.1,6.8,10.5,35,47.5,54.3,64,50.2,67.5,32.5,83.7,89,31.4,31.5,62.5,25.8,69.4,60.9,46.5,51,30.2,51.6,71.4,40.1,80.7,68.2,81.5,59.4,56.8,43.7,21.6,48.9,19.8,28.5,36.4,68.8,29.9,51.8,27.3,64.7,19,44.9,61.2,13.7,14.4,63.9,21.9,68.3,15,4,60.9,5.7,3.2,2
id_545,2021,North Dakota,ND,26.52,29.5,21.38,22.6,84.25,3.85,5.54,1.85,4.51,0.12,0.11,0.23,0.03,0.23,0.27,0.23,2.07,11.1,21.6,24.1,28.9,32.5,48.2,36.8,22.4,38.2,27.6,21.5,11.1,8.5,51.5,79.6,45.8,83.6,77.3,80.4,63.3,4.6,6.8,41.2,31.2,52.5,57.2,60,69.1,20.3,76.5,83.5,29,29.7,62.7,37.2,68.2,46.7,56.3,72.4,37.4,51.6,73.9,38.9,81.2,73.6,67,46.6,61.1,45.9,25.3,46.1,17.6,26.4,35.7,70.4,27.9,45.7,23.1,66.5,14.2,36.9,67.3,7.5,12.5,66.4,24.3,66.7,15.9,6.4,54.4,6.8,2.7,0
id_546,2021,Ohio,OH,24.35,25.96,24.47,25.22,78.82,13.77,0.26,2.86,4.29,1.73,1.8,3.54,0.3,3.42,3.72,3.33,1.79,15.2,18.5,27.1,33.9,39.2,67.7,43.2,31.8,43.7,31.1,31.2,16,10.7,42.6,72.5,37.6,84.8,77.8,81.7,65.9,7.8,11.7,46.2,44.1,54.4,60.1,52.4,67,50.4,78.6,86.9,30.1,32.3,60.6,32.4,66.9,51.5,55,65.8,35.9,44.2,71.4,48.1,79.5,62.4,70.9,65,59.3,41.5,24.7,48.9,19.6,30.6,37.9,70.8,27.7,44.1,21.9,66.8,17.9,40.6,63.6,8.3,15.9,59.2,28.9,62.1,18.8,4.2,58.1,6.5,3.1,1
id_547,2021,Oklahoma,OK,26.42,27.28,23.41,22.89,67.31,8.64,9.69,2.79,11.57,0.6,0.61,1.21,0.15,1.09,1.24,1.12,1.73,16.9,12.5,25.4,30.9,36.1,57.1,49.1,36,51.3,32.3,33,15.9,10.9,34.5,77.6,31.4,85,71.9,77.1,59.2,7.3,11.2,40.4,43.9,60.3,68.2,47.4,63.3,37.4,78.2,82.9,31.9,36.7,62.2,29.9,72.9,52.7,65.6,74,42.1,43.3,71,39.7,79,53.8,64,54.5,54.6,39,27.3,42.7,16.1,25,40,72.3,25.9,50.2,20.2,58.7,21.3,44,60,14.6,19.2,62.2,22.6,71.1,17.5,6.5,59.2,4,2.8,2
id_548,2021,Oregon,OR,22.3,27.55,24.74,25.42,76.29,2.63,1.36,5.83,13.89,0.64,0.65,1.29,0.1,1.19,1.29,1.44,1.94,16.4,17.1,22.3,29.5,30.2,36.3,49.9,28.4,46.3,24.3,25.3,23.2,11.3,48.1,71.4,41.5,91.7,76.2,80,67.9,5.3,8.8,31.3,33.5,56.8,68.4,55.6,69.8,45.8,82.3,84.3,27.2,27.7,51.3,58.3,71.9,62.5,50.7,48.1,28.7,39.3,74.8,39.3,83.3,75.3,66.3,55.2,60.2,44.2,19.6,59,23.7,38.1,30.6,64.8,33.3,42.9,21.8,66.8,13.8,31.8,67.3,8.2,14.2,65.5,28.3,71.6,12.7,4.1,54,8.8,2.7,0
id_549,2021,Pennsylvania,PA,22.95,25.78,24.63,26.63,75.82,11.63,0.19,4.06,8.3,1.89,1.97,3.86,0.38,3.7,4.07,3.81,2.01,14.4,16.7,24.7,31.9,31.1,48.3,43.6,30.8,36.9,31.2,25.6,11.9,10.7,45.9,83.1,37,82.3,78.3,80,68.7,6,9.2,36.6,36.6,50.9,59.8,58.2,61,58.8,80.6,87.8,28.8,29.6,59.5,54.6,73.8,56.4,50.9,54.9,24.5,40.7,76.4,36.9,71,73.9,71.9,71.2,58.3,46.8,23.1,50.3,20.4,30.6,33.3,65.4,33.3,46.8,25.8,67.7,16.5,40.1,63,6.9,14.7,59.8,21.9,63.3,14.9,3.8,60.5,6.7,2.7,1
id_550,2021,Rhode Island,RI,22.02,27.38,24.91,25.69,71.58,7.07,0.49,3.8,17.06,0.16,0.16,0.32,0.03,0.31,0.34,0.32,2,14.3,18.6,25.4,31,46.6,50.7,33.5,28.6,35.5,26.8,25.4,10.8,12.7,50.3,70.1,33.3,86.9,85.2,85,74.1,5.2,7.5,39.3,40.1,55,62.2,54.6,63.5,54.6,82.6,91.8,29.5,29.9,65,41.5,75.2,49.6,51.5,56.4,39.2,64.1,76.3,27.2,75.2,73.4,75.6,66.2,70.5,52.7,23.7,49.7,20.6,29.9,30.6,66.3,32,45.7,29.6,73.2,12.9,34.5,66.4,7,13.2,61.9,23.2,71.5,12.9,1.4,62,6.9,2.5,1
id_551,2021,South Carolina,SC,23.77,25.7,24.64,25.89,64.39,26.83,0.41,2.11,6.27,0.77,0.83,1.6,0.21,1.47,1.67,1.43,1.66,18.3,16.2,26.4,32.6,34.4,46.3,40.2,31.7,38.6,26.9,27,16.7,9.1,40,69.6,32.2,84.6,76.3,80.8,67.8,6.8,10.3,31,37.7,54.3,64.4,57,54.5,25.1,78.4,88.8,32,34.1,66.6,30.1,68.1,55,49.4,61.4,27.5,46.5,67.6,30.1,76,69.4,71.1,56.1,57.6,38.2,24,48.5,20.2,30,36.4,70.6,27.6,47,21.3,61.4,18.3,42.6,60.2,14.1,16.1,60.4,18.8,59,16.3,3.6,62.7,6.6,2.7,2
id_552,2021,South Dakota,SD,26.98,25.73,22.42,24.88,82.1,2.88,8.6,1.88,4.54,0.14,0.13,0.27,0.03,0.25,0.28,0.28,2.05,12.5,21.1,21.3,25.5,27.1,36.4,39,20.4,38.9,27.6,23.8,17.7,8.3,56.6,88.1,38.6,90.4,79.9,81.8,66.3,5.4,8.7,46.3,31.1,52.5,66.5,70.1,63.9,50.1,78.8,83.6,30.4,30.7,55.8,20.5,79.9,60.9,71.6,54.9,29.7,46.8,73,31.3,84.7,72.5,72.1,69.3,68.8,48.8,22.4,50.8,19.6,31.1,38.9,72.4,26.5,47.1,27.6,70,15.8,37.3,66.3,8.9,12.9,69.3,20.7,67.2,16.3,6.9,56.2,7.1,2.2,1
id_553,2021,Tennessee,TN,24.15,26.78,25.09,23.98,74.25,17.26,0.31,2.17,6.01,1.02,1.08,2.1,0.2,1.96,2.16,2.3,1.79,16.1,15.5,27.5,34.6,39.7,53,48.2,36.9,52.3,34.8,36.7,18.9,10.4,45.1,81.5,37.1,90.9,76.8,82.1,66,9.3,14.8,37.3,45.5,55.5,65.5,51,56,38,81.8,90.2,33.4,34.7,66,36.9,70.9,48.4,65,61.7,43.8,49.3,74.5,48.6,77.2,69.5,70,65.6,51.4,41.8,27.4,44.4,17.5,26.7,35.5,71.3,26.5,45,21.1,59.4,22.5,45.9,59.4,11.6,18.4,60.5,28.5,63.3,20.2,5.8,59.2,5.8,3.6,2
id_554,2021,Texas,TX,27.8,28.7,24.52,18.97,41.29,12.7,0.37,5.64,39.99,4.47,4.53,8.99,0.78,7.53,8.31,10.3,1.9,16.2,16.9,20.6,26.2,27.5,49.6,44,31.1,45.8,31.3,31.5,17.9,8.3,40.5,71.8,29.8,87.3,74.9,77.4,60.2,5.8,9.6,37.5,34.2,47.8,61.7,49.7,68.3,34.8,86.3,88.6,32.8,31.5,58.3,28.1,65.3,41.5,52.7,57.2,27.7,34.8,64.8,27.2,70.5,59.5,52.4,54.5,47.4,38.1,24.9,44.3,19.4,25.6,36.2,70,28.2,42,19.3,58.8,13.5,32.3,64.7,24,17.9,65,17.8,64.8,13.3,3.9,61.5,5.8,2.9,2
id_555,2021,Utah,UT,31.13,30.01,22.14,16.72,78.64,1.56,1.04,4.08,14.69,0.5,0.49,1,0.07,0.76,0.83,1.11,1.79,10.8,11.6,21.7,28,28.3,40.7,46.1,25,39.2,19.6,25.8,15.9,9.7,47,76.2,36,87.7,73,75.4,69.6,4.4,6.5,23.6,20.6,55,63.9,55,61.1,39.8,81.6,86.4,29.4,27.6,50.7,33.7,75.2,61.2,51.8,51.4,31.7,49.7,76.3,43.3,80.2,67.8,67.6,59.1,64.2,46.9,17.5,55.1,23.3,33.6,31.6,65.5,32.6,44,23.5,71.2,11.3,27,70,10.3,12.6,66.6,20.6,65.9,7.3,2.5,62.2,4,2.6,0
id_556,2021,Vermont,VT,21.13,25.2,24.78,28.89,93.45,1.76,0.44,2.16,2.2,0.09,0.1,0.19,0.04,0.19,0.24,0.21,1.92,10.7,19.2,24.4,32.7,35.7,48,45,18.1,33.6,19.9,26.6,15,12.1,49.1,82.2,37.7,87.7,77.6,82,70.8,5.7,9.2,51.6,47.7,51.9,61.7,58.9,72.2,30.4,82.3,86.9,26.4,26.2,50.8,57,74.9,48.4,49.2,55.6,52.3,52.8,75.7,36.2,82.9,75,75.2,66.2,61.1,51.4,16.4,59.6,24.3,39.5,29.4,60.8,36.8,45.8,26.5,70.8,16.7,37.2,68.2,6.2,11.3,67.4,22.8,63.6,16.1,2.8,46.6,9.3,1.7,0
id_557,2021,Virginia,VA,24.19,27.32,25.46,23.03,61.78,20.08,0.31,7.68,10.15,1.28,1.32,2.61,0.21,2.37,2.58,2.55,2.1,11.6,16.2,24.7,32.1,38.2,50.7,42.4,26.7,44.7,25.5,26.4,16.6,9.9,48.5,72.3,39.5,85.9,80.2,84,69.4,6,8.4,33,38.6,48.7,57.8,56.9,64.9,35.9,87.2,89.8,33.8,31.7,59.8,34.9,69.3,52.2,60.2,60.3,34,47.6,70.8,44.5,80.2,70.6,72.2,62.6,64.1,47.9,20.4,50.7,22.3,30.7,34.2,67.9,30.2,47,26.4,70.2,14.2,35.5,66.9,7.2,14.2,61.3,25.7,68.2,12.9,3.6,60.7,6,2.6,1
id_558,2021,Washington,WA,23.69,29.12,24.47,22.72,68.37,5.14,1.47,11.46,13.56,1.18,1.17,2.35,0.16,2.13,2.29,2.85,2.33,13,16,22.8,28.4,27.2,41.2,47.7,24.2,41.1,20.2,28,15.6,10.6,49.6,77.4,41.5,88.1,75.9,79.1,69.2,4.7,7.7,30.9,28.8,56.8,67.2,63.6,71.6,41.1,86.8,86.6,29.1,27.5,52.3,46.9,72.6,65.2,44,48,31.5,52.6,74.8,43.5,82,70.5,71.3,62.8,61.7,47.2,17.5,57.4,23.4,36.6,28.7,63.7,34.5,47.4,25.8,68,10.9,29.2,69.5,8,13.8,66,28.3,64.5,10.8,3.1,54.5,6.6,2.7,0
id_559,2021,West Virginia,WV,22.19,23.95,25.35,28.51,92.77,4.18,0.22,0.97,1.85,0.27,0.27,0.54,0.08,0.52,0.6,0.48,1.54,18.4,13.3,32.2,36.4,38.3,61.9,43.8,28.8,42.1,35.6,32.9,11.5,12.3,38.7,65.7,35.8,81.4,76.3,80.1,64.5,11.5,17.5,46.2,42.7,59.2,66.8,56,65.7,31.2,81.5,88.9,33.8,38.3,66.8,25.8,67,53.5,56.7,66.2,37.9,51.9,69.2,39.1,80,64,70.7,58.7,51.6,39.9,28.2,48.5,15.4,31.9,41,73.2,25.2,50.5,24,56.9,30,58.8,51.2,8.5,20.7,57.5,23.5,65.1,24.1,9.5,45.8,5.4,3.7,2
id_560,2021,Wisconsin,WI,23.96,25.75,24.75,25.54,81.2,7.05,0.99,3.34,7.42,0.88,0.89,1.77,0.21,1.73,1.94,2.1,1.9,11.5,23.5,24.5,30.9,42.1,49.6,47.2,27.1,36.8,23.8,22.9,15.6,10.6,52.9,76.4,48.4,82.7,80.3,83.7,71,4.9,7.4,36.8,41.3,50.6,61,52.3,58.2,33.4,73.2,87.1,30.6,28,57.7,22.9,79,69.7,53.7,52.5,41.9,44.8,78.1,49.1,79.7,84.6,75.6,75.8,72.3,48.3,19.3,55,21.2,33.7,33.5,67.8,30.3,40,21.8,71,12.2,32.6,70.5,6,12.7,65.3,33.1,54,13.8,3.7,59.9,8.4,2.9,0
id_561,2021,Wyoming,WY,25.11,26.19,23.33,25.36,84.61,1.45,2.3,1.19,10.44,0.09,0.09,0.18,0.03,0.17,0.19,0.2,2.21,10,17.2,21.7,27.9,29.3,30.5,28.6,22.6,28.4,28.2,19.9,19.2,9.6,29.8,62.5,32.8,70.6,66.4,76.7,57.3,5.6,9.6,44.5,44.5,47.2,63.3,48.5,70.4,45,75.8,83.3,27.2,27.2,55.1,46.8,62.9,68.5,51.8,50.1,44.2,32,65.8,27.4,71.4,67,57.9,53.7,65,35.4,22.2,54.1,22.9,35.1,32.2,69.3,29.2,41.8,17.2,66.1,17.5,35.6,65.3,17,12.9,66.6,21.7,55.8,17.1,8.1,55.6,6.9,2.1,0
